date,dataset,variable,window,lag,rolling_autocorrelation
2018-10-03,daily_uci,r_uci,500,1,-0.0056284762434628145
2018-10-04,daily_uci,r_uci,500,1,-0.00880898108066025
2018-10-05,daily_uci,r_uci,500,1,0.008849578250507686
2018-10-08,daily_uci,r_uci,500,1,0.008903093165521795
2018-10-09,daily_uci,r_uci,500,1,0.008926906526793784
2018-10-10,daily_uci,r_uci,500,1,0.00882759802669515
2018-10-11,daily_uci,r_uci,500,1,0.008819697767850162
2018-10-12,daily_uci,r_uci,500,1,0.00879361171326828
2018-10-15,daily_uci,r_uci,500,1,0.008727746094506578
2018-10-16,daily_uci,r_uci,500,1,0.009059912882504932
2018-10-17,daily_uci,r_uci,500,1,0.009046403256873272
2018-10-18,daily_uci,r_uci,500,1,0.009067836867489748
2018-10-19,daily_uci,r_uci,500,1,0.009827221674305574
2018-10-22,daily_uci,r_uci,500,1,0.009225646285971466
2018-10-23,daily_uci,r_uci,500,1,0.010689940202907193
2018-10-24,daily_uci,r_uci,500,1,0.009966357725403639
2018-10-25,daily_uci,r_uci,500,1,0.009895877996279886
2018-10-26,daily_uci,r_uci,500,1,0.009991403480085728
2018-10-29,daily_uci,r_uci,500,1,0.009656574712245817
2018-10-30,daily_uci,r_uci,500,1,0.010113368624706243
2018-10-31,daily_uci,r_uci,500,1,0.009346728857234612
2018-11-01,daily_uci,r_uci,500,1,0.009754637814744244
2018-11-02,daily_uci,r_uci,500,1,0.009884044988228471
2018-11-05,daily_uci,r_uci,500,1,0.009822439474021054
2018-11-06,daily_uci,r_uci,500,1,0.009188961575349645
2018-11-07,daily_uci,r_uci,500,1,0.007708399357055535
2018-11-08,daily_uci,r_uci,500,1,0.007238466146493181
2018-11-09,daily_uci,r_uci,500,1,0.010053775624667255
2018-11-12,daily_uci,r_uci,500,1,0.01060643293729831
2018-11-13,daily_uci,r_uci,500,1,0.010759252683268836
2018-11-14,daily_uci,r_uci,500,1,0.010324062221543124
2018-11-15,daily_uci,r_uci,500,1,0.01048884933211384
2018-11-16,daily_uci,r_uci,500,1,0.010485289925537962
2018-11-19,daily_uci,r_uci,500,1,0.003239027649370592
2018-11-20,daily_uci,r_uci,500,1,0.020597916821693044
2018-11-21,daily_uci,r_uci,500,1,0.0210603491393905
2018-11-22,daily_uci,r_uci,500,1,0.02101110778271226
2018-11-23,daily_uci,r_uci,500,1,0.021006275091527044
2018-11-26,daily_uci,r_uci,500,1,0.020999530353914178
2018-11-27,daily_uci,r_uci,500,1,0.021013999016690706
2018-11-28,daily_uci,r_uci,500,1,0.021047515295289275
2018-11-29,daily_uci,r_uci,500,1,0.021436896447811986
2018-11-30,daily_uci,r_uci,500,1,0.02127135151541223
2018-12-03,daily_uci,r_uci,500,1,0.021276994325885146
2018-12-04,daily_uci,r_uci,500,1,0.021279537082389697
2018-12-05,daily_uci,r_uci,500,1,0.02126434732397247
2018-12-06,daily_uci,r_uci,500,1,0.021293517898191415
2018-12-07,daily_uci,r_uci,500,1,0.021090907078796774
2018-12-10,daily_uci,r_uci,500,1,0.021629228807356352
2018-12-11,daily_uci,r_uci,500,1,0.020470747919230987
2018-12-12,daily_uci,r_uci,500,1,0.0202874736702216
2018-12-13,daily_uci,r_uci,500,1,0.020290817024549948
2018-12-14,daily_uci,r_uci,500,1,0.020267758773196292
2018-12-17,daily_uci,r_uci,500,1,0.020020274113858247
2018-12-18,daily_uci,r_uci,500,1,0.019947382262410402
2018-12-19,daily_uci,r_uci,500,1,0.019980354456126014
2018-12-20,daily_uci,r_uci,500,1,0.020010585479041918
2018-12-21,daily_uci,r_uci,500,1,0.019986874928157938
2018-12-24,daily_uci,r_uci,500,1,0.02005068324375024
2018-12-25,daily_uci,r_uci,500,1,0.019907936044537184
2018-12-26,daily_uci,r_uci,500,1,0.019862456527192106
2018-12-27,daily_uci,r_uci,500,1,0.0198599472628096
2018-12-28,daily_uci,r_uci,500,1,0.019853374460960423
2018-12-29,daily_uci,r_uci,500,1,0.019804390862439365
2019-01-04,daily_uci,r_uci,500,1,0.0198623802219237
2019-01-05,daily_uci,r_uci,500,1,0.019887579874996657
2019-01-07,daily_uci,r_uci,500,1,0.01986114223340481
2019-01-08,daily_uci,r_uci,500,1,0.019684420523768488
2019-01-09,daily_uci,r_uci,500,1,0.019777891796314045
2019-01-10,daily_uci,r_uci,500,1,0.01967125184694795
2019-01-11,daily_uci,r_uci,500,1,0.019435535356298356
2019-01-14,daily_uci,r_uci,500,1,0.01910539995120639
2019-01-15,daily_uci,r_uci,500,1,0.020768831291271467
2019-01-16,daily_uci,r_uci,500,1,0.018720219559590946
2019-01-17,daily_uci,r_uci,500,1,-0.014454193351616814
2019-01-18,daily_uci,r_uci,500,1,-0.01411910723493472
2019-01-21,daily_uci,r_uci,500,1,-0.014537175191549305
2019-01-22,daily_uci,r_uci,500,1,-0.01578383760625346
2019-01-23,daily_uci,r_uci,500,1,-0.014804429813412014
2019-01-24,daily_uci,r_uci,500,1,-0.014710408293487286
2019-01-25,daily_uci,r_uci,500,1,-0.014662399707901038
2019-01-28,daily_uci,r_uci,500,1,-0.014572030627041169
2019-01-29,daily_uci,r_uci,500,1,-0.014504076461704322
2019-01-30,daily_uci,r_uci,500,1,-0.014512484096588592
2019-01-31,daily_uci,r_uci,500,1,-0.014519690085949628
2019-02-01,daily_uci,r_uci,500,1,-0.014501352511287294
2019-02-04,daily_uci,r_uci,500,1,-0.01447792684031134
2019-02-05,daily_uci,r_uci,500,1,-0.014473645543725249
2019-02-06,daily_uci,r_uci,500,1,-0.01446452866680332
2019-02-07,daily_uci,r_uci,500,1,-0.014202949636302949
2019-02-08,daily_uci,r_uci,500,1,-0.01399292090553267
2019-02-11,daily_uci,r_uci,500,1,-0.014009726578577207
2019-02-12,daily_uci,r_uci,500,1,-0.014013027121061755
2019-02-13,daily_uci,r_uci,500,1,-0.01401745621288158
2019-02-14,daily_uci,r_uci,500,1,-0.014023371746487585
2019-02-15,daily_uci,r_uci,500,1,-0.014047680748387852
2019-02-18,daily_uci,r_uci,500,1,-0.014135495103123638
2019-02-19,daily_uci,r_uci,500,1,-0.014153488055969641
2019-02-20,daily_uci,r_uci,500,1,-0.014121141794399028
2019-02-21,daily_uci,r_uci,500,1,-0.014160470824217555
2019-02-22,daily_uci,r_uci,500,1,-0.014169789634608817
2019-02-25,daily_uci,r_uci,500,1,-0.0141933206142288
2019-02-26,daily_uci,r_uci,500,1,-0.014208908290782994
2019-02-27,daily_uci,r_uci,500,1,-0.014220688831943589
2019-02-28,daily_uci,r_uci,500,1,-0.014231089381651954
2019-03-01,daily_uci,r_uci,500,1,-0.014221489202309125
2019-03-04,daily_uci,r_uci,500,1,-0.01424791610307091
2019-03-05,daily_uci,r_uci,500,1,-0.0143603139874595
2019-03-06,daily_uci,r_uci,500,1,-0.014382907439951343
2019-03-07,daily_uci,r_uci,500,1,-0.01439073357148585
2019-03-12,daily_uci,r_uci,500,1,-0.009375056770194243
2019-03-13,daily_uci,r_uci,500,1,-0.009298681829343278
2019-03-14,daily_uci,r_uci,500,1,-0.009300942347243893
2019-03-15,daily_uci,r_uci,500,1,-0.009304104992136823
2019-03-18,daily_uci,r_uci,500,1,-0.009305550477030211
2019-03-19,daily_uci,r_uci,500,1,-0.009303552171119387
2019-03-20,daily_uci,r_uci,500,1,-0.00930805325230292
2019-03-25,daily_uci,r_uci,500,1,-0.009310434712395625
2019-03-26,daily_uci,r_uci,500,1,-0.009310409471009485
2019-03-27,daily_uci,r_uci,500,1,-0.009310516289822867
2019-03-28,daily_uci,r_uci,500,1,-0.00930983883420536
2019-03-29,daily_uci,r_uci,500,1,-0.009309640041331209
2019-04-01,daily_uci,r_uci,500,1,-0.009308841233428487
2019-04-02,daily_uci,r_uci,500,1,-0.00931334768356461
2019-04-03,daily_uci,r_uci,500,1,-0.009316520414924086
2019-04-04,daily_uci,r_uci,500,1,-0.009317630988520627
2019-04-05,daily_uci,r_uci,500,1,-0.009318801184130846
2019-04-08,daily_uci,r_uci,500,1,-0.009327955141118692
2019-04-09,daily_uci,r_uci,500,1,-0.009331234333949884
2019-04-10,daily_uci,r_uci,500,1,-0.009330005306742814
2019-04-11,daily_uci,r_uci,500,1,-0.009329322192591558
2019-04-12,daily_uci,r_uci,500,1,-0.009321248486717707
2019-04-15,daily_uci,r_uci,500,1,-0.009259724549534052
2019-04-16,daily_uci,r_uci,500,1,-0.009287458931875726
2019-04-17,daily_uci,r_uci,500,1,-0.009274245623125385
2019-04-18,daily_uci,r_uci,500,1,-0.009272753912948364
2019-04-19,daily_uci,r_uci,500,1,-0.008148945466246723
2019-04-22,daily_uci,r_uci,500,1,-0.008620994073727342
2019-04-23,daily_uci,r_uci,500,1,-0.008624199825286916
2019-04-24,daily_uci,r_uci,500,1,-0.00862412496560457
2019-04-25,daily_uci,r_uci,500,1,-0.008624089422969156
2019-04-26,daily_uci,r_uci,500,1,-0.008624558177297887
2019-04-29,daily_uci,r_uci,500,1,-0.008625846142669993
2019-04-30,daily_uci,r_uci,500,1,-0.009145908132877953
2019-05-01,daily_uci,r_uci,500,1,-0.007479057474086896
2019-05-02,daily_uci,r_uci,500,1,-0.007481140140465142
2019-05-03,daily_uci,r_uci,500,1,-0.0074813446217659365
2019-05-06,daily_uci,r_uci,500,1,-0.00748166730248191
2019-05-07,daily_uci,r_uci,500,1,-0.007480763848694848
2019-05-08,daily_uci,r_uci,500,1,-0.007478217834324295
2019-05-10,daily_uci,r_uci,500,1,-0.007476605981396107
2019-05-13,daily_uci,r_uci,500,1,-0.00747686190845291
2019-05-14,daily_uci,r_uci,500,1,-0.00747724632300832
2019-05-15,daily_uci,r_uci,500,1,-0.007478253088177854
2019-05-16,daily_uci,r_uci,500,1,-0.0074775304662583935
2019-05-17,daily_uci,r_uci,500,1,-0.007468846721668545
2019-05-20,daily_uci,r_uci,500,1,-0.007462292231877961
2019-05-21,daily_uci,r_uci,500,1,-0.007455595006114177
2019-05-22,daily_uci,r_uci,500,1,-0.007455918842249952
2019-05-23,daily_uci,r_uci,500,1,-0.007456018212158954
2019-05-24,daily_uci,r_uci,500,1,-0.007449867451152745
2019-05-27,daily_uci,r_uci,500,1,-0.0074541309813837475
2019-05-28,daily_uci,r_uci,500,1,-0.007449956380111583
2019-05-29,daily_uci,r_uci,500,1,-0.0074264982361521
2019-05-30,daily_uci,r_uci,500,1,-0.0074082409437285345
2019-05-31,daily_uci,r_uci,500,1,-0.007404593667695368
2019-06-01,daily_uci,r_uci,500,1,-0.007401792220226892
2019-06-03,daily_uci,r_uci,500,1,-0.007400762252910139
2019-06-04,daily_uci,r_uci,500,1,-0.007401728008263263
2019-06-07,daily_uci,r_uci,500,1,-0.0074023446694202735
2019-06-10,daily_uci,r_uci,500,1,-0.007401966143740019
2019-06-11,daily_uci,r_uci,500,1,-0.00740272748046432
2019-06-12,daily_uci,r_uci,500,1,-0.007402924901418416
2019-06-13,daily_uci,r_uci,500,1,-0.007395800694825565
2019-06-14,daily_uci,r_uci,500,1,-0.0073920849573155265
2019-06-17,daily_uci,r_uci,500,1,-0.0073938086188978696
2019-06-18,daily_uci,r_uci,500,1,-0.007392736087046693
2019-06-19,daily_uci,r_uci,500,1,-0.007392967463248984
2019-06-20,daily_uci,r_uci,500,1,-0.007399251464689849
2019-06-21,daily_uci,r_uci,500,1,-0.007407416336169794
2019-06-24,daily_uci,r_uci,500,1,-0.007408161740980996
2019-06-25,daily_uci,r_uci,500,1,-0.0074088909156158535
2019-06-26,daily_uci,r_uci,500,1,-0.0074107935947120476
2019-06-27,daily_uci,r_uci,500,1,-0.007413121301534372
2019-06-28,daily_uci,r_uci,500,1,-0.007409806628694847
2019-07-01,daily_uci,r_uci,500,1,-0.007383799576777763
2019-07-02,daily_uci,r_uci,500,1,-0.0073883911911469735
2019-07-03,daily_uci,r_uci,500,1,-0.007389399682788499
2019-07-04,daily_uci,r_uci,500,1,-0.0073861771908647605
2019-07-05,daily_uci,r_uci,500,1,-0.007387667670301351
2019-07-08,daily_uci,r_uci,500,1,-0.007388382173293836
2019-07-09,daily_uci,r_uci,500,1,-0.007387197875916991
2019-07-10,daily_uci,r_uci,500,1,-0.007386597975696495
2019-07-11,daily_uci,r_uci,500,1,-0.007387035434999716
2019-07-12,daily_uci,r_uci,500,1,-0.007387454769328718
2019-07-15,daily_uci,r_uci,500,1,-0.007390744332388566
2019-07-16,daily_uci,r_uci,500,1,-0.007390990619073127
2019-07-17,daily_uci,r_uci,500,1,-0.007389155142130699
2019-07-18,daily_uci,r_uci,500,1,-0.007395447411157683
2019-07-19,daily_uci,r_uci,500,1,-0.007401295247021631
2019-07-22,daily_uci,r_uci,500,1,-0.007402006609265333
2019-07-23,daily_uci,r_uci,500,1,-0.007402418638902692
2019-07-24,daily_uci,r_uci,500,1,-0.0074043160254181105
2019-07-25,daily_uci,r_uci,500,1,-0.0074344529768582005
2019-07-26,daily_uci,r_uci,500,1,-0.007423332092905604
2019-07-29,daily_uci,r_uci,500,1,-0.007431099517401025
2019-07-30,daily_uci,r_uci,500,1,-0.007426909290293951
2019-07-31,daily_uci,r_uci,500,1,-0.0074422987094883136
2019-08-01,daily_uci,r_uci,500,1,-0.007459625029999878
2019-08-02,daily_uci,r_uci,500,1,-0.007455660602602165
2019-08-05,daily_uci,r_uci,500,1,-0.007451746575242722
2019-08-06,daily_uci,r_uci,500,1,-0.00741584587007452
2019-08-07,daily_uci,r_uci,500,1,-0.007588288873228013
2019-08-08,daily_uci,r_uci,500,1,-0.007584858761249033
2019-08-09,daily_uci,r_uci,500,1,-0.007582685224855358
2019-08-12,daily_uci,r_uci,500,1,-0.007581345149359365
2019-08-13,daily_uci,r_uci,500,1,-0.007578542409592395
2019-08-14,daily_uci,r_uci,500,1,-0.007581627915924253
2019-08-15,daily_uci,r_uci,500,1,-0.007600750941947559
2019-08-16,daily_uci,r_uci,500,1,-0.007619263266906968
2019-08-19,daily_uci,r_uci,500,1,-0.0076363673626277245
2019-08-20,daily_uci,r_uci,500,1,-0.007624277617116452
2019-08-21,daily_uci,r_uci,500,1,-0.007616502499578883
2019-08-22,daily_uci,r_uci,500,1,-0.007613492155318128
2019-08-23,daily_uci,r_uci,500,1,-0.00760570394312986
2019-08-26,daily_uci,r_uci,500,1,-0.007605854433951226
2019-08-27,daily_uci,r_uci,500,1,-0.007605561744012275
2019-08-28,daily_uci,r_uci,500,1,-0.007604642231930457
2019-08-29,daily_uci,r_uci,500,1,-0.0076059825873099965
2019-08-30,daily_uci,r_uci,500,1,-0.007613106458851103
2019-09-04,daily_uci,r_uci,500,1,-0.007613203702202365
2019-09-05,daily_uci,r_uci,500,1,-0.007613751650902003
2019-09-06,daily_uci,r_uci,500,1,-0.007634927693433999
2019-09-07,daily_uci,r_uci,500,1,-0.007608656613387904
2019-09-09,daily_uci,r_uci,500,1,-0.007600090765289912
2019-09-10,daily_uci,r_uci,500,1,-0.0076027678968927405
2019-09-11,daily_uci,r_uci,500,1,-0.007601725139069991
2019-09-12,daily_uci,r_uci,500,1,-0.007604537578014497
2019-09-13,daily_uci,r_uci,500,1,-0.007607208009740896
2019-09-16,daily_uci,r_uci,500,1,-0.007608971551817651
2019-09-17,daily_uci,r_uci,500,1,-0.007608562870013208
2019-09-18,daily_uci,r_uci,500,1,-0.007610062509475348
2019-09-19,daily_uci,r_uci,500,1,-0.007611871005666799
2019-09-20,daily_uci,r_uci,500,1,-0.007609894758746225
2019-09-23,daily_uci,r_uci,500,1,-0.007604621263535523
2019-09-24,daily_uci,r_uci,500,1,-0.007611845364926511
2019-09-25,daily_uci,r_uci,500,1,-0.007599134098648953
2019-09-26,daily_uci,r_uci,500,1,-0.00759714569450742
2019-09-27,daily_uci,r_uci,500,1,-0.007597026758459899
2019-09-30,daily_uci,r_uci,500,1,-0.007592797090713897
2019-10-02,daily_uci,r_uci,500,1,-0.007611354483226479
2019-10-03,daily_uci,r_uci,500,1,-0.007622260070076022
2019-10-04,daily_uci,r_uci,500,1,-0.007617884567419029
2019-10-07,daily_uci,r_uci,500,1,-0.007626134384451923
2019-10-08,daily_uci,r_uci,500,1,-0.007636156719079228
2019-10-09,daily_uci,r_uci,500,1,-0.007634669922600671
2019-10-10,daily_uci,r_uci,500,1,-0.007632213594229859
2019-10-11,daily_uci,r_uci,500,1,-0.0076316724206767
2019-10-14,daily_uci,r_uci,500,1,-0.007625400486574328
2019-10-15,daily_uci,r_uci,500,1,-0.007624837362442621
2019-10-16,daily_uci,r_uci,500,1,-0.00762689408204227
2019-10-17,daily_uci,r_uci,500,1,-0.007632342741313075
2019-10-18,daily_uci,r_uci,500,1,-0.007642301934054491
2019-10-21,daily_uci,r_uci,500,1,-0.007692767886125659
2019-10-22,daily_uci,r_uci,500,1,-0.007696625424747572
2019-10-23,daily_uci,r_uci,500,1,-0.00769526454812131
2019-10-24,daily_uci,r_uci,500,1,-0.007695959051248221
2019-10-25,daily_uci,r_uci,500,1,-0.007695986014721368
2019-10-28,daily_uci,r_uci,500,1,-0.007712639865156592
2019-10-29,daily_uci,r_uci,500,1,-0.007754768907061741
2019-10-30,daily_uci,r_uci,500,1,-0.007760342091709748
2019-10-31,daily_uci,r_uci,500,1,-0.00775458267958761
2019-11-01,daily_uci,r_uci,500,1,-0.0077536449204713784
2019-11-04,daily_uci,r_uci,500,1,-0.007753651119793019
2019-11-05,daily_uci,r_uci,500,1,-0.007748755155312062
2019-11-06,daily_uci,r_uci,500,1,-0.007757995450686044
2019-11-07,daily_uci,r_uci,500,1,-0.007765394305595856
2019-11-08,daily_uci,r_uci,500,1,-0.00777134277183262
2019-11-11,daily_uci,r_uci,500,1,-0.00777493294703436
2019-11-12,daily_uci,r_uci,500,1,-0.00776701700651402
2019-11-13,daily_uci,r_uci,500,1,-0.007756587688123702
2019-11-14,daily_uci,r_uci,500,1,-0.007756432650764726
2019-11-15,daily_uci,r_uci,500,1,-0.007754776408749264
2019-11-18,daily_uci,r_uci,500,1,-0.007753131865879729
2019-11-19,daily_uci,r_uci,500,1,-0.007753720688385821
2019-11-20,daily_uci,r_uci,500,1,-0.0077556120099228215
2019-11-21,daily_uci,r_uci,500,1,-0.007754903655788016
2019-11-22,daily_uci,r_uci,500,1,-0.007756426282788641
2019-11-25,daily_uci,r_uci,500,1,-0.00775553696169117
2019-11-26,daily_uci,r_uci,500,1,-0.0077583423825413255
2019-11-27,daily_uci,r_uci,500,1,-0.007776937761286854
2019-11-28,daily_uci,r_uci,500,1,-0.0077663234023281425
2019-11-29,daily_uci,r_uci,500,1,-0.0077567957668886875
2019-12-02,daily_uci,r_uci,500,1,-0.007785566138528767
2019-12-03,daily_uci,r_uci,500,1,-0.0077482888326644034
2019-12-04,daily_uci,r_uci,500,1,-0.0077459517196201855
2019-12-05,daily_uci,r_uci,500,1,-0.007746786378401684
2019-12-06,daily_uci,r_uci,500,1,-0.007749972086230363
2019-12-09,daily_uci,r_uci,500,1,-0.007753476110832334
2019-12-10,daily_uci,r_uci,500,1,-0.0077526072596505015
2019-12-11,daily_uci,r_uci,500,1,-0.0077516345735961925
2019-12-12,daily_uci,r_uci,500,1,-0.007750745673286072
2019-12-13,daily_uci,r_uci,500,1,-0.007748084407316473
2019-12-16,daily_uci,r_uci,500,1,-0.007754896898945755
2019-12-17,daily_uci,r_uci,500,1,-0.007771881702906378
2019-12-18,daily_uci,r_uci,500,1,-0.007742247074202099
2019-12-19,daily_uci,r_uci,500,1,-0.007745750511263128
2019-12-20,daily_uci,r_uci,500,1,-0.00774217285437636
2019-12-23,daily_uci,r_uci,500,1,-0.007796214602563771
2019-12-24,daily_uci,r_uci,500,1,-0.00781188697505382
2019-12-25,daily_uci,r_uci,500,1,-0.007812669471551596
2019-12-26,daily_uci,r_uci,500,1,-0.007813234005393964
2019-12-27,daily_uci,r_uci,500,1,-0.007802354806714793
2019-12-28,daily_uci,r_uci,500,1,-0.007794155898645695
2019-12-30,daily_uci,r_uci,500,1,-0.007768076474254788
2020-01-03,daily_uci,r_uci,500,1,-0.007743502527360431
2020-01-04,daily_uci,r_uci,500,1,-0.007748252267480692
2020-01-06,daily_uci,r_uci,500,1,-0.007749094909641549
2020-01-07,daily_uci,r_uci,500,1,-0.007750978218040777
2020-01-08,daily_uci,r_uci,500,1,-0.007724284421965364
2020-01-09,daily_uci,r_uci,500,1,-0.007722765455717753
2020-01-10,daily_uci,r_uci,500,1,-0.007723643075007849
2020-01-13,daily_uci,r_uci,500,1,-0.007710557634942419
2020-01-14,daily_uci,r_uci,500,1,-0.007743693152083399
2020-01-15,daily_uci,r_uci,500,1,-0.007780863323334631
2020-01-16,daily_uci,r_uci,500,1,-0.007811470915308611
2020-01-17,daily_uci,r_uci,500,1,-0.007810264645980714
2020-01-20,daily_uci,r_uci,500,1,-0.007814893225429106
2020-01-21,daily_uci,r_uci,500,1,-0.007837143058778322
2020-01-22,daily_uci,r_uci,500,1,-0.007842520413582469
2020-01-23,daily_uci,r_uci,500,1,-0.007962654371076268
2020-01-24,daily_uci,r_uci,500,1,-0.007859940462066064
2020-01-27,daily_uci,r_uci,500,1,-0.007866741313959364
2020-01-28,daily_uci,r_uci,500,1,-0.007867724345175256
2020-01-29,daily_uci,r_uci,500,1,-0.007866819561098314
2020-01-30,daily_uci,r_uci,500,1,-0.00786606726338876
2020-01-31,daily_uci,r_uci,500,1,-0.007861468761634642
2020-02-03,daily_uci,r_uci,500,1,-0.007852101893693984
2020-02-04,daily_uci,r_uci,500,1,-0.00786588869127952
2020-02-05,daily_uci,r_uci,500,1,-0.0078434772465923
2020-02-06,daily_uci,r_uci,500,1,-0.007840045909374848
2020-02-07,daily_uci,r_uci,500,1,-0.007843274379237158
2020-02-10,daily_uci,r_uci,500,1,-0.00785175053161621
2020-02-11,daily_uci,r_uci,500,1,-0.00786553548596416
2020-02-12,daily_uci,r_uci,500,1,-0.007860584867952214
2020-02-13,daily_uci,r_uci,500,1,-0.00786646731285836
2020-02-14,daily_uci,r_uci,500,1,-0.007859166342946077
2020-02-17,daily_uci,r_uci,500,1,-0.007847984345600658
2020-02-18,daily_uci,r_uci,500,1,-0.007844195890675214
2020-02-19,daily_uci,r_uci,500,1,-0.007843032308823933
2020-02-20,daily_uci,r_uci,500,1,-0.007847693859614924
2020-02-21,daily_uci,r_uci,500,1,-0.007856950744556264
2020-02-24,daily_uci,r_uci,500,1,-0.007864199488690056
2020-02-25,daily_uci,r_uci,500,1,-0.00786527979447547
2020-02-26,daily_uci,r_uci,500,1,-0.00787398848919045
2020-02-27,daily_uci,r_uci,500,1,-0.007864585082131212
2020-02-28,daily_uci,r_uci,500,1,-0.007858056056257138
2020-03-02,daily_uci,r_uci,500,1,-0.007862032198741578
2020-03-03,daily_uci,r_uci,500,1,-0.007863438687367573
2020-03-04,daily_uci,r_uci,500,1,-0.007863925006387466
2020-03-05,daily_uci,r_uci,500,1,-0.007864542712511979
2020-03-06,daily_uci,r_uci,500,1,-0.007864906001641
2020-03-09,daily_uci,r_uci,500,1,-0.00786704232199108
2020-03-10,daily_uci,r_uci,500,1,-0.007872880531467216
2020-03-11,daily_uci,r_uci,500,1,-0.007862981150466066
2020-03-12,daily_uci,r_uci,500,1,-0.007861203172708477
2020-03-13,daily_uci,r_uci,500,1,-0.007861809267082298
2020-03-16,daily_uci,r_uci,500,1,-0.007861659877050916
2020-03-17,daily_uci,r_uci,500,1,-0.00785997673675801
2020-03-18,daily_uci,r_uci,500,1,-0.007856850566591626
2020-03-19,daily_uci,r_uci,500,1,-0.007859052015516075
2020-03-20,daily_uci,r_uci,500,1,-0.007860693371146128
2020-03-24,daily_uci,r_uci,500,1,-0.00786353613495173
2020-03-25,daily_uci,r_uci,500,1,-0.007897523092663063
2020-03-26,daily_uci,r_uci,500,1,-0.00796311746926643
2020-03-27,daily_uci,r_uci,500,1,-0.007948650544687718
2020-03-30,daily_uci,r_uci,500,1,-0.00792701123461492
2020-03-31,daily_uci,r_uci,500,1,-0.00790036890834086
2020-04-01,daily_uci,r_uci,500,1,-0.00790765633804074
2020-04-02,daily_uci,r_uci,500,1,-0.007918935974254304
2020-04-03,daily_uci,r_uci,500,1,-0.007923076310230984
2020-04-06,daily_uci,r_uci,500,1,-0.00793126802737604
2020-04-07,daily_uci,r_uci,500,1,-0.00790883881281767
2020-04-08,daily_uci,r_uci,500,1,-0.007909607639101588
2020-04-09,daily_uci,r_uci,500,1,-0.00790989539166563
2020-04-10,daily_uci,r_uci,500,1,-0.007911273753106702
2020-04-13,daily_uci,r_uci,500,1,-0.007909972101409306
2020-04-14,daily_uci,r_uci,500,1,-0.007909630734637586
2020-04-15,daily_uci,r_uci,500,1,-0.007907821462600686
2020-04-16,daily_uci,r_uci,500,1,-0.007917014046317195
2020-04-17,daily_uci,r_uci,500,1,-0.007886427974733257
2020-04-20,daily_uci,r_uci,500,1,-0.007887137064791827
2020-04-21,daily_uci,r_uci,500,1,-0.007887467961976034
2020-04-22,daily_uci,r_uci,500,1,-0.007888979100347991
2020-04-23,daily_uci,r_uci,500,1,-0.007879364106395373
2020-04-24,daily_uci,r_uci,500,1,-0.007880782974737053
2020-04-27,daily_uci,r_uci,500,1,-0.007882545127838024
2020-04-28,daily_uci,r_uci,500,1,-0.00791350871817902
2020-04-29,daily_uci,r_uci,500,1,-0.007929020777048242
2020-04-30,daily_uci,r_uci,500,1,-0.007926887483839568
2020-05-01,daily_uci,r_uci,500,1,-0.007929434155732022
2020-05-04,daily_uci,r_uci,500,1,-0.007929606589930945
2020-05-05,daily_uci,r_uci,500,1,-0.007925126873011046
2020-05-06,daily_uci,r_uci,500,1,-0.007921461705995898
2020-05-07,daily_uci,r_uci,500,1,-0.007940134800355486
2020-05-08,daily_uci,r_uci,500,1,-0.00797900362454596
2020-05-11,daily_uci,r_uci,500,1,-0.007972318422495793
2020-05-12,daily_uci,r_uci,500,1,-0.007972505659984499
2020-05-13,daily_uci,r_uci,500,1,-0.007966374062988618
2020-05-14,daily_uci,r_uci,500,1,-0.008049776480999936
2020-05-15,daily_uci,r_uci,500,1,-0.00806012929542284
2020-05-18,daily_uci,r_uci,500,1,-0.008056739389758556
2020-05-19,daily_uci,r_uci,500,1,-0.008023730464188875
2020-05-20,daily_uci,r_uci,500,1,-0.008085419297233063
2020-05-21,daily_uci,r_uci,500,1,-0.008096178356834809
2020-05-22,daily_uci,r_uci,500,1,-0.008097807249196417
2020-05-25,daily_uci,r_uci,500,1,-0.008101127693226615
2020-05-26,daily_uci,r_uci,500,1,-0.008115286986794373
2020-05-27,daily_uci,r_uci,500,1,-0.008116846635470356
2020-05-28,daily_uci,r_uci,500,1,-0.008114269729693679
2020-05-29,daily_uci,r_uci,500,1,-0.008113310582386651
2020-06-01,daily_uci,r_uci,500,1,-0.00811182315759625
2020-06-02,daily_uci,r_uci,500,1,-0.008113154594708589
2020-06-03,daily_uci,r_uci,500,1,-0.00811936959965317
2020-06-04,daily_uci,r_uci,500,1,-0.008116338675858772
2020-06-05,daily_uci,r_uci,500,1,-0.008121189367232657
2020-06-08,daily_uci,r_uci,500,1,-0.008123693706132196
2020-06-09,daily_uci,r_uci,500,1,-0.008126870349609142
2020-06-10,daily_uci,r_uci,500,1,-0.008128937508697627
2020-06-11,daily_uci,r_uci,500,1,-0.008146214821829168
2020-06-12,daily_uci,r_uci,500,1,-0.008193990520769603
2020-06-15,daily_uci,r_uci,500,1,-0.00819221133105374
2020-06-16,daily_uci,r_uci,500,1,-0.008176003636324449
2020-06-17,daily_uci,r_uci,500,1,-0.008183883389696028
2020-06-18,daily_uci,r_uci,500,1,-0.008188105679657413
2020-06-19,daily_uci,r_uci,500,1,-0.008172220703598073
2020-06-22,daily_uci,r_uci,500,1,-0.008175764973509504
2020-06-23,daily_uci,r_uci,500,1,-0.008178159091096308
2020-06-24,daily_uci,r_uci,500,1,-0.008186183144363158
2020-06-25,daily_uci,r_uci,500,1,-0.008195109547408893
2020-06-26,daily_uci,r_uci,500,1,-0.008193929071730596
2020-06-29,daily_uci,r_uci,500,1,-0.008198605951155064
2020-06-30,daily_uci,r_uci,500,1,-0.008197825023134979
2020-07-01,daily_uci,r_uci,500,1,-0.008197434935860781
2020-07-02,daily_uci,r_uci,500,1,-0.008201252692642122
2020-07-03,daily_uci,r_uci,500,1,-0.008201188901173268
2020-07-06,daily_uci,r_uci,500,1,-0.008200806968744284
2020-07-07,daily_uci,r_uci,500,1,-0.00819808389152431
2020-07-08,daily_uci,r_uci,500,1,-0.008201169691685866
2020-07-09,daily_uci,r_uci,500,1,-0.008198490556627568
2020-07-10,daily_uci,r_uci,500,1,-0.008202394042248658
2020-07-13,daily_uci,r_uci,500,1,-0.008202262313778304
2020-07-14,daily_uci,r_uci,500,1,-0.008230427715672587
2020-07-15,daily_uci,r_uci,500,1,-0.008255933219487826
2020-07-16,daily_uci,r_uci,500,1,-0.008238128661193413
2020-07-17,daily_uci,r_uci,500,1,-0.008235819138052686
2020-07-20,daily_uci,r_uci,500,1,-0.008235218171888097
2020-07-21,daily_uci,r_uci,500,1,-0.008239167126957225
2020-07-22,daily_uci,r_uci,500,1,-0.008243739451874685
2020-07-23,daily_uci,r_uci,500,1,-0.008238517828807593
2020-07-24,daily_uci,r_uci,500,1,-0.008237586321617476
2020-07-27,daily_uci,r_uci,500,1,-0.008238547927582104
2020-07-28,daily_uci,r_uci,500,1,-0.008239347695118361
2020-07-29,daily_uci,r_uci,500,1,-0.008246752440839483
2020-07-30,daily_uci,r_uci,500,1,-0.008269919044345693
2020-08-03,daily_uci,r_uci,500,1,-0.008295235004482242
2020-08-05,daily_uci,r_uci,500,1,-0.008296369596807626
2020-08-06,daily_uci,r_uci,500,1,-0.008297898445598155
2020-08-07,daily_uci,r_uci,500,1,-0.008294123456992443
2020-08-10,daily_uci,r_uci,500,1,-0.008290003536137626
2020-08-11,daily_uci,r_uci,500,1,-0.008292185473450354
2020-08-12,daily_uci,r_uci,500,1,-0.00827125491665052
2020-08-13,daily_uci,r_uci,500,1,-0.008268471192034664
2020-08-14,daily_uci,r_uci,500,1,-0.008264285190875539
2020-08-17,daily_uci,r_uci,500,1,-0.008273167127462101
2020-08-18,daily_uci,r_uci,500,1,-0.0082779311832765
2020-08-19,daily_uci,r_uci,500,1,-0.008278721917573315
2020-08-20,daily_uci,r_uci,500,1,-0.008278921446168767
2020-08-21,daily_uci,r_uci,500,1,-0.008281894572519299
2020-08-24,daily_uci,r_uci,500,1,-0.008337057108896265
2020-08-25,daily_uci,r_uci,500,1,-0.008327393500255137
2020-08-26,daily_uci,r_uci,500,1,-0.008341334453443379
2020-08-27,daily_uci,r_uci,500,1,-0.00838881601818692
2020-08-28,daily_uci,r_uci,500,1,-0.008389162811316195
2020-08-29,daily_uci,r_uci,500,1,-0.008388601350926788
2020-09-02,daily_uci,r_uci,500,1,-0.008390298658886726
2020-09-03,daily_uci,r_uci,500,1,-0.008395730989437591
2020-09-04,daily_uci,r_uci,500,1,-0.008415213372679385
2020-09-07,daily_uci,r_uci,500,1,-0.008394586536884296
2020-09-08,daily_uci,r_uci,500,1,-0.008419128487137658
2020-09-09,daily_uci,r_uci,500,1,-0.008405358120385797
2020-09-10,daily_uci,r_uci,500,1,-0.008404757718566103
2020-09-11,daily_uci,r_uci,500,1,-0.008400439803414598
2020-09-14,daily_uci,r_uci,500,1,-0.008372032203921177
2020-09-15,daily_uci,r_uci,500,1,-0.008412462642880201
2020-09-16,daily_uci,r_uci,500,1,-0.00839256254370794
2020-09-17,daily_uci,r_uci,500,1,-0.008396151079580248
2020-09-18,daily_uci,r_uci,500,1,-0.008395909318750455
2020-09-21,daily_uci,r_uci,500,1,-0.008400509256667018
2020-09-22,daily_uci,r_uci,500,1,-0.008401021948975417
2020-09-23,daily_uci,r_uci,500,1,-0.008472377364419378
2020-09-24,daily_uci,r_uci,500,1,-0.00851340591213661
2020-09-25,daily_uci,r_uci,500,1,-0.008526244871815077
2020-09-28,daily_uci,r_uci,500,1,-0.008548860347322605
2020-09-29,daily_uci,r_uci,500,1,-0.00857094654269949
2020-09-30,daily_uci,r_uci,500,1,-0.008547429966874187
2020-10-02,daily_uci,r_uci,500,1,-0.00854839401846691
2020-10-05,daily_uci,r_uci,500,1,-0.008548462536060916
2020-10-06,daily_uci,r_uci,500,1,-0.00859837460427506
2020-10-07,daily_uci,r_uci,500,1,-0.008585693063517785
2020-10-08,daily_uci,r_uci,500,1,-0.008600859978475553
2020-10-09,daily_uci,r_uci,500,1,-0.008653003921776202
2020-10-12,daily_uci,r_uci,500,1,-0.008656078873613452
2020-10-13,daily_uci,r_uci,500,1,-0.00866250888328755
2020-10-14,daily_uci,r_uci,500,1,-0.008668025826926065
2020-10-15,daily_uci,r_uci,500,1,-0.00867734867571553
2020-10-16,daily_uci,r_uci,500,1,-0.008678681582138324
2020-10-19,daily_uci,r_uci,500,1,-0.008678443044956413
2020-10-20,daily_uci,r_uci,500,1,-0.00867007539409579
2020-10-21,daily_uci,r_uci,500,1,-0.008717189303048213
2020-10-22,daily_uci,r_uci,500,1,-0.00871448198650948
2020-10-23,daily_uci,r_uci,500,1,-0.008718795092656833
2020-10-26,daily_uci,r_uci,500,1,-0.008712322036224329
2020-10-27,daily_uci,r_uci,500,1,-0.00871754432364896
2020-10-28,daily_uci,r_uci,500,1,-0.008712884074872728
2020-10-29,daily_uci,r_uci,500,1,-0.00873741059833304
2020-10-30,daily_uci,r_uci,500,1,-0.008735035605084422
2020-11-02,daily_uci,r_uci,500,1,-0.008746288940197558
2020-11-03,daily_uci,r_uci,500,1,-0.008739025275018318
2020-11-04,daily_uci,r_uci,500,1,-0.008758878795331349
2020-11-05,daily_uci,r_uci,500,1,-0.008734830298337267
2020-11-06,daily_uci,r_uci,500,1,-0.0087241565869851
2020-11-09,daily_uci,r_uci,500,1,-0.00872883889393063
2020-11-10,daily_uci,r_uci,500,1,-0.009141175055902588
2020-11-11,daily_uci,r_uci,500,1,-0.009071929728484475
2020-11-12,daily_uci,r_uci,500,1,-0.009060704523507945
2020-11-13,daily_uci,r_uci,500,1,-0.009062114399824425
2020-11-16,daily_uci,r_uci,500,1,-0.009058840041763336
2020-11-17,daily_uci,r_uci,500,1,-0.009082413705564788
2020-11-18,daily_uci,r_uci,500,1,-0.009014321924989062
2020-11-19,daily_uci,r_uci,500,1,-0.008980790612821634
2020-11-20,daily_uci,r_uci,500,1,-0.00901244818823634
2020-11-23,daily_uci,r_uci,500,1,-0.008972553785811374
2020-11-24,daily_uci,r_uci,500,1,-0.009012989908902298
2020-11-25,daily_uci,r_uci,500,1,-0.008991241527802342
2020-11-26,daily_uci,r_uci,500,1,-0.008983475928898258
2020-11-27,daily_uci,r_uci,500,1,-0.009001695525360193
2020-11-30,daily_uci,r_uci,500,1,-0.009046582920428838
2020-12-01,daily_uci,r_uci,500,1,-0.009058678962843137
2020-12-02,daily_uci,r_uci,500,1,-0.009058255901510295
2020-12-03,daily_uci,r_uci,500,1,-0.009060311783187456
2020-12-04,daily_uci,r_uci,500,1,-0.009061274842815005
2020-12-07,daily_uci,r_uci,500,1,-0.00905761657608158
2020-12-09,daily_uci,r_uci,500,1,-0.009052950328673974
2020-12-10,daily_uci,r_uci,500,1,-0.009052458784546292
2020-12-11,daily_uci,r_uci,500,1,-0.009053129289424628
2020-12-14,daily_uci,r_uci,500,1,-0.009035025931661412
2020-12-15,daily_uci,r_uci,500,1,-0.009103582205849118
2020-12-16,daily_uci,r_uci,500,1,-0.008991839194267054
2020-12-17,daily_uci,r_uci,500,1,-0.009043999017043758
2020-12-18,daily_uci,r_uci,500,1,-0.009055461409658794
2020-12-21,daily_uci,r_uci,500,1,-0.009075704666083532
2020-12-22,daily_uci,r_uci,500,1,-0.009136150252275606
2020-12-24,daily_uci,r_uci,500,1,-0.00910786133725518
2020-12-25,daily_uci,r_uci,500,1,-0.009114573091424336
2020-12-28,daily_uci,r_uci,500,1,-0.009110929363397267
2020-12-29,daily_uci,r_uci,500,1,-0.009112133446474765
2020-12-30,daily_uci,r_uci,500,1,-0.00910890383688644
2020-12-31,daily_uci,r_uci,500,1,-0.009119738292482719
2021-01-04,daily_uci,r_uci,500,1,-0.00913469275241431
2021-01-05,daily_uci,r_uci,500,1,-0.009111152365176995
2021-01-06,daily_uci,r_uci,500,1,-0.009139254212264372
2021-01-07,daily_uci,r_uci,500,1,-0.009113980881885277
2021-01-08,daily_uci,r_uci,500,1,-0.009744919793896526
2021-01-11,daily_uci,r_uci,500,1,-0.00765515893969147
2021-01-12,daily_uci,r_uci,500,1,-0.007434630951686804
2021-01-13,daily_uci,r_uci,500,1,-0.006670745031289602
2021-01-14,daily_uci,r_uci,500,1,-0.007137285122483005
2021-01-15,daily_uci,r_uci,500,1,-0.007135062605742928
2021-01-18,daily_uci,r_uci,500,1,-0.007129312658614211
2021-01-19,daily_uci,r_uci,500,1,-0.007132615026893444
2021-01-20,daily_uci,r_uci,500,1,-0.007127671072067813
2021-01-21,daily_uci,r_uci,500,1,-0.007114825469418205
2021-01-22,daily_uci,r_uci,500,1,-0.0071109504481545885
2021-01-25,daily_uci,r_uci,500,1,-0.007119819068036505
2021-01-26,daily_uci,r_uci,500,1,-0.007174257848052011
2021-01-27,daily_uci,r_uci,500,1,-0.007351016964412299
2021-01-28,daily_uci,r_uci,500,1,-0.00737450055901439
2021-01-29,daily_uci,r_uci,500,1,-0.007482792783884659
2021-02-01,daily_uci,r_uci,500,1,-0.00747644729327577
2021-02-02,daily_uci,r_uci,500,1,-0.007446261873433074
2021-02-03,daily_uci,r_uci,500,1,-0.007384305582488092
2021-02-04,daily_uci,r_uci,500,1,-0.007238952547064728
2021-02-05,daily_uci,r_uci,500,1,-0.007364764779288455
2021-02-08,daily_uci,r_uci,500,1,-0.007399973988093815
2021-02-09,daily_uci,r_uci,500,1,-0.007233459329409186
2021-02-10,daily_uci,r_uci,500,1,-0.006847408833997921
2021-02-11,daily_uci,r_uci,500,1,-0.0063822426536780125
2021-02-12,daily_uci,r_uci,500,1,-0.005774484139092136
2021-02-15,daily_uci,r_uci,500,1,-0.00504831245186517
2021-02-16,daily_uci,r_uci,500,1,-0.004332348974256212
2021-02-17,daily_uci,r_uci,500,1,-0.003088847814073582
2021-02-18,daily_uci,r_uci,500,1,-0.0013124093876998454
2021-02-19,daily_uci,r_uci,500,1,0.0009626699507388156
2021-02-22,daily_uci,r_uci,500,1,0.004940605935543845
2021-02-23,daily_uci,r_uci,500,1,0.009291421757206299
2021-02-24,daily_uci,r_uci,500,1,0.012852222480690862
2021-02-25,daily_uci,r_uci,500,1,0.012886127065656292
2021-02-26,daily_uci,r_uci,500,1,0.012892746356852796
2021-03-01,daily_uci,r_uci,500,1,0.00971213402528471
2021-03-02,daily_uci,r_uci,500,1,0.021617982141009566
2021-03-03,daily_uci,r_uci,500,1,0.021551035727736808
2021-03-04,daily_uci,r_uci,500,1,0.021542265109232885
2021-03-05,daily_uci,r_uci,500,1,0.02182665898773135
2021-03-09,daily_uci,r_uci,500,1,0.0174471084958344
2021-03-10,daily_uci,r_uci,500,1,0.022333994178771743
2021-03-11,daily_uci,r_uci,500,1,0.022457857769347164
2021-03-12,daily_uci,r_uci,500,1,0.022329522342963485
2021-03-15,daily_uci,r_uci,500,1,0.022223675138757133
2021-03-16,daily_uci,r_uci,500,1,0.022315952724287314
2021-03-17,daily_uci,r_uci,500,1,0.019402690690969737
2021-03-18,daily_uci,r_uci,500,1,0.016589227686772536
2021-03-19,daily_uci,r_uci,500,1,0.014219682392713059
2021-03-23,daily_uci,r_uci,500,1,0.01398826578897078
2021-03-24,daily_uci,r_uci,500,1,0.014378970091440657
2021-03-25,daily_uci,r_uci,500,1,0.014209535655183384
2021-03-26,daily_uci,r_uci,500,1,0.014069372120010644
2021-03-27,daily_uci,r_uci,500,1,0.014838564934925138
2021-03-29,daily_uci,r_uci,500,1,0.015523651001025507
2021-03-30,daily_uci,r_uci,500,1,0.016931253407934287
2021-03-31,daily_uci,r_uci,500,1,0.017377988872989737
2021-04-01,daily_uci,r_uci,500,1,0.01711104852985393
2021-04-02,daily_uci,r_uci,500,1,0.017771027448870654
2021-04-05,daily_uci,r_uci,500,1,0.016317861753629495
2021-04-06,daily_uci,r_uci,500,1,0.016488700189968907
2021-04-07,daily_uci,r_uci,500,1,0.024300504666943116
2021-04-08,daily_uci,r_uci,500,1,0.036502375679770625
2021-04-09,daily_uci,r_uci,500,1,0.03581926823353276
2021-04-12,daily_uci,r_uci,500,1,0.03604707464943728
2021-04-13,daily_uci,r_uci,500,1,0.03609529071142204
2021-04-14,daily_uci,r_uci,500,1,0.036243692830383756
2021-04-15,daily_uci,r_uci,500,1,0.036286833136894535
2021-04-16,daily_uci,r_uci,500,1,0.09777620446867177
2021-04-19,daily_uci,r_uci,500,1,0.2079836506139108
2021-04-20,daily_uci,r_uci,500,1,0.2117244333154683
2021-04-21,daily_uci,r_uci,500,1,0.21360138725238303
2021-04-22,daily_uci,r_uci,500,1,0.21267804230925913
2021-04-23,daily_uci,r_uci,500,1,0.21361333256662557
2021-04-26,daily_uci,r_uci,500,1,0.20844922117935813
2021-04-27,daily_uci,r_uci,500,1,0.209025755192982
2021-04-28,daily_uci,r_uci,500,1,0.20930335253206614
2021-04-29,daily_uci,r_uci,500,1,0.20948806140124243
2021-04-30,daily_uci,r_uci,500,1,0.20746193383883016
2021-05-03,daily_uci,r_uci,500,1,0.20393995116625904
2021-05-04,daily_uci,r_uci,500,1,0.20495696496761612
2021-05-05,daily_uci,r_uci,500,1,0.20508851126644326
2021-05-06,daily_uci,r_uci,500,1,0.19804990928120414
2021-05-07,daily_uci,r_uci,500,1,0.17170921375410234
2021-05-10,daily_uci,r_uci,500,1,0.16603313093625272
2021-05-11,daily_uci,r_uci,500,1,0.16739991026576373
2021-05-12,daily_uci,r_uci,500,1,0.16497381103917433
2021-05-17,daily_uci,r_uci,500,1,0.16197827718894517
2021-05-18,daily_uci,r_uci,500,1,0.1641236848600442
2021-05-19,daily_uci,r_uci,500,1,0.16199407528089438
2021-05-20,daily_uci,r_uci,500,1,0.16238239933822451
2021-05-21,daily_uci,r_uci,500,1,0.1613845895267728
2021-05-24,daily_uci,r_uci,500,1,0.16292312244045495
2021-05-25,daily_uci,r_uci,500,1,0.16417499099845428
2021-05-26,daily_uci,r_uci,500,1,0.16568265519037248
2021-05-27,daily_uci,r_uci,500,1,0.1671952720144876
2021-05-28,daily_uci,r_uci,500,1,0.16449096049400566
2021-05-31,daily_uci,r_uci,500,1,0.16397788846280187
2021-06-01,daily_uci,r_uci,500,1,0.1640168300989893
2021-06-02,daily_uci,r_uci,500,1,0.16406266024121152
2021-06-03,daily_uci,r_uci,500,1,0.16406980377975622
2021-06-04,daily_uci,r_uci,500,1,0.1640026121493931
2021-06-07,daily_uci,r_uci,500,1,0.163995225717399
2021-06-08,daily_uci,r_uci,500,1,0.16401170234848006
2021-06-09,daily_uci,r_uci,500,1,0.1640521040548666
2021-06-10,daily_uci,r_uci,500,1,0.1640497129787996
2021-06-11,daily_uci,r_uci,500,1,0.16407194357072397
2021-06-14,daily_uci,r_uci,500,1,0.16416153450741958
2021-06-15,daily_uci,r_uci,500,1,0.164225188867271
2021-06-16,daily_uci,r_uci,500,1,0.16420045095929559
2021-06-17,daily_uci,r_uci,500,1,0.1641343181712894
2021-06-18,daily_uci,r_uci,500,1,0.16385006215287382
2021-06-21,daily_uci,r_uci,500,1,0.16337948662227564
2021-06-22,daily_uci,r_uci,500,1,0.1630801013860755
2021-06-23,daily_uci,r_uci,500,1,0.16312584619065287
2021-06-24,daily_uci,r_uci,500,1,0.16307839198490995
2021-06-25,daily_uci,r_uci,500,1,0.1637827678439371
2021-06-28,daily_uci,r_uci,500,1,0.14782159982676368
2021-06-29,daily_uci,r_uci,500,1,0.1605424673807105
2021-06-30,daily_uci,r_uci,500,1,0.16303587490760593
2021-07-01,daily_uci,r_uci,500,1,0.16242113230513305
2021-07-02,daily_uci,r_uci,500,1,0.1626926348485174
2021-07-05,daily_uci,r_uci,500,1,0.16282102640125676
2021-07-06,daily_uci,r_uci,500,1,0.1630607105863937
2021-07-07,daily_uci,r_uci,500,1,0.16252676749581174
2021-07-08,daily_uci,r_uci,500,1,0.16238819384862674
2021-07-09,daily_uci,r_uci,500,1,0.16142254180563162
2021-07-12,daily_uci,r_uci,500,1,0.15418828526555653
2021-07-13,daily_uci,r_uci,500,1,0.14747909326927577
2021-07-14,daily_uci,r_uci,500,1,0.14727321336051238
2021-07-15,daily_uci,r_uci,500,1,0.1469085598716251
2021-07-16,daily_uci,r_uci,500,1,0.14749762884863052
2021-07-17,daily_uci,r_uci,500,1,0.14583219641137152
2021-07-19,daily_uci,r_uci,500,1,0.14366452540318297
2021-07-23,daily_uci,r_uci,500,1,0.1433876903835183
2021-07-24,daily_uci,r_uci,500,1,0.14332654059721014
2021-07-26,daily_uci,r_uci,500,1,0.14310991736942394
2021-07-27,daily_uci,r_uci,500,1,0.14581705330316047
2021-07-28,daily_uci,r_uci,500,1,0.14575764842006012
2021-07-29,daily_uci,r_uci,500,1,0.14545732944864104
2021-07-30,daily_uci,r_uci,500,1,0.14483548138655475
2021-08-02,daily_uci,r_uci,500,1,0.1335067154631963
2021-08-03,daily_uci,r_uci,500,1,0.13368832767319117
2021-08-04,daily_uci,r_uci,500,1,0.1341224461699493
2021-08-05,daily_uci,r_uci,500,1,0.13422749435131612
2021-08-06,daily_uci,r_uci,500,1,0.1347726580766269
2021-08-09,daily_uci,r_uci,500,1,0.13453992523931513
2021-08-10,daily_uci,r_uci,500,1,0.13400519168689554
2021-08-11,daily_uci,r_uci,500,1,0.12368115844757546
2021-08-12,daily_uci,r_uci,500,1,0.12022457699330802
2021-08-13,daily_uci,r_uci,500,1,0.12011462387695225
2021-08-16,daily_uci,r_uci,500,1,0.12050149668599165
2021-08-17,daily_uci,r_uci,500,1,0.11342465966165205
2021-08-18,daily_uci,r_uci,500,1,0.10830460502990759
2021-08-19,daily_uci,r_uci,500,1,0.10840229224138524
2021-08-20,daily_uci,r_uci,500,1,0.10835539704017262
2021-08-23,daily_uci,r_uci,500,1,0.10676298367023702
2021-08-24,daily_uci,r_uci,500,1,0.10619905364703933
2021-08-25,daily_uci,r_uci,500,1,0.10449164772471087
2021-08-26,daily_uci,r_uci,500,1,0.10504850470374642
2021-08-27,daily_uci,r_uci,500,1,0.10549608354170224
2021-08-30,daily_uci,r_uci,500,1,0.10792774058643978
2021-08-31,daily_uci,r_uci,500,1,0.10879217030505746
2021-09-06,daily_uci,r_uci,500,1,0.10881269622789781
2021-09-07,daily_uci,r_uci,500,1,0.10877437120197211
2021-09-08,daily_uci,r_uci,500,1,0.10870055136522902
2021-09-09,daily_uci,r_uci,500,1,0.10870966140679865
2021-09-10,daily_uci,r_uci,500,1,0.10853920896077209
2021-09-13,daily_uci,r_uci,500,1,0.10925505511837863
2021-09-14,daily_uci,r_uci,500,1,0.10828423913531154
2021-09-15,daily_uci,r_uci,500,1,0.10702394391877662
2021-09-16,daily_uci,r_uci,500,1,0.10595227790806988
2021-09-17,daily_uci,r_uci,500,1,0.10588808601816728
2021-09-20,daily_uci,r_uci,500,1,0.105890591688
2021-09-21,daily_uci,r_uci,500,1,0.10585538706069376
2021-09-22,daily_uci,r_uci,500,1,0.10596154734022392
2021-09-23,daily_uci,r_uci,500,1,0.10550530883935774
2021-09-24,daily_uci,r_uci,500,1,0.10527331161241359
2021-09-27,daily_uci,r_uci,500,1,0.10485889570511076
2021-09-28,daily_uci,r_uci,500,1,0.10515436918674523
2021-09-29,daily_uci,r_uci,500,1,0.1041128569826621
2021-09-30,daily_uci,r_uci,500,1,0.10911651443189742
2021-10-04,daily_uci,r_uci,500,1,0.1076743731327385
2021-10-05,daily_uci,r_uci,500,1,0.10816946499760138
2021-10-06,daily_uci,r_uci,500,1,0.10155615170911114
2021-10-07,daily_uci,r_uci,500,1,0.09818716917961084
2021-10-08,daily_uci,r_uci,500,1,0.09829484107767389
2021-10-11,daily_uci,r_uci,500,1,0.09850708916576885
2021-10-12,daily_uci,r_uci,500,1,0.09856811257843952
2021-10-13,daily_uci,r_uci,500,1,0.09867752624979521
2021-10-14,daily_uci,r_uci,500,1,0.09870099783200659
2021-10-15,daily_uci,r_uci,500,1,0.09851805654646134
2021-10-18,daily_uci,r_uci,500,1,0.09737945417316245
2021-10-19,daily_uci,r_uci,500,1,0.09685208994015822
2021-10-20,daily_uci,r_uci,500,1,0.09516412302945383
2021-10-21,daily_uci,r_uci,500,1,0.09443800955663623
2021-10-22,daily_uci,r_uci,500,1,0.09418859235199274
2021-10-25,daily_uci,r_uci,500,1,0.09408645785674448
2021-10-26,daily_uci,r_uci,500,1,0.09388155394351012
2021-10-27,daily_uci,r_uci,500,1,0.09409443656346905
2021-10-28,daily_uci,r_uci,500,1,0.09420228080908112
2021-10-29,daily_uci,r_uci,500,1,0.0942884747833486
2021-11-01,daily_uci,r_uci,500,1,0.09411197880270011
2021-11-02,daily_uci,r_uci,500,1,0.09518687188886324
2021-11-03,daily_uci,r_uci,500,1,0.0936480943008272
2021-11-04,daily_uci,r_uci,500,1,0.09438625300400152
2021-11-05,daily_uci,r_uci,500,1,0.09419748042407737
2021-11-08,daily_uci,r_uci,500,1,0.09449916554492929
2021-11-09,daily_uci,r_uci,500,1,0.09704990517072297
2021-11-10,daily_uci,r_uci,500,1,0.09585923452812777
2021-11-11,daily_uci,r_uci,500,1,0.09466994470539852
2021-11-12,daily_uci,r_uci,500,1,0.09622725441681039
2021-11-15,daily_uci,r_uci,500,1,0.09645777628482598
2021-11-16,daily_uci,r_uci,500,1,0.0962260052065189
2021-11-17,daily_uci,r_uci,500,1,0.09669832084377457
2021-11-18,daily_uci,r_uci,500,1,0.09671533411866311
2021-11-19,daily_uci,r_uci,500,1,0.09613098726471526
2021-11-22,daily_uci,r_uci,500,1,0.09792526954453462
2021-11-23,daily_uci,r_uci,500,1,0.09938378008629556
2021-11-24,daily_uci,r_uci,500,1,0.1005744900167173
2021-11-25,daily_uci,r_uci,500,1,0.10487244776578306
2021-11-26,daily_uci,r_uci,500,1,0.1103378062443416
2021-11-29,daily_uci,r_uci,500,1,0.11163029275059679
2021-11-30,daily_uci,r_uci,500,1,0.11307510332638919
2021-12-01,daily_uci,r_uci,500,1,0.13160528341790137
2021-12-02,daily_uci,r_uci,500,1,0.14655849457979095
2021-12-03,daily_uci,r_uci,500,1,0.14222753998302876
2021-12-06,daily_uci,r_uci,500,1,0.14232222677472864
2021-12-14,daily_uci,r_uci,500,1,0.142478648829378
2021-12-15,daily_uci,r_uci,500,1,0.14118800769616985
2021-12-16,daily_uci,r_uci,500,1,0.13882480845639192
2021-12-17,daily_uci,r_uci,500,1,0.13862819799973086
2021-12-20,daily_uci,r_uci,500,1,0.13850437244670236
2021-12-21,daily_uci,r_uci,500,1,0.13930413091244392
2021-12-22,daily_uci,r_uci,500,1,0.13912735180948527
2021-12-23,daily_uci,r_uci,500,1,0.13854290970486433
2021-12-24,daily_uci,r_uci,500,1,0.13865078357979
2021-12-27,daily_uci,r_uci,500,1,0.13864777478014154
2021-12-28,daily_uci,r_uci,500,1,0.1385123213305783
2021-12-29,daily_uci,r_uci,500,1,0.13826216849294362
2021-12-30,daily_uci,r_uci,500,1,0.13913039516496142
2022-01-05,daily_uci,r_uci,500,1,0.1400808229051544
2022-01-06,daily_uci,r_uci,500,1,0.13859369913662947
2022-01-07,daily_uci,r_uci,500,1,0.13668920666793363
2022-01-08,daily_uci,r_uci,500,1,0.13639617878004826
2022-01-10,daily_uci,r_uci,500,1,0.13636295376208962
2022-01-11,daily_uci,r_uci,500,1,0.1355669531356383
2022-01-12,daily_uci,r_uci,500,1,0.1331966132342745
2022-01-13,daily_uci,r_uci,500,1,0.13338529539531055
2022-01-14,daily_uci,r_uci,500,1,0.13380479463332556
2022-01-17,daily_uci,r_uci,500,1,0.13426074026280732
2022-01-18,daily_uci,r_uci,500,1,0.13404118619447938
2022-01-19,daily_uci,r_uci,500,1,0.13387595033250535
2022-01-20,daily_uci,r_uci,500,1,0.13393617047210207
2022-01-21,daily_uci,r_uci,500,1,0.1337020788563746
2022-01-24,daily_uci,r_uci,500,1,0.13508511613733493
2022-01-25,daily_uci,r_uci,500,1,0.13385725679088684
2022-01-26,daily_uci,r_uci,500,1,0.13369390607747966
2022-01-27,daily_uci,r_uci,500,1,0.13378692748885623
2022-01-28,daily_uci,r_uci,500,1,0.13313736754653344
2022-01-31,daily_uci,r_uci,500,1,0.1332096631059554
2022-02-01,daily_uci,r_uci,500,1,0.13336188235915136
2022-02-02,daily_uci,r_uci,500,1,0.13348021078306568
2022-02-03,daily_uci,r_uci,500,1,0.1335247497684883
2022-02-04,daily_uci,r_uci,500,1,0.13225422402633122
2022-02-07,daily_uci,r_uci,500,1,0.13346640081409072
2022-02-08,daily_uci,r_uci,500,1,0.13355283918886926
2022-02-09,daily_uci,r_uci,500,1,0.1333831471286722
2022-02-10,daily_uci,r_uci,500,1,0.1325123244771002
2022-02-11,daily_uci,r_uci,500,1,0.1315842168697318
2022-02-14,daily_uci,r_uci,500,1,0.1342055895801404
2022-02-15,daily_uci,r_uci,500,1,0.1404123046744669
2022-02-16,daily_uci,r_uci,500,1,0.14182505824954672
2022-02-17,daily_uci,r_uci,500,1,0.14138147998650782
2022-02-18,daily_uci,r_uci,500,1,0.14153574024858565
2022-02-21,daily_uci,r_uci,500,1,0.14169376217075488
2022-02-22,daily_uci,r_uci,500,1,0.14139050584280866
2022-02-23,daily_uci,r_uci,500,1,0.13866006354240437
2022-02-24,daily_uci,r_uci,500,1,0.13838581017001408
2022-02-25,daily_uci,r_uci,500,1,0.13847289893159256
2022-02-28,daily_uci,r_uci,500,1,0.13709048002581034
2022-03-01,daily_uci,r_uci,500,1,0.1351638626731238
2022-03-02,daily_uci,r_uci,500,1,0.13499971270980798
2022-03-03,daily_uci,r_uci,500,1,0.13489492681212673
2022-03-04,daily_uci,r_uci,500,1,0.13380789360545878
2022-03-07,daily_uci,r_uci,500,1,0.13391309394796755
2022-03-09,daily_uci,r_uci,500,1,0.13401669367425104
2022-03-10,daily_uci,r_uci,500,1,0.13421115544295595
2022-03-11,daily_uci,r_uci,500,1,0.13445573172659114
2022-03-14,daily_uci,r_uci,500,1,0.13588088648937782
2022-03-15,daily_uci,r_uci,500,1,0.135566150346258
2022-03-16,daily_uci,r_uci,500,1,0.13549266621479142
2022-03-17,daily_uci,r_uci,500,1,0.13535777258132864
2022-03-18,daily_uci,r_uci,500,1,0.13516932103522883
2022-03-24,daily_uci,r_uci,500,1,0.13506403833459632
2022-03-25,daily_uci,r_uci,500,1,0.13500052590447964
2022-03-28,daily_uci,r_uci,500,1,0.13428209059389823
2022-03-29,daily_uci,r_uci,500,1,0.13388075394145957
2022-03-30,daily_uci,r_uci,500,1,0.13281414822831633
2022-03-31,daily_uci,r_uci,500,1,0.12999338324554927
2022-04-01,daily_uci,r_uci,500,1,0.1306451738475469
2022-04-04,daily_uci,r_uci,500,1,0.12965062305240765
2022-04-05,daily_uci,r_uci,500,1,0.1293152635067926
2022-04-06,daily_uci,r_uci,500,1,0.12944928291937752
2022-04-07,daily_uci,r_uci,500,1,0.1298637514727474
2022-04-08,daily_uci,r_uci,500,1,0.12986751442413375
2022-04-11,daily_uci,r_uci,500,1,0.12988786434388
2022-04-12,daily_uci,r_uci,500,1,0.13090617601526744
2022-04-13,daily_uci,r_uci,500,1,0.13477412410308376
2022-04-14,daily_uci,r_uci,500,1,0.13560140926767264
2022-04-15,daily_uci,r_uci,500,1,0.13632801525012628
2022-04-18,daily_uci,r_uci,500,1,0.13628700670470714
2022-04-19,daily_uci,r_uci,500,1,0.13447267798159934
2022-04-20,daily_uci,r_uci,500,1,0.15650165889672324
2022-04-21,daily_uci,r_uci,500,1,0.17562263654531324
2022-04-22,daily_uci,r_uci,500,1,0.21764570352272722
2022-04-25,daily_uci,r_uci,500,1,0.20777149636608078
2022-04-26,daily_uci,r_uci,500,1,0.20624136072084723
2022-04-27,daily_uci,r_uci,500,1,0.20474385572545978
2022-04-28,daily_uci,r_uci,500,1,0.20289887644861831
2022-04-29,daily_uci,r_uci,500,1,0.20276855308362823
2022-05-06,daily_uci,r_uci,500,1,0.20293871448387985
2022-05-07,daily_uci,r_uci,500,1,0.203383937774057
2022-05-10,daily_uci,r_uci,500,1,0.20276366062468598
2022-05-11,daily_uci,r_uci,500,1,0.20124984807748622
2022-05-12,daily_uci,r_uci,500,1,0.20127108708169802
2022-05-13,daily_uci,r_uci,500,1,0.19908405352671404
2022-05-16,daily_uci,r_uci,500,1,0.19421016687759937
2022-05-17,daily_uci,r_uci,500,1,0.19376924512077082
2022-05-18,daily_uci,r_uci,500,1,0.19454070591317493
2022-05-19,daily_uci,r_uci,500,1,0.19140863630642327
2022-05-20,daily_uci,r_uci,500,1,0.1941165768178364
2022-05-23,daily_uci,r_uci,500,1,0.19229400786940296
2022-05-24,daily_uci,r_uci,500,1,0.18748522837527273
2022-05-25,daily_uci,r_uci,500,1,0.1529593132955969
2022-05-26,daily_uci,r_uci,500,1,0.1536936099474207
2022-05-27,daily_uci,r_uci,500,1,0.146657943017444
2022-05-30,daily_uci,r_uci,500,1,0.12091625483644729
2022-05-31,daily_uci,r_uci,500,1,0.1255376444130426
2022-06-01,daily_uci,r_uci,500,1,0.09202648370936511
2022-06-02,daily_uci,r_uci,500,1,0.1065595995346562
2022-06-03,daily_uci,r_uci,500,1,0.10247428008834625
2022-06-06,daily_uci,r_uci,500,1,0.10209904714355506
2022-06-07,daily_uci,r_uci,500,1,0.1033779938539867
2022-06-08,daily_uci,r_uci,500,1,0.10410504455166508
2022-06-09,daily_uci,r_uci,500,1,0.10304610216859082
2022-06-10,daily_uci,r_uci,500,1,0.10483132902109091
2022-06-13,daily_uci,r_uci,500,1,0.10306402379441611
2022-06-14,daily_uci,r_uci,500,1,0.10254938220516878
2022-06-15,daily_uci,r_uci,500,1,0.10258752541270952
2022-06-16,daily_uci,r_uci,500,1,0.1026732970282292
2022-06-17,daily_uci,r_uci,500,1,0.10256166983180266
2022-06-20,daily_uci,r_uci,500,1,0.10255492658887101
2022-06-21,daily_uci,r_uci,500,1,0.10304463739963314
2022-06-22,daily_uci,r_uci,500,1,0.09377679701569419
2022-06-23,daily_uci,r_uci,500,1,0.09066429472556646
2022-06-24,daily_uci,r_uci,500,1,0.09064121663469597
2022-06-27,daily_uci,r_uci,500,1,0.09063788799533992
2022-06-28,daily_uci,r_uci,500,1,0.09084717430165376
2022-06-29,daily_uci,r_uci,500,1,0.091221582561592
2022-06-30,daily_uci,r_uci,500,1,0.09142847701042439
2022-07-01,daily_uci,r_uci,500,1,0.09101573817141988
2022-07-04,daily_uci,r_uci,500,1,0.09135306282443265
2022-07-05,daily_uci,r_uci,500,1,0.091534078061834
2022-07-06,daily_uci,r_uci,500,1,0.09156751586110796
2022-07-07,daily_uci,r_uci,500,1,0.08993290390282141
2022-07-08,daily_uci,r_uci,500,1,0.07427212278588027
2022-07-13,daily_uci,r_uci,500,1,0.09287612673995889
2022-07-14,daily_uci,r_uci,500,1,0.08839104755463001
2022-07-15,daily_uci,r_uci,500,1,0.08838461359438167
2022-07-16,daily_uci,r_uci,500,1,0.08838699938322946
2022-07-18,daily_uci,r_uci,500,1,0.0883999590954536
2022-07-19,daily_uci,r_uci,500,1,0.08826379975265651
2022-07-20,daily_uci,r_uci,500,1,0.08847846563256294
2022-07-21,daily_uci,r_uci,500,1,0.08386142367161557
2022-07-22,daily_uci,r_uci,500,1,0.08204702643079695
2022-07-25,daily_uci,r_uci,500,1,0.08204248995071585
2022-07-26,daily_uci,r_uci,500,1,0.08205572321856634
2022-07-27,daily_uci,r_uci,500,1,0.08224338132561311
2022-07-28,daily_uci,r_uci,500,1,0.08210519221302628
2022-07-29,daily_uci,r_uci,500,1,0.08222072143154055
2022-08-01,daily_uci,r_uci,500,1,0.08190943518387411
2022-08-02,daily_uci,r_uci,500,1,0.08089789949435254
2022-08-03,daily_uci,r_uci,500,1,0.08228560175928798
2022-08-04,daily_uci,r_uci,500,1,0.08189665628166598
2022-08-05,daily_uci,r_uci,500,1,0.0819584696203088
2022-08-08,daily_uci,r_uci,500,1,0.0805845720142179
2022-08-09,daily_uci,r_uci,500,1,0.08071537921873695
2022-08-10,daily_uci,r_uci,500,1,0.08084498661601515
2022-08-11,daily_uci,r_uci,500,1,0.07416015756721978
2022-08-12,daily_uci,r_uci,500,1,0.07978614847948247
2022-08-15,daily_uci,r_uci,500,1,0.0795822296491672
2022-08-16,daily_uci,r_uci,500,1,0.0795708516116246
2022-08-17,daily_uci,r_uci,500,1,0.07900080075263194
2022-08-18,daily_uci,r_uci,500,1,0.07315076014999898
2022-08-19,daily_uci,r_uci,500,1,0.07378515067715338
2022-08-22,daily_uci,r_uci,500,1,0.07456337397792506
2022-08-23,daily_uci,r_uci,500,1,0.07924262781558981
2022-08-24,daily_uci,r_uci,500,1,0.08342620753054658
2022-08-25,daily_uci,r_uci,500,1,0.07881663137855173
2022-08-26,daily_uci,r_uci,500,1,0.07462860138412455
2022-08-29,daily_uci,r_uci,500,1,0.08880028174990943
2022-08-30,daily_uci,r_uci,500,1,0.09853001156875847
2022-08-31,daily_uci,r_uci,500,1,0.09886548118910203
2022-09-05,daily_uci,r_uci,500,1,0.09948345802825823
2022-09-06,daily_uci,r_uci,500,1,0.10272524986972822
2022-09-07,daily_uci,r_uci,500,1,0.10428478775639526
2022-09-08,daily_uci,r_uci,500,1,0.10400785757999036
2022-09-09,daily_uci,r_uci,500,1,0.10340710259744768
2022-09-12,daily_uci,r_uci,500,1,0.1050298281918286
2022-09-13,daily_uci,r_uci,500,1,0.10608676996192289
2022-09-14,daily_uci,r_uci,500,1,0.1060902818619616
2022-09-15,daily_uci,r_uci,500,1,0.10615149100344153
2022-09-16,daily_uci,r_uci,500,1,0.10593771058256099
2022-09-19,daily_uci,r_uci,500,1,0.10702914043944926
2022-09-20,daily_uci,r_uci,500,1,0.09829898406027796
2022-09-21,daily_uci,r_uci,500,1,0.09592369504480015
2022-09-22,daily_uci,r_uci,500,1,0.0947884309288576
2022-09-23,daily_uci,r_uci,500,1,0.09739195477234447
2022-09-26,daily_uci,r_uci,500,1,0.091814338099316
2022-09-27,daily_uci,r_uci,500,1,0.08929243475542611
2022-09-28,daily_uci,r_uci,500,1,0.08935372539623855
2022-09-29,daily_uci,r_uci,500,1,0.08974240824076392
2022-09-30,daily_uci,r_uci,500,1,0.07208533203638413
2022-10-03,daily_uci,r_uci,500,1,0.071599978304866
2022-10-04,daily_uci,r_uci,500,1,0.07069777938933429
2022-10-05,daily_uci,r_uci,500,1,0.06614193357400576
2022-10-06,daily_uci,r_uci,500,1,0.0655792177493242
2022-10-07,daily_uci,r_uci,500,1,0.06520808410003888
2022-10-10,daily_uci,r_uci,500,1,0.06499552757708378
2022-10-11,daily_uci,r_uci,500,1,0.06504007013212766
2022-10-12,daily_uci,r_uci,500,1,0.06505890906349784
2022-10-13,daily_uci,r_uci,500,1,0.06499938120758168
2022-10-14,daily_uci,r_uci,500,1,0.06689138710375686
2022-10-17,daily_uci,r_uci,500,1,0.06727635791512404
2022-10-18,daily_uci,r_uci,500,1,0.06662472886095565
2022-10-19,daily_uci,r_uci,500,1,0.07081631006259881
2022-10-20,daily_uci,r_uci,500,1,0.07053776255360394
2022-10-21,daily_uci,r_uci,500,1,0.07057256471224248
2022-10-24,daily_uci,r_uci,500,1,0.0661491203070544
2022-10-25,daily_uci,r_uci,500,1,0.06592983681326481
2022-10-26,daily_uci,r_uci,500,1,0.06592404508791964
2022-10-27,daily_uci,r_uci,500,1,0.06593910372001723
2022-10-28,daily_uci,r_uci,500,1,0.06587876603359276
2022-10-31,daily_uci,r_uci,500,1,0.06707106438012243
2022-11-01,daily_uci,r_uci,500,1,0.06027712376522916
2022-11-02,daily_uci,r_uci,500,1,0.05965502786226404
2022-11-03,daily_uci,r_uci,500,1,0.0596780132297302
2022-11-04,daily_uci,r_uci,500,1,0.05970139682307823
2022-11-07,daily_uci,r_uci,500,1,0.059766051941782895
2022-11-08,daily_uci,r_uci,500,1,0.05363370254835884
2022-11-09,daily_uci,r_uci,500,1,0.052612153256092684
2022-11-10,daily_uci,r_uci,500,1,0.05282889140911794
2022-11-11,daily_uci,r_uci,500,1,0.049766663802425365
2022-11-14,daily_uci,r_uci,500,1,0.049163192682098546
2022-11-15,daily_uci,r_uci,500,1,0.04917527163510013
2022-11-16,daily_uci,r_uci,500,1,0.05139118474183383
2022-11-17,daily_uci,r_uci,500,1,0.03193352522500982
2022-11-18,daily_uci,r_uci,500,1,0.020549242764009594
2022-11-21,daily_uci,r_uci,500,1,0.020876214925198214
2022-11-22,daily_uci,r_uci,500,1,0.020364409026628328
2022-11-23,daily_uci,r_uci,500,1,0.020085866184181875
2022-11-24,daily_uci,r_uci,500,1,0.02009796771306025
2022-11-25,daily_uci,r_uci,500,1,0.020159901822685726
2022-11-28,daily_uci,r_uci,500,1,0.019984409985677246
2022-11-29,daily_uci,r_uci,500,1,0.01760637864347252
2022-11-30,daily_uci,r_uci,500,1,0.017316036779563632
2022-12-01,daily_uci,r_uci,500,1,0.017198131357016706
2022-12-02,daily_uci,r_uci,500,1,0.017238397420761588
2022-12-05,daily_uci,r_uci,500,1,0.016612352879416138
2022-12-06,daily_uci,r_uci,500,1,0.01681425848975655
2022-12-07,daily_uci,r_uci,500,1,0.01678989121079823
2022-12-09,daily_uci,r_uci,500,1,0.01714542424290718
2022-12-12,daily_uci,r_uci,500,1,0.016651598365762816
2022-12-13,daily_uci,r_uci,500,1,0.016233471104624322
2022-12-14,daily_uci,r_uci,500,1,0.016397012287529173
2022-12-15,daily_uci,r_uci,500,1,0.01644699513103544
2022-12-16,daily_uci,r_uci,500,1,0.016528149678687005
2022-12-19,daily_uci,r_uci,500,1,0.016383029744444954
2022-12-20,daily_uci,r_uci,500,1,0.016131171600894337
2022-12-21,daily_uci,r_uci,500,1,0.015326171524051021
2022-12-22,daily_uci,r_uci,500,1,0.014802363374884707
2022-12-23,daily_uci,r_uci,500,1,0.015890484551268125
2022-12-26,daily_uci,r_uci,500,1,0.01543630866533052
2022-12-27,daily_uci,r_uci,500,1,0.015576078654643817
2022-12-28,daily_uci,r_uci,500,1,0.015577633421027625
2022-12-29,daily_uci,r_uci,500,1,0.0156564994005075
2022-12-30,daily_uci,r_uci,500,1,0.015843968384942925
2023-01-04,daily_uci,r_uci,500,1,0.015646732525204585
2023-01-05,daily_uci,r_uci,500,1,0.01536555584884242
2023-01-06,daily_uci,r_uci,500,1,0.015821100306830538
2023-01-07,daily_uci,r_uci,500,1,0.019305787450519953
2023-01-09,daily_uci,r_uci,500,1,0.016567897388672558
2023-01-10,daily_uci,r_uci,500,1,0.01657762335144313
2023-01-11,daily_uci,r_uci,500,1,0.016338164559155554
2023-01-12,daily_uci,r_uci,500,1,0.03508152670493223
2023-01-13,daily_uci,r_uci,500,1,0.0348408700681647
2023-01-16,daily_uci,r_uci,500,1,0.03462541080558614
2023-01-17,daily_uci,r_uci,500,1,0.030497897615759544
2023-01-18,daily_uci,r_uci,500,1,0.03121204734534535
2023-01-19,daily_uci,r_uci,500,1,0.031090874351434962
2023-01-20,daily_uci,r_uci,500,1,0.030761149623185286
2023-01-23,daily_uci,r_uci,500,1,0.02760020743444181
2023-01-24,daily_uci,r_uci,500,1,0.015297807790064425
2023-01-25,daily_uci,r_uci,500,1,0.01688307987749866
2023-01-26,daily_uci,r_uci,500,1,0.01664231686140181
2023-01-27,daily_uci,r_uci,500,1,0.01676804410436332
2023-01-30,daily_uci,r_uci,500,1,0.016841378298424504
2023-01-31,daily_uci,r_uci,500,1,0.01694212700136479
2023-02-01,daily_uci,r_uci,500,1,0.0174047122624268
2023-02-02,daily_uci,r_uci,500,1,0.01790499685123249
2023-02-03,daily_uci,r_uci,500,1,0.01799935291225108
2023-02-06,daily_uci,r_uci,500,1,0.01792521068144169
2023-02-07,daily_uci,r_uci,500,1,0.017763741907756647
2023-02-08,daily_uci,r_uci,500,1,0.017619240253762502
2023-02-09,daily_uci,r_uci,500,1,0.017548323694499404
2023-02-10,daily_uci,r_uci,500,1,0.017422533756487342
2023-02-13,daily_uci,r_uci,500,1,0.017151757551321974
2023-02-14,daily_uci,r_uci,500,1,0.017395865807101375
2023-02-15,daily_uci,r_uci,500,1,0.01748250421570209
2023-02-16,daily_uci,r_uci,500,1,0.01727299462131616
2023-02-17,daily_uci,r_uci,500,1,0.016704189213751042
2023-02-20,daily_uci,r_uci,500,1,0.01354690000134755
2023-02-21,daily_uci,r_uci,500,1,0.008228812481880732
2023-02-22,daily_uci,r_uci,500,1,0.007141712701936782
2023-02-23,daily_uci,r_uci,500,1,0.00612852178709965
2023-02-24,daily_uci,r_uci,500,1,0.004310540920117347
2023-02-27,daily_uci,r_uci,500,1,0.0018660397061352643
2023-02-28,daily_uci,r_uci,500,1,-0.001291572708341588
2023-03-01,daily_uci,r_uci,500,1,-0.005823781798802752
2023-03-02,daily_uci,r_uci,500,1,-0.012491445467222008
2023-03-03,daily_uci,r_uci,500,1,-0.01745238811689347
2023-03-06,daily_uci,r_uci,500,1,-0.017709411720777148
2023-03-07,daily_uci,r_uci,500,1,-0.017946985832929332
2023-03-09,daily_uci,r_uci,500,1,-0.013036512329431173
2023-03-10,daily_uci,r_uci,500,1,-0.021818110014720563
2023-03-11,daily_uci,r_uci,500,1,-0.021798921028553443
2023-03-13,daily_uci,r_uci,500,1,-0.021883096896830833
2023-03-14,daily_uci,r_uci,500,1,-0.022418039336157113
2023-03-15,daily_uci,r_uci,500,1,-0.017784698190891873
2023-03-16,daily_uci,r_uci,500,1,-0.022844130074039307
2023-03-17,daily_uci,r_uci,500,1,-0.022908392228167943
2023-03-23,daily_uci,r_uci,500,1,-0.02295882254898064
2023-03-24,daily_uci,r_uci,500,1,-0.023108915748044183
2023-03-25,daily_uci,r_uci,500,1,-0.023179349956499142
2023-03-27,daily_uci,r_uci,500,1,-0.020032829250690054
2023-03-28,daily_uci,r_uci,500,1,-0.01706061997798973
2023-03-29,daily_uci,r_uci,500,1,-0.01448618654196777
2023-03-30,daily_uci,r_uci,500,1,-0.014382520488988556
2023-03-31,daily_uci,r_uci,500,1,-0.01436633198444132
2023-04-03,daily_uci,r_uci,500,1,-0.014026881060160512
2023-04-04,daily_uci,r_uci,500,1,-0.013785489347672498
2023-04-05,daily_uci,r_uci,500,1,-0.014568644939364845
2023-04-06,daily_uci,r_uci,500,1,-0.01528789544214405
2023-04-07,daily_uci,r_uci,500,1,-0.01682848286339668
2023-04-10,daily_uci,r_uci,500,1,-0.017287331921202485
2023-04-11,daily_uci,r_uci,500,1,-0.01699565709245233
2023-04-12,daily_uci,r_uci,500,1,-0.017872947372541817
2023-04-13,daily_uci,r_uci,500,1,-0.016324904499120888
2023-04-14,daily_uci,r_uci,500,1,-0.016516847347175276
2023-04-17,daily_uci,r_uci,500,1,-0.016463215715120074
2023-04-18,daily_uci,r_uci,500,1,-0.016239092495170054
2023-04-19,daily_uci,r_uci,500,1,-0.019703640764479564
2023-04-20,daily_uci,r_uci,500,1,-0.02038375815120282
2023-04-25,daily_uci,r_uci,500,1,-0.020192053168510245
2023-04-26,daily_uci,r_uci,500,1,-0.020206874618644635
2023-04-27,daily_uci,r_uci,500,1,-0.020165320807439237
2023-04-28,daily_uci,r_uci,500,1,-0.020061486861560226
2023-05-01,daily_uci,r_uci,500,1,-0.02029786124343572
2023-05-02,daily_uci,r_uci,500,1,-0.02092088834814525
2023-05-03,daily_uci,r_uci,500,1,-0.021293670082839788
2023-05-04,daily_uci,r_uci,500,1,-0.021225471339756042
2023-05-05,daily_uci,r_uci,500,1,-0.021501519090133907
2023-05-08,daily_uci,r_uci,500,1,-0.021098784122735154
2023-05-10,daily_uci,r_uci,500,1,-0.020790453361434345
2023-05-11,daily_uci,r_uci,500,1,-0.02015323110640625
2023-05-12,daily_uci,r_uci,500,1,-0.020145081782613716
2023-05-15,daily_uci,r_uci,500,1,-0.019893809424612496
2023-05-16,daily_uci,r_uci,500,1,-0.019673395696172567
2023-05-17,daily_uci,r_uci,500,1,-0.019911405918188994
2023-05-18,daily_uci,r_uci,500,1,-0.019987621610373953
2023-05-19,daily_uci,r_uci,500,1,-0.01975653709592707
2023-05-22,daily_uci,r_uci,500,1,-0.017152260669940106
2023-05-23,daily_uci,r_uci,500,1,-0.0165313927463996
2023-05-24,daily_uci,r_uci,500,1,-0.016675378121463823
2023-05-25,daily_uci,r_uci,500,1,-0.016379248129070156
2023-05-26,daily_uci,r_uci,500,1,-0.01602928247199808
2023-05-29,daily_uci,r_uci,500,1,-0.016267115675208183
2023-05-30,daily_uci,r_uci,500,1,-0.015927993944490564
2023-05-31,daily_uci,r_uci,500,1,-0.01607976241297524
2023-06-01,daily_uci,r_uci,500,1,-0.01602587637715139
2023-06-02,daily_uci,r_uci,500,1,-0.016279697402140653
2023-06-05,daily_uci,r_uci,500,1,-0.016433169489964868
2023-06-06,daily_uci,r_uci,500,1,-0.01666488881596863
2023-06-07,daily_uci,r_uci,500,1,-0.0169095877401268
2023-06-08,daily_uci,r_uci,500,1,-0.016685149745741857
2023-06-09,daily_uci,r_uci,500,1,-0.016725929071097316
2023-06-12,daily_uci,r_uci,500,1,-0.016688649345044743
2023-06-13,daily_uci,r_uci,500,1,-0.01662267330999512
2023-06-14,daily_uci,r_uci,500,1,-0.01667594344112112
2023-06-15,daily_uci,r_uci,500,1,-0.016886289936728114
2023-06-16,daily_uci,r_uci,500,1,-0.017055300654760217
2023-06-19,daily_uci,r_uci,500,1,-0.01707074452701742
2023-06-20,daily_uci,r_uci,500,1,-0.017081147704195845
2023-06-21,daily_uci,r_uci,500,1,-0.017105883968515017
2023-06-22,daily_uci,r_uci,500,1,-0.017175800622143297
2023-06-23,daily_uci,r_uci,500,1,-0.017143734513213597
2023-06-26,daily_uci,r_uci,500,1,-0.017214961506097262
2023-06-27,daily_uci,r_uci,500,1,-0.016865356793562287
2023-07-03,daily_uci,r_uci,500,1,-0.01696939839700508
2023-07-04,daily_uci,r_uci,500,1,-0.016860600795589417
2023-07-05,daily_uci,r_uci,500,1,-0.016918589960110638
2023-07-06,daily_uci,r_uci,500,1,-0.01683439739308474
2023-07-07,daily_uci,r_uci,500,1,-0.01683064957052575
2023-07-10,daily_uci,r_uci,500,1,-0.01682839763431123
2023-07-11,daily_uci,r_uci,500,1,-0.016950278164902924
2023-07-12,daily_uci,r_uci,500,1,-0.015766415481839133
2023-07-13,daily_uci,r_uci,500,1,-0.018726832484239495
2023-07-14,daily_uci,r_uci,500,1,-0.019200432688162582
2023-07-17,daily_uci,r_uci,500,1,-0.019137973509952774
2023-07-18,daily_uci,r_uci,500,1,-0.019145443307811517
2023-07-19,daily_uci,r_uci,500,1,-0.016781013745419824
2023-07-20,daily_uci,r_uci,500,1,-0.01612473159441817
2023-07-21,daily_uci,r_uci,500,1,-0.01597980196309262
2023-07-24,daily_uci,r_uci,500,1,-0.016013902860063396
2023-07-25,daily_uci,r_uci,500,1,-0.016047585505982228
2023-07-26,daily_uci,r_uci,500,1,-0.015521053132200154
2023-07-27,daily_uci,r_uci,500,1,-0.015095013284359936
2023-07-28,daily_uci,r_uci,500,1,-0.015144442655117886
2023-07-31,daily_uci,r_uci,500,1,-0.015126260141983936
2023-08-01,daily_uci,r_uci,500,1,-0.014543280126729811
2023-08-02,daily_uci,r_uci,500,1,-0.014529207206213727
2023-08-03,daily_uci,r_uci,500,1,-0.01423452719484377
2023-08-04,daily_uci,r_uci,500,1,-0.014235475439073234
2023-08-07,daily_uci,r_uci,500,1,-0.014083401156914047
2023-08-08,daily_uci,r_uci,500,1,-0.014702092403457883
2023-08-09,daily_uci,r_uci,500,1,-0.014730626877406084
2023-08-10,daily_uci,r_uci,500,1,-0.014773869512381268
2023-08-11,daily_uci,r_uci,500,1,-0.015280949854948473
2023-08-14,daily_uci,r_uci,500,1,-0.015652682720856667
2023-08-15,daily_uci,r_uci,500,1,-0.014242297697970939
2023-08-16,daily_uci,r_uci,500,1,-0.014527279747489383
2023-08-17,daily_uci,r_uci,500,1,-0.015331958284721435
2023-08-18,daily_uci,r_uci,500,1,-0.01570835009250509
2023-08-21,daily_uci,r_uci,500,1,-0.016344071108762816
2023-08-22,daily_uci,r_uci,500,1,-0.01669948512040037
2023-08-23,daily_uci,r_uci,500,1,-0.0163905937148556
2023-08-24,daily_uci,r_uci,500,1,-0.015288389089934615
2023-08-25,daily_uci,r_uci,500,1,-0.01470253528886894
2023-08-28,daily_uci,r_uci,500,1,-0.015114208547846317
2023-08-29,daily_uci,r_uci,500,1,-0.015301328204174245
2023-08-31,daily_uci,r_uci,500,1,-0.014464226515392588
2023-09-04,daily_uci,r_uci,500,1,-0.013908386030743061
2023-09-05,daily_uci,r_uci,500,1,-0.013996423159640132
2023-09-06,daily_uci,r_uci,500,1,-0.013841407078425124
2023-09-07,daily_uci,r_uci,500,1,-0.013724373908717221
2023-09-08,daily_uci,r_uci,500,1,-0.01357170937306936
2023-09-11,daily_uci,r_uci,500,1,-0.013359094549523904
2023-09-12,daily_uci,r_uci,500,1,-0.013503955120189133
2023-09-13,daily_uci,r_uci,500,1,-0.01376256057744062
2023-09-14,daily_uci,r_uci,500,1,-0.014259077427721463
2023-09-15,daily_uci,r_uci,500,1,-0.014522603380511959
2023-09-18,daily_uci,r_uci,500,1,-0.014960898268841756
2023-09-19,daily_uci,r_uci,500,1,-0.01508418178855509
2023-09-20,daily_uci,r_uci,500,1,-0.015121602935030688
2023-09-21,daily_uci,r_uci,500,1,-0.015232674501850405
2023-09-22,daily_uci,r_uci,500,1,-0.015201977132668174
2023-09-25,daily_uci,r_uci,500,1,-0.015332227844704104
2023-09-26,daily_uci,r_uci,500,1,-0.014965966638391568
2023-09-27,daily_uci,r_uci,500,1,-0.014869947340094057
2023-09-28,daily_uci,r_uci,500,1,-0.014620004695844471
2023-09-29,daily_uci,r_uci,500,1,-0.014322631076091382
2023-10-03,daily_uci,r_uci,500,1,-0.01411347541767608
2023-10-04,daily_uci,r_uci,500,1,-0.014026613248843696
2023-10-05,daily_uci,r_uci,500,1,-0.014056163571801611
2023-10-06,daily_uci,r_uci,500,1,-0.013899735988061483
2023-10-09,daily_uci,r_uci,500,1,-0.013743036641390578
2023-10-10,daily_uci,r_uci,500,1,-0.014317175180571183
2023-10-11,daily_uci,r_uci,500,1,-0.014264364511351026
2023-10-12,daily_uci,r_uci,500,1,-0.014186536176898185
2023-10-13,daily_uci,r_uci,500,1,-0.015167304362745035
2023-10-16,daily_uci,r_uci,500,1,-0.015034611962476335
2023-10-17,daily_uci,r_uci,500,1,-0.01511427806114942
2023-10-18,daily_uci,r_uci,500,1,-0.014176958752855484
2023-10-19,daily_uci,r_uci,500,1,-0.01419197941102212
2023-10-20,daily_uci,r_uci,500,1,-0.014413056823791608
2023-10-23,daily_uci,r_uci,500,1,-0.014434201225133001
2023-10-24,daily_uci,r_uci,500,1,-0.0143514929529706
2023-10-25,daily_uci,r_uci,500,1,-0.014516712736453143
2023-10-26,daily_uci,r_uci,500,1,-0.013900549423487979
2023-10-27,daily_uci,r_uci,500,1,-0.014045257892945757
2023-10-30,daily_uci,r_uci,500,1,-0.0137984179017994
2023-10-31,daily_uci,r_uci,500,1,-0.013325091461510667
2023-11-01,daily_uci,r_uci,500,1,-0.013147371899492668
2023-11-02,daily_uci,r_uci,500,1,-0.013015493470130871
2023-11-03,daily_uci,r_uci,500,1,-0.013084419187588068
2023-11-06,daily_uci,r_uci,500,1,-0.013341356552408761
2023-11-07,daily_uci,r_uci,500,1,-0.012961370316751186
2023-11-08,daily_uci,r_uci,500,1,-0.013205736615916447
2023-11-09,daily_uci,r_uci,500,1,-0.0133238698946921
2023-11-10,daily_uci,r_uci,500,1,-0.01283843535380542
2023-11-13,daily_uci,r_uci,500,1,-0.013277525722339081
2023-11-14,daily_uci,r_uci,500,1,-0.014029288953524508
2023-11-15,daily_uci,r_uci,500,1,-0.014705185666298942
2023-11-16,daily_uci,r_uci,500,1,-0.014665881877645132
2023-11-17,daily_uci,r_uci,500,1,-0.01471228516928692
2023-11-20,daily_uci,r_uci,500,1,-0.01481019435678907
2023-11-21,daily_uci,r_uci,500,1,-0.015300036506515843
2023-11-22,daily_uci,r_uci,500,1,-0.015160555200807287
2023-11-23,daily_uci,r_uci,500,1,-0.014973024136922914
2023-11-24,daily_uci,r_uci,500,1,-0.015260336315551558
2023-11-27,daily_uci,r_uci,500,1,-0.015306074650335797
2023-11-28,daily_uci,r_uci,500,1,-0.015268086053467718
2023-11-29,daily_uci,r_uci,500,1,-0.01518503819675429
2023-11-30,daily_uci,r_uci,500,1,-0.014905406529429897
2023-12-01,daily_uci,r_uci,500,1,-0.014929920730970726
2023-12-04,daily_uci,r_uci,500,1,-0.015222545946016824
2023-12-05,daily_uci,r_uci,500,1,-0.015577790271821082
2023-12-06,daily_uci,r_uci,500,1,-0.015877296978732726
2023-12-07,daily_uci,r_uci,500,1,-0.01677818019905856
2023-12-11,daily_uci,r_uci,500,1,-0.01803154099180328
2023-12-12,daily_uci,r_uci,500,1,-0.0184287678045674
2023-12-13,daily_uci,r_uci,500,1,-0.019021254592018495
2023-12-14,daily_uci,r_uci,500,1,-0.02346617458830182
2023-12-15,daily_uci,r_uci,500,1,-0.027312424163418496
2023-12-18,daily_uci,r_uci,500,1,-0.026815520120250614
2023-12-19,daily_uci,r_uci,500,1,-0.026795828665471144
2023-12-20,daily_uci,r_uci,500,1,-0.027002311402212507
2023-12-21,daily_uci,r_uci,500,1,-0.026896772922818873
2023-12-22,daily_uci,r_uci,500,1,-0.02669731255868692
2023-12-25,daily_uci,r_uci,500,1,-0.02665495338213108
2023-12-26,daily_uci,r_uci,500,1,-0.026644188146440578
2023-12-27,daily_uci,r_uci,500,1,-0.02664837333156296
2023-12-28,daily_uci,r_uci,500,1,-0.026550880396208187
2023-12-29,daily_uci,r_uci,500,1,-0.026287712089748276
2024-01-03,daily_uci,r_uci,500,1,-0.02615066918958964
2024-01-04,daily_uci,r_uci,500,1,-0.02640542524004742
2024-01-05,daily_uci,r_uci,500,1,-0.026365791456040382
2024-01-06,daily_uci,r_uci,500,1,-0.02631924576421666
2024-01-08,daily_uci,r_uci,500,1,-0.026602157861104245
2024-01-09,daily_uci,r_uci,500,1,-0.026764221112504448
2024-01-10,daily_uci,r_uci,500,1,-0.02658347589746817
2024-01-11,daily_uci,r_uci,500,1,-0.026264935193504445
2024-01-12,daily_uci,r_uci,500,1,-0.026434433422629224
2024-01-15,daily_uci,r_uci,500,1,-0.02629525020455774
2024-01-16,daily_uci,r_uci,500,1,-0.026529110053951966
2024-01-17,daily_uci,r_uci,500,1,-0.02683950671412853
2024-01-18,daily_uci,r_uci,500,1,-0.02681913587464564
2024-01-19,daily_uci,r_uci,500,1,-0.026806781450617587
2024-01-22,daily_uci,r_uci,500,1,-0.026718394110499068
2024-01-23,daily_uci,r_uci,500,1,-0.027029757947004008
2024-01-24,daily_uci,r_uci,500,1,-0.02660531665180434
2024-01-25,daily_uci,r_uci,500,1,-0.026585481540981188
2024-01-26,daily_uci,r_uci,500,1,-0.026561381395386142
2024-01-29,daily_uci,r_uci,500,1,-0.026333217358466925
2024-01-30,daily_uci,r_uci,500,1,-0.026421067862855065
2024-01-31,daily_uci,r_uci,500,1,-0.026491122897561066
2024-02-01,daily_uci,r_uci,500,1,-0.02645622564452737
2024-02-02,daily_uci,r_uci,500,1,-0.02636971245846247
2024-02-05,daily_uci,r_uci,500,1,-0.026495941657026827
2024-02-06,daily_uci,r_uci,500,1,-0.026605696857785004
2024-02-07,daily_uci,r_uci,500,1,-0.026636580892494308
2024-02-08,daily_uci,r_uci,500,1,-0.02664215327271814
2024-02-09,daily_uci,r_uci,500,1,-0.02671525829268806
2024-02-12,daily_uci,r_uci,500,1,-0.02700569660134773
2024-02-13,daily_uci,r_uci,500,1,-0.026951977347126933
2024-02-14,daily_uci,r_uci,500,1,-0.026999431903618504
2024-02-15,daily_uci,r_uci,500,1,-0.026624009730291973
2024-02-16,daily_uci,r_uci,500,1,-0.026644814170311493
2024-02-19,daily_uci,r_uci,500,1,-0.02729141355796448
2024-02-20,daily_uci,r_uci,500,1,-0.02868174606507536
2024-02-21,daily_uci,r_uci,500,1,-0.028997913184005384
2024-02-22,daily_uci,r_uci,500,1,-0.028930801938888067
2024-02-23,daily_uci,r_uci,500,1,-0.029071924700589835
2024-02-26,daily_uci,r_uci,500,1,-0.029139217864973112
2024-02-27,daily_uci,r_uci,500,1,-0.029031583085380383
2024-02-28,daily_uci,r_uci,500,1,-0.028553646040499273
2024-02-29,daily_uci,r_uci,500,1,-0.028504422107943104
2024-03-01,daily_uci,r_uci,500,1,-0.028634013951375558
2024-03-04,daily_uci,r_uci,500,1,-0.028380219354014653
2024-03-05,daily_uci,r_uci,500,1,-0.028035403385662832
2024-03-07,daily_uci,r_uci,500,1,-0.027967807758025875
2024-03-11,daily_uci,r_uci,500,1,-0.0281088864088284
2024-03-12,daily_uci,r_uci,500,1,-0.028098412768926627
2024-03-13,daily_uci,r_uci,500,1,-0.028030992692412826
2024-03-14,daily_uci,r_uci,500,1,-0.02805427604744472
2024-03-15,daily_uci,r_uci,500,1,-0.028082914718072262
2024-03-18,daily_uci,r_uci,500,1,-0.028057225272354474
2024-03-19,daily_uci,r_uci,500,1,-0.0282522542299793
2024-03-20,daily_uci,r_uci,500,1,-0.02823262191011046
2024-03-25,daily_uci,r_uci,500,1,-0.028250820864392283
2024-03-26,daily_uci,r_uci,500,1,-0.028220066949883674
2024-03-27,daily_uci,r_uci,500,1,-0.028207546098549977
2024-03-28,daily_uci,r_uci,500,1,-0.02820480980130359
2024-03-29,daily_uci,r_uci,500,1,-0.02820809095869969
2024-04-01,daily_uci,r_uci,500,1,-0.028116008424011248
2024-04-02,daily_uci,r_uci,500,1,-0.028089061392449894
2024-04-03,daily_uci,r_uci,500,1,-0.02806199198628728
2024-04-04,daily_uci,r_uci,500,1,-0.027589934725313556
2024-04-05,daily_uci,r_uci,500,1,-0.027706791809831068
2024-04-08,daily_uci,r_uci,500,1,-0.02754654357267916
2024-04-09,daily_uci,r_uci,500,1,-0.02753803935370875
2024-04-13,daily_uci,r_uci,500,1,-0.027551024427552178
2024-04-15,daily_uci,r_uci,500,1,-0.027655099370331074
2024-04-16,daily_uci,r_uci,500,1,-0.0276455099936313
2024-04-17,daily_uci,r_uci,500,1,-0.02767862963680845
2024-04-18,daily_uci,r_uci,500,1,-0.028352712967533777
2024-04-19,daily_uci,r_uci,500,1,-0.02959470262605906
2024-04-22,daily_uci,r_uci,500,1,-0.029884787713901524
2024-04-23,daily_uci,r_uci,500,1,-0.03013082728059848
2024-04-24,daily_uci,r_uci,500,1,-0.03013409785573839
2024-04-25,daily_uci,r_uci,500,1,-0.030015582347272595
2024-04-26,daily_uci,r_uci,500,1,-0.03548522400417844
2024-04-29,daily_uci,r_uci,500,1,-0.040557584344550354
2024-04-30,daily_uci,r_uci,500,1,-0.05788092914726883
2024-05-01,daily_uci,r_uci,500,1,-0.06375164338613785
2024-05-02,daily_uci,r_uci,500,1,-0.06333648096185786
2024-05-03,daily_uci,r_uci,500,1,-0.06306174688531531
2024-05-06,daily_uci,r_uci,500,1,-0.06266041122593603
2024-05-07,daily_uci,r_uci,500,1,-0.0627377910930796
2024-05-08,daily_uci,r_uci,500,1,-0.06262533662753371
2024-05-10,daily_uci,r_uci,500,1,-0.06262977738768216
2024-05-13,daily_uci,r_uci,500,1,-0.06259756138502073
2024-05-14,daily_uci,r_uci,500,1,-0.062331631358149696
2024-05-15,daily_uci,r_uci,500,1,-0.0623425004975314
2024-05-16,daily_uci,r_uci,500,1,-0.06245856302787164
2024-05-17,daily_uci,r_uci,500,1,-0.06174789711254795
2024-05-20,daily_uci,r_uci,500,1,-0.061646758048572545
2024-05-21,daily_uci,r_uci,500,1,-0.06209840133066677
2024-05-22,daily_uci,r_uci,500,1,-0.06128299592915485
2024-05-23,daily_uci,r_uci,500,1,-0.06239823138884841
2024-05-24,daily_uci,r_uci,500,1,-0.06212380833564739
2024-05-27,daily_uci,r_uci,500,1,-0.06468954896885526
2024-05-28,daily_uci,r_uci,500,1,-0.056559828422424296
2024-05-29,daily_uci,r_uci,500,1,-0.05701349420222016
2024-05-30,daily_uci,r_uci,500,1,-0.06118035140575685
2024-05-31,daily_uci,r_uci,500,1,-0.05679509293381994
2024-06-03,daily_uci,r_uci,500,1,-0.06337802054460555
2024-06-04,daily_uci,r_uci,500,1,-0.05053760947677266
2024-06-05,daily_uci,r_uci,500,1,-0.05996425169071236
2024-06-06,daily_uci,r_uci,500,1,-0.05913677613161731
2024-06-07,daily_uci,r_uci,500,1,-0.05887713208537125
2024-06-10,daily_uci,r_uci,500,1,-0.05970152494018597
2024-06-11,daily_uci,r_uci,500,1,-0.060186123641012765
2024-06-12,daily_uci,r_uci,500,1,-0.05978856395244515
2024-06-13,daily_uci,r_uci,500,1,-0.06098830768638073
2024-06-14,daily_uci,r_uci,500,1,-0.06044911663904408
2024-06-19,daily_uci,r_uci,500,1,-0.06027542874345862
2024-06-20,daily_uci,r_uci,500,1,-0.06032014096354597
2024-06-21,daily_uci,r_uci,500,1,-0.060489098309604805
2024-06-24,daily_uci,r_uci,500,1,-0.06057982037535358
2024-06-25,daily_uci,r_uci,500,1,-0.06071859200323228
2024-06-26,daily_uci,r_uci,500,1,-0.06124192411264825
2024-06-27,daily_uci,r_uci,500,1,-0.05656726566784113
2024-06-28,daily_uci,r_uci,500,1,-0.055192162146799985
2024-07-01,daily_uci,r_uci,500,1,-0.0552851205088556
2024-07-02,daily_uci,r_uci,500,1,-0.05491273027510131
2024-07-03,daily_uci,r_uci,500,1,-0.0552468468928081
2024-07-04,daily_uci,r_uci,500,1,-0.05554062489279585
2024-07-05,daily_uci,r_uci,500,1,-0.05574894108802573
2024-07-08,daily_uci,r_uci,500,1,-0.05556811258225916
2024-07-09,daily_uci,r_uci,500,1,-0.05579656472603862
2024-07-10,daily_uci,r_uci,500,1,-0.055931991238051815
2024-07-11,daily_uci,r_uci,500,1,-0.055976702691770394
2024-07-12,daily_uci,r_uci,500,1,-0.056088640358967684
2024-07-15,daily_uci,r_uci,500,1,-0.04746230545421334
2024-07-16,daily_uci,r_uci,500,1,-0.062346111267713104
2024-07-17,daily_uci,r_uci,500,1,-0.06167201852568869
2024-07-18,daily_uci,r_uci,500,1,-0.06165209408047831
2024-07-19,daily_uci,r_uci,500,1,-0.06163216094512399
2024-07-22,daily_uci,r_uci,500,1,-0.0618454245890249
2024-07-23,daily_uci,r_uci,500,1,-0.06180007428185607
2024-07-24,daily_uci,r_uci,500,1,-0.06197974697917413
2024-07-25,daily_uci,r_uci,500,1,-0.061569189261482485
2024-07-26,daily_uci,r_uci,500,1,-0.06358420463896838
2024-07-29,daily_uci,r_uci,500,1,-0.06405194589188756
2024-07-30,daily_uci,r_uci,500,1,-0.06397786616289326
2024-07-31,daily_uci,r_uci,500,1,-0.06414310275227593
2024-08-01,daily_uci,r_uci,500,1,-0.06409911481693738
2024-08-02,daily_uci,r_uci,500,1,-0.06408330665639364
2024-08-05,daily_uci,r_uci,500,1,-0.06399801157342577
2024-08-06,daily_uci,r_uci,500,1,-0.06329575648890182
2024-08-07,daily_uci,r_uci,500,1,-0.06466376593206327
2024-08-08,daily_uci,r_uci,500,1,-0.06461023273881798
2024-08-09,daily_uci,r_uci,500,1,-0.06467511694954035
2024-08-12,daily_uci,r_uci,500,1,-0.0638126557737587
2024-08-13,daily_uci,r_uci,500,1,-0.0640680566441338
2024-08-14,daily_uci,r_uci,500,1,-0.06420875156082148
2024-08-15,daily_uci,r_uci,500,1,-0.05971594015447938
2024-08-16,daily_uci,r_uci,500,1,-0.0649485547867428
2024-08-19,daily_uci,r_uci,500,1,-0.06495325130040669
2024-08-20,daily_uci,r_uci,500,1,-0.06501208605204827
2024-08-21,daily_uci,r_uci,500,1,-0.06561818286257803
2024-08-22,daily_uci,r_uci,500,1,-0.06182449713266699
2024-08-23,daily_uci,r_uci,500,1,-0.06231693813106794
2024-08-26,daily_uci,r_uci,500,1,-0.06336643490745672
2024-08-27,daily_uci,r_uci,500,1,-0.06790659507214511
2024-08-28,daily_uci,r_uci,500,1,-0.07206292413342331
2024-08-29,daily_uci,r_uci,500,1,-0.06858519898172558
2024-08-30,daily_uci,r_uci,500,1,-0.06539677603787436
2024-09-04,daily_uci,r_uci,500,1,-0.0844920188511684
2024-09-05,daily_uci,r_uci,500,1,-0.10201573984792321
2024-09-06,daily_uci,r_uci,500,1,-0.10266652516896274
2024-09-09,daily_uci,r_uci,500,1,-0.10382324096849255
2024-09-10,daily_uci,r_uci,500,1,-0.10834265649032523
2024-09-11,daily_uci,r_uci,500,1,-0.11047410714471248
2024-09-12,daily_uci,r_uci,500,1,-0.11024809818237591
2024-09-13,daily_uci,r_uci,500,1,-0.10988437092471164
2024-09-16,daily_uci,r_uci,500,1,-0.11221705667230392
2024-09-17,daily_uci,r_uci,500,1,-0.11380138621543552
2024-09-18,daily_uci,r_uci,500,1,-0.11400756988856944
2024-09-19,daily_uci,r_uci,500,1,-0.11395667789730188
2024-09-20,daily_uci,r_uci,500,1,-0.11395822045734338
2024-09-23,daily_uci,r_uci,500,1,-0.1155320562674637
2024-09-24,daily_uci,r_uci,500,1,-0.10917940715741363
2024-09-25,daily_uci,r_uci,500,1,-0.10933743547477692
2024-09-26,daily_uci,r_uci,500,1,-0.11540786624698503
2024-09-27,daily_uci,r_uci,500,1,-0.1270447365775328
2024-09-30,daily_uci,r_uci,500,1,-0.12382499204181696
2024-10-02,daily_uci,r_uci,500,1,-0.12471739140220117
2024-10-03,daily_uci,r_uci,500,1,-0.12472344993713147
2024-10-04,daily_uci,r_uci,500,1,-0.12785797138861357
2024-10-07,daily_uci,r_uci,500,1,-0.10728009323469577
2024-10-08,daily_uci,r_uci,500,1,-0.10881304891027942
2024-10-09,daily_uci,r_uci,500,1,-0.11109905088295624
2024-10-10,daily_uci,r_uci,500,1,-0.10792936967615235
2024-10-11,daily_uci,r_uci,500,1,-0.10714789162235014
2024-10-14,daily_uci,r_uci,500,1,-0.10659401162147734
2024-10-15,daily_uci,r_uci,500,1,-0.10622528048252952
2024-10-16,daily_uci,r_uci,500,1,-0.10660843240467341
2024-10-17,daily_uci,r_uci,500,1,-0.1069254835561081
2024-10-18,daily_uci,r_uci,500,1,-0.10672005819921691
2024-10-21,daily_uci,r_uci,500,1,-0.11060677043533666
2024-10-22,daily_uci,r_uci,500,1,-0.11232626605719544
2024-10-23,daily_uci,r_uci,500,1,-0.11215404669970264
2024-10-24,daily_uci,r_uci,500,1,-0.12083313098773824
2024-10-25,daily_uci,r_uci,500,1,-0.1212044762119108
2024-10-28,daily_uci,r_uci,500,1,-0.12153146486830466
2024-10-29,daily_uci,r_uci,500,1,-0.11532833287050405
2024-10-30,daily_uci,r_uci,500,1,-0.116010814647314
2024-10-31,daily_uci,r_uci,500,1,-0.11603376726766595
2024-11-01,daily_uci,r_uci,500,1,-0.11604338458558174
2024-11-04,daily_uci,r_uci,500,1,-0.11580337958573657
2024-11-05,daily_uci,r_uci,500,1,-0.11868545617560099
2024-11-06,daily_uci,r_uci,500,1,-0.10869601739175443
2024-11-07,daily_uci,r_uci,500,1,-0.1084406414537371
2024-11-08,daily_uci,r_uci,500,1,-0.10850801433190173
2024-11-11,daily_uci,r_uci,500,1,-0.10852129043412578
2024-11-12,daily_uci,r_uci,500,1,-0.10891225824697927
2024-11-13,daily_uci,r_uci,500,1,-0.09966604491284081
2024-11-14,daily_uci,r_uci,500,1,-0.09962792496916692
2024-11-15,daily_uci,r_uci,500,1,-0.09992880172566918
2024-11-18,daily_uci,r_uci,500,1,-0.09595180372842135
2024-11-19,daily_uci,r_uci,500,1,-0.09663107061978742
2024-11-20,daily_uci,r_uci,500,1,-0.09667684933350351
2024-11-21,daily_uci,r_uci,500,1,-0.10274054666796387
2024-11-22,daily_uci,r_uci,500,1,-0.06798958305238834
2024-11-25,daily_uci,r_uci,500,1,-0.04545403075084595
2024-11-26,daily_uci,r_uci,500,1,-0.04662912990592073
2024-11-27,daily_uci,r_uci,500,1,-0.04609101511592717
2024-11-28,daily_uci,r_uci,500,1,-0.04607399316943965
2024-11-29,daily_uci,r_uci,500,1,-0.046084891540041
2024-12-02,daily_uci,r_uci,500,1,-0.046107221474928725
2024-12-03,daily_uci,r_uci,500,1,-0.046025597802987
2024-12-04,daily_uci,r_uci,500,1,-0.04153556432960639
2024-12-05,daily_uci,r_uci,500,1,-0.04081611147995444
2024-12-06,daily_uci,r_uci,500,1,-0.04077112463641206
2024-12-10,daily_uci,r_uci,500,1,-0.04040519061985908
2024-12-11,daily_uci,r_uci,500,1,-0.03913606338003782
2024-12-12,daily_uci,r_uci,500,1,-0.03995440331723892
2024-12-13,daily_uci,r_uci,500,1,-0.039778287857383264
2024-12-14,daily_uci,r_uci,500,1,-0.04022925428170692
2024-12-16,daily_uci,r_uci,500,1,-0.03894743044105518
2024-12-17,daily_uci,r_uci,500,1,-0.037985234342896586
2024-12-18,daily_uci,r_uci,500,1,-0.03821349065663956
2024-12-19,daily_uci,r_uci,500,1,-0.03826314012227674
2024-12-20,daily_uci,r_uci,500,1,-0.038300323876510445
2024-12-23,daily_uci,r_uci,500,1,-0.0380105107739671
2024-12-24,daily_uci,r_uci,500,1,-0.0374246910756619
2024-12-25,daily_uci,r_uci,500,1,-0.03572450367139016
2024-12-26,daily_uci,r_uci,500,1,-0.034806862895978646
2024-12-27,daily_uci,r_uci,500,1,-0.03676813346919887
2025-01-03,daily_uci,r_uci,500,1,-0.036840596144724805
2025-01-04,daily_uci,r_uci,500,1,-0.036935245806683024
2025-01-06,daily_uci,r_uci,500,1,-0.03686119548118992
2025-01-07,daily_uci,r_uci,500,1,-0.036974794366482974
2025-01-08,daily_uci,r_uci,500,1,-0.03677826315729846
2025-01-09,daily_uci,r_uci,500,1,-0.036793778081705544
2025-01-10,daily_uci,r_uci,500,1,-0.0365522835999457
2025-01-13,daily_uci,r_uci,500,1,-0.037757459980731524
2025-01-14,daily_uci,r_uci,500,1,-0.05477803320664281
2025-01-15,daily_uci,r_uci,500,1,-0.0576049972123469
2025-01-16,daily_uci,r_uci,500,1,-0.05753421745509748
2025-01-17,daily_uci,r_uci,500,1,-0.057418380685310064
2025-01-20,daily_uci,r_uci,500,1,-0.16134308667808567
2025-01-21,daily_uci,r_uci,500,1,-0.20536018246057614
2025-01-22,daily_uci,r_uci,500,1,-0.20482602989427096
2025-01-23,daily_uci,r_uci,500,1,-0.18768834567777848
2025-01-24,daily_uci,r_uci,500,1,-0.19837237621347198
2025-01-27,daily_uci,r_uci,500,1,-0.19761623554130303
2025-01-28,daily_uci,r_uci,500,1,-0.19616210061507539
2025-01-29,daily_uci,r_uci,500,1,-0.18834190919702737
2025-01-30,daily_uci,r_uci,500,1,-0.11624211543224154
2025-01-31,daily_uci,r_uci,500,1,-0.13420450191223574
2025-02-03,daily_uci,r_uci,500,1,-0.1331205687574622
2025-02-04,daily_uci,r_uci,500,1,-0.13384913201258924
2025-02-05,daily_uci,r_uci,500,1,-0.13419237626318772
2025-02-06,daily_uci,r_uci,500,1,-0.1348522514122049
2025-02-07,daily_uci,r_uci,500,1,-0.1384546333866042
2025-02-10,daily_uci,r_uci,500,1,-0.14201137606081285
2025-02-11,daily_uci,r_uci,500,1,-0.14124541132731008
2025-02-12,daily_uci,r_uci,500,1,-0.1407529430322011
2025-02-13,daily_uci,r_uci,500,1,-0.13968543725411278
2025-02-14,daily_uci,r_uci,500,1,-0.13878022174442983
2025-02-17,daily_uci,r_uci,500,1,-0.1382169676296716
2025-02-18,daily_uci,r_uci,500,1,-0.1392097124446979
2025-02-19,daily_uci,r_uci,500,1,-0.13827813141268677
2025-02-20,daily_uci,r_uci,500,1,-0.13919348590768113
2025-02-21,daily_uci,r_uci,500,1,-0.13926069175401204
2025-02-24,daily_uci,r_uci,500,1,-0.13927231383228872
2025-02-25,daily_uci,r_uci,500,1,-0.13993791039925804
2025-02-26,daily_uci,r_uci,500,1,-0.14219245906664565
2025-02-27,daily_uci,r_uci,500,1,-0.11725712614060316
2025-02-28,daily_uci,r_uci,500,1,-0.11730904875166673
2025-03-03,daily_uci,r_uci,500,1,-0.11744190166409732
2025-03-04,daily_uci,r_uci,500,1,-0.11677302113023717
2025-03-05,daily_uci,r_uci,500,1,-0.11743617761811825
2025-03-06,daily_uci,r_uci,500,1,-0.1168743141152274
2025-03-07,daily_uci,r_uci,500,1,-0.13018446254799107
2025-03-11,daily_uci,r_uci,500,1,-0.12531754602044218
2025-03-12,daily_uci,r_uci,500,1,-0.12675736781011848
2025-03-13,daily_uci,r_uci,500,1,-0.1286579741259347
2025-03-14,daily_uci,r_uci,500,1,-0.12922792358239923
2025-03-17,daily_uci,r_uci,500,1,-0.13130471953400477
2025-03-18,daily_uci,r_uci,500,1,-0.1301545161438994
2025-03-19,daily_uci,r_uci,500,1,-0.12944921922384967
2025-03-20,daily_uci,r_uci,500,1,-0.1295534560699161
2025-03-24,daily_uci,r_uci,500,1,-0.13367229439069125
2025-03-25,daily_uci,r_uci,500,1,-0.13288754460931643
2025-03-26,daily_uci,r_uci,500,1,-0.1330395256632415
2025-03-27,daily_uci,r_uci,500,1,-0.13315007234824144
2025-03-28,daily_uci,r_uci,500,1,-0.13306967710061948
2025-04-01,daily_uci,r_uci,500,1,-0.13208055034059624
2025-04-02,daily_uci,r_uci,500,1,-0.13141967254355139
2025-04-03,daily_uci,r_uci,500,1,-0.13241225534713189
2025-04-04,daily_uci,r_uci,500,1,-0.13127103934327955
2025-04-07,daily_uci,r_uci,500,1,-0.13035975540348485
2025-04-08,daily_uci,r_uci,500,1,-0.1288601993401267
2025-04-09,daily_uci,r_uci,500,1,-0.1327082181740158
2025-04-10,daily_uci,r_uci,500,1,-0.13351166243192195
2025-04-11,daily_uci,r_uci,500,1,-0.13358570302976577
2025-04-14,daily_uci,r_uci,500,1,-0.1337055759400423
2025-04-15,daily_uci,r_uci,500,1,-0.1334345719520927
2025-04-16,daily_uci,r_uci,500,1,-0.13372935186462206
2025-04-17,daily_uci,r_uci,500,1,-0.13446716335646633
2025-04-18,daily_uci,r_uci,500,1,-0.1339194192830282
2025-04-21,daily_uci,r_uci,500,1,-0.13399987538929178
2025-04-22,daily_uci,r_uci,500,1,-0.1339347934906529
2025-04-23,daily_uci,r_uci,500,1,-0.13381061401304986
2025-04-24,daily_uci,r_uci,500,1,-0.1324500014681056
2025-04-25,daily_uci,r_uci,500,1,-0.15025720578867166
2025-04-28,daily_uci,r_uci,500,1,-0.10985192209680754
2025-04-29,daily_uci,r_uci,500,1,-0.10260402290812742
2025-04-30,daily_uci,r_uci,500,1,-0.10659112858269097
2025-05-01,daily_uci,r_uci,500,1,-0.10814419479950667
2025-05-02,daily_uci,r_uci,500,1,-0.10919618445061495
2025-05-05,daily_uci,r_uci,500,1,-0.1106752636110137
2025-05-06,daily_uci,r_uci,500,1,-0.1108058062730327
2025-05-07,daily_uci,r_uci,500,1,-0.11080558912445317
2025-05-08,daily_uci,r_uci,500,1,-0.11048075562026934
2025-05-12,daily_uci,r_uci,500,1,-0.11030841809488161
2025-05-13,daily_uci,r_uci,500,1,-0.10883929589650729
2025-05-14,daily_uci,r_uci,500,1,-0.10756705160627063
2025-05-15,daily_uci,r_uci,500,1,-0.11654226579284004
2025-05-16,daily_uci,r_uci,500,1,-0.13003295890777322
2025-05-19,daily_uci,r_uci,500,1,-0.13125755490719643
2025-05-20,daily_uci,r_uci,500,1,-0.13281868685081846
2025-05-21,daily_uci,r_uci,500,1,-0.1314109911168028
2025-05-22,daily_uci,r_uci,500,1,-0.13185647909248313
2025-05-23,daily_uci,r_uci,500,1,-0.13125102379719494
2025-05-26,daily_uci,r_uci,500,1,-0.13173342104771946
2025-05-27,daily_uci,r_uci,500,1,-0.13172168183813185
2025-05-28,daily_uci,r_uci,500,1,-0.13244746405532296
2025-05-29,daily_uci,r_uci,500,1,-0.13403389899136225
2025-05-30,daily_uci,r_uci,500,1,-0.13464469494230355
2025-06-02,daily_uci,r_uci,500,1,-0.13507357012727603
2025-06-03,daily_uci,r_uci,500,1,-0.13692621827351115
2025-06-04,daily_uci,r_uci,500,1,-0.13910805841238436
2025-06-05,daily_uci,r_uci,500,1,-0.13732285754904144
2025-06-09,daily_uci,r_uci,500,1,-0.1371800503711647
2025-06-10,daily_uci,r_uci,500,1,-0.13689239755557456
2025-06-11,daily_uci,r_uci,500,1,-0.1373887812129052
2025-06-12,daily_uci,r_uci,500,1,-0.13742544344996493
2025-06-13,daily_uci,r_uci,500,1,-0.13721978175374097
2025-06-16,daily_uci,r_uci,500,1,-0.13476689121524815
2025-06-17,daily_uci,r_uci,500,1,-0.13424633836993483
2025-06-18,daily_uci,r_uci,500,1,-0.1345141629008292
2025-06-19,daily_uci,r_uci,500,1,-0.13458816985193858
2025-06-20,daily_uci,r_uci,500,1,-0.1333752123232641
2025-06-23,daily_uci,r_uci,500,1,-0.13075372780420536
2025-06-24,daily_uci,r_uci,500,1,-0.12908863061656997
2025-06-25,daily_uci,r_uci,500,1,-0.12881428669954464
2025-06-26,daily_uci,r_uci,500,1,-0.12874027518641704
2025-06-27,daily_uci,r_uci,500,1,-0.1285679146463573
2025-06-30,daily_uci,r_uci,500,1,-0.12802693470287993
2025-07-01,daily_uci,r_uci,500,1,-0.12986221783818072
2025-07-02,daily_uci,r_uci,500,1,-0.12748930748354484
2025-07-03,daily_uci,r_uci,500,1,-0.13477108473178398
2025-07-04,daily_uci,r_uci,500,1,-0.13490795964583027
2025-07-07,daily_uci,r_uci,500,1,-0.1354191427833037
2025-07-08,daily_uci,r_uci,500,1,-0.13143375508116434
2025-07-09,daily_uci,r_uci,500,1,-0.13192926499545923
2025-07-10,daily_uci,r_uci,500,1,-0.13203197377423964
2025-07-11,daily_uci,r_uci,500,1,-0.13204549473585422
2025-07-14,daily_uci,r_uci,500,1,-0.1318273648965704
2025-07-15,daily_uci,r_uci,500,1,-0.13144760501842817
2025-07-16,daily_uci,r_uci,500,1,-0.1311587460087631
2025-07-17,daily_uci,r_uci,500,1,-0.13137167162297242
2025-07-18,daily_uci,r_uci,500,1,-0.13141186327315865
2025-07-21,daily_uci,r_uci,500,1,-0.1335898260314774
2025-07-22,daily_uci,r_uci,500,1,-0.1818056618158357
2025-07-23,daily_uci,r_uci,500,1,-0.19855601379290197
2025-07-24,daily_uci,r_uci,500,1,-0.1991016909201083
2025-07-25,daily_uci,r_uci,500,1,-0.19942053180770847
2025-07-28,daily_uci,r_uci,500,1,-0.1999240154466818
2025-07-29,daily_uci,r_uci,500,1,-0.1935633825440111
2025-07-30,daily_uci,r_uci,500,1,-0.1872561011024055
2025-07-31,daily_uci,r_uci,500,1,-0.18725562880170507
2025-08-01,daily_uci,r_uci,500,1,-0.18738647905833203
2025-08-04,daily_uci,r_uci,500,1,-0.2027058952058235
2025-08-05,daily_uci,r_uci,500,1,-0.2021211500771823
2025-08-06,daily_uci,r_uci,500,1,-0.20092180439287652
2025-08-07,daily_uci,r_uci,500,1,-0.1999926058483192
2025-08-08,daily_uci,r_uci,500,1,-0.20529921299093648
2025-08-11,daily_uci,r_uci,500,1,-0.19655506598479836
2025-08-12,daily_uci,r_uci,500,1,-0.19717648186826017
2025-08-13,daily_uci,r_uci,500,1,-0.2028308974091506
2025-08-14,daily_uci,r_uci,500,1,-0.19527259278931822
2025-08-15,daily_uci,r_uci,500,1,-0.19008391015392168
2025-08-18,daily_uci,r_uci,500,1,-0.18924611980933198
2025-08-19,daily_uci,r_uci,500,1,-0.18717826369275514
2025-08-20,daily_uci,r_uci,500,1,-0.172965383450539
2025-08-21,daily_uci,r_uci,500,1,-0.16353254398057734
2025-08-22,daily_uci,r_uci,500,1,-0.15696244009092328
2025-08-25,daily_uci,r_uci,500,1,-0.15318422579852992
2025-08-26,daily_uci,r_uci,500,1,-0.15795236181265962
2025-08-27,daily_uci,r_uci,500,1,-0.15006878110318717
2025-08-28,daily_uci,r_uci,500,1,-0.15979875575094857
2025-08-29,daily_uci,r_uci,500,1,-0.15447972364219853
2025-09-02,daily_uci,r_uci,500,1,-0.1523042569552279
2025-09-03,daily_uci,r_uci,500,1,-0.15111665081975295
2025-09-04,daily_uci,r_uci,500,1,-0.15345403399025165
2025-09-05,daily_uci,r_uci,500,1,-0.14812453975425294
2025-09-08,daily_uci,r_uci,500,1,-0.15106025739884635
2025-09-09,daily_uci,r_uci,500,1,-0.15070830625691442
2025-09-10,daily_uci,r_uci,500,1,-0.1513896587774617
2025-09-11,daily_uci,r_uci,500,1,-0.1513156747551995
2025-09-12,daily_uci,r_uci,500,1,-0.1513339362763948
2025-09-15,daily_uci,r_uci,500,1,-0.14792599978646023
2025-09-16,daily_uci,r_uci,500,1,-0.14688226349963265
2025-09-17,daily_uci,r_uci,500,1,-0.14612831996359418
2025-09-18,daily_uci,r_uci,500,1,-0.1377228916898106
2025-09-19,daily_uci,r_uci,500,1,-0.1362845654580374
2025-09-22,daily_uci,r_uci,500,1,-0.13515877675826352
2025-09-23,daily_uci,r_uci,500,1,-0.1328166856524986
2025-09-24,daily_uci,r_uci,500,1,-0.1335427370752678
2025-09-25,daily_uci,r_uci,500,1,-0.13169425256032435
2025-09-26,daily_uci,r_uci,500,1,-0.13701278480533002
2025-09-29,daily_uci,r_uci,500,1,-0.13579744874282845
2025-09-30,daily_uci,r_uci,500,1,-0.14018405553914887
2025-10-02,daily_uci,r_uci,500,1,-0.148599405997824
2025-10-03,daily_uci,r_uci,500,1,-0.1548922788036737
2025-10-06,daily_uci,r_uci,500,1,-0.15646210272346017
2025-10-07,daily_uci,r_uci,500,1,-0.15444976557724918
2025-10-08,daily_uci,r_uci,500,1,-0.15780335723173516
2025-10-09,daily_uci,r_uci,500,1,-0.16099654467596014
2025-10-10,daily_uci,r_uci,500,1,-0.1475871808397317
2025-10-13,daily_uci,r_uci,500,1,-0.14851717835849654
2025-10-14,daily_uci,r_uci,500,1,-0.14454002007478928
2025-10-15,daily_uci,r_uci,500,1,-0.14270525938916973
2025-10-16,daily_uci,r_uci,500,1,-0.14396067720249311
2025-10-17,daily_uci,r_uci,500,1,-0.1446029984570481
2025-10-20,daily_uci,r_uci,500,1,-0.1471776388899999
2025-10-21,daily_uci,r_uci,500,1,-0.1354703999518871
2025-10-22,daily_uci,r_uci,500,1,-0.1305431435569055
2025-10-23,daily_uci,r_uci,500,1,-0.13031079909155432
2025-10-24,daily_uci,r_uci,500,1,-0.1301088676806108
2025-10-27,daily_uci,r_uci,500,1,-0.12722476963375326
2025-10-28,daily_uci,r_uci,500,1,-0.1449891546480308
2025-10-29,daily_uci,r_uci,500,1,-0.14261543037179078
2025-10-30,daily_uci,r_uci,500,1,-0.14484201841257646
2025-10-31,daily_uci,r_uci,500,1,-0.155247806594171
2025-11-03,daily_uci,r_uci,500,1,-0.15740731774859168
2025-11-04,daily_uci,r_uci,500,1,-0.15597039359297257
2025-11-05,daily_uci,r_uci,500,1,-0.1538842173811772
2025-11-06,daily_uci,r_uci,500,1,-0.1480046600472394
2025-11-07,daily_uci,r_uci,500,1,-0.15842489096039325
2025-11-10,daily_uci,r_uci,500,1,-0.15608846929927486
2025-11-11,daily_uci,r_uci,500,1,-0.15499887358658176
2025-11-12,daily_uci,r_uci,500,1,-0.1713804050657521
2025-11-13,daily_uci,r_uci,500,1,-0.16236503457287565
2025-11-14,daily_uci,r_uci,500,1,-0.15085921939286198
2025-11-17,daily_uci,r_uci,500,1,-0.13010778998904365
2025-11-18,daily_uci,r_uci,500,1,-0.13694377887982243
2025-11-19,daily_uci,r_uci,500,1,-0.13295657429371424
2025-11-20,daily_uci,r_uci,500,1,-0.1321480339119487
2025-11-21,daily_uci,r_uci,500,1,-0.13157813028052306
2025-11-24,daily_uci,r_uci,500,1,-0.13073236890349135
2025-11-25,daily_uci,r_uci,500,1,-0.13174989963317751
2025-11-26,daily_uci,r_uci,500,1,-0.12258729767725174
2025-11-27,daily_uci,r_uci,500,1,-0.12359488946137098
2025-11-28,daily_uci,r_uci,500,1,-0.12367666691947342
2025-12-01,daily_uci,r_uci,500,1,-0.12947452121819536
2025-12-02,daily_uci,r_uci,500,1,-0.137273133758466
2025-12-03,daily_uci,r_uci,500,1,-0.13509250377254206
2025-12-04,daily_uci,r_uci,500,1,-0.1381407272352731
2025-12-05,daily_uci,r_uci,500,1,-0.14563594712630404
2025-12-09,daily_uci,r_uci,500,1,-0.14879918992028912
2025-12-10,daily_uci,r_uci,500,1,-0.1494527764703947
2025-12-11,daily_uci,r_uci,500,1,-0.14744960092952417
2025-12-12,daily_uci,r_uci,500,1,-0.14830441227241298
2025-12-15,daily_uci,r_uci,500,1,-0.14793533575885648
2025-12-16,daily_uci,r_uci,500,1,-0.14097473959263115
2025-12-17,daily_uci,r_uci,500,1,-0.13503610646669884
2025-12-18,daily_uci,r_uci,500,1,-0.1341082202618803
2025-12-19,daily_uci,r_uci,500,1,-0.13586497559248148
2025-12-22,daily_uci,r_uci,500,1,-0.1303778978701305
2025-12-23,daily_uci,r_uci,500,1,-0.12744035510705837
2025-12-24,daily_uci,r_uci,500,1,-0.11080073688111615
2025-12-25,daily_uci,r_uci,500,1,-0.10577031669421198
2025-12-26,daily_uci,r_uci,500,1,-0.10993163307388486
2025-12-29,daily_uci,r_uci,500,1,-0.12261633129520323
2025-12-30,daily_uci,r_uci,500,1,-0.11828457120829534
2026-01-05,daily_uci,r_uci,500,1,-0.12181760395013926
2026-01-06,daily_uci,r_uci,500,1,-0.12700308795666596
2026-01-07,daily_uci,r_uci,500,1,-0.11532051032015903
2026-01-08,daily_uci,r_uci,500,1,-0.12215593647067345
2026-01-09,daily_uci,r_uci,500,1,-0.11268667000947322
2026-01-12,daily_uci,r_uci,500,1,-0.1088443466183349
2026-01-13,daily_uci,r_uci,500,1,-0.10972191646675367
2026-01-14,daily_uci,r_uci,500,1,-0.11273452047757898
2026-01-15,daily_uci,r_uci,500,1,-0.1254189700333869
2026-01-16,daily_uci,r_uci,500,1,-0.11099553582899616
2026-01-19,daily_uci,r_uci,500,1,-0.11133732283558481
2026-01-20,daily_uci,r_uci,500,1,-0.10616989263908967
2026-01-21,daily_uci,r_uci,500,1,-0.09008664197448013
2026-01-22,daily_uci,r_uci,500,1,-0.09193435351084343
2026-01-23,daily_uci,r_uci,500,1,-0.0918238715579635
2026-01-26,daily_uci,r_uci,500,1,-0.09346758917597996
2026-01-27,daily_uci,r_uci,500,1,-0.08644690428365016
2026-01-28,daily_uci,r_uci,500,1,-0.09870385037465473
2026-01-29,daily_uci,r_uci,500,1,-0.10270754418077402
2026-01-30,daily_uci,r_uci,500,1,-0.1040469218285201
2026-02-02,daily_uci,r_uci,500,1,-0.11098830792923674
2026-02-03,daily_uci,r_uci,500,1,-0.10593114312286886
2026-02-04,daily_uci,r_uci,500,1,-0.10318931739859571
2026-02-05,daily_uci,r_uci,500,1,-0.10568436046919084
2026-02-06,daily_uci,r_uci,500,1,-0.10804458931538616
2026-02-09,daily_uci,r_uci,500,1,-0.10243637525345783
2026-02-10,daily_uci,r_uci,500,1,-0.11574384444330658
2026-02-11,daily_uci,r_uci,500,1,-0.1084229262661682
2026-02-12,daily_uci,r_uci,500,1,-0.11026891147979564
2026-02-13,daily_uci,r_uci,500,1,-0.10958786425939071
2026-02-16,daily_uci,r_uci,500,1,-0.1074350036539947
2026-02-17,daily_uci,r_uci,500,1,-0.10435046222781465
2026-02-18,daily_uci,r_uci,500,1,-0.10462647394935201
2026-02-19,daily_uci,r_uci,500,1,-0.11025146593075685
2026-02-20,daily_uci,r_uci,500,1,-0.10911526189874791
2026-02-23,daily_uci,r_uci,500,1,-0.1081121842975099
2026-02-24,daily_uci,r_uci,500,1,-0.10933497302253112
2026-02-25,daily_uci,r_uci,500,1,-0.10994027333049221
2026-02-26,daily_uci,r_uci,500,1,-0.11055582490117953
2026-02-27,daily_uci,r_uci,500,1,-0.10238778884418807
2026-03-02,daily_uci,r_uci,500,1,-0.10401054256724643
2026-03-03,daily_uci,r_uci,500,1,-0.10768415999948341
2026-03-04,daily_uci,r_uci,500,1,-0.08195459371299722
2026-03-05,daily_uci,r_uci,500,1,-0.09933277814014702
2026-03-06,daily_uci,r_uci,500,1,-0.09413048295562314
2026-03-10,daily_uci,r_uci,500,1,-0.09505086685287069
2026-03-11,daily_uci,r_uci,500,1,-0.09517670086161255
2026-03-12,daily_uci,r_uci,500,1,-0.10092320679039136
2026-03-13,daily_uci,r_uci,500,1,-0.08926793417279308
2026-03-16,daily_uci,r_uci,500,1,-0.09021598888317225
2026-03-17,daily_uci,r_uci,500,1,-0.13677031368024778
2026-03-18,daily_uci,r_uci,500,1,-0.1446615469243982
2026-03-19,daily_uci,r_uci,500,1,-0.1439931676196039
2026-03-24,daily_uci,r_uci,500,1,-0.14059707614137704
2026-03-25,daily_uci,r_uci,500,1,-0.1402140636681856
2026-03-26,daily_uci,r_uci,500,1,-0.13939261643219694
2026-03-27,daily_uci,r_uci,500,1,-0.13917987755139066
2026-03-30,daily_uci,r_uci,500,1,-0.1394006142002081
2026-03-31,daily_uci,r_uci,500,1,-0.13856604531442032
2026-04-01,daily_uci,r_uci,500,1,-0.13866128910996914
2026-04-02,daily_uci,r_uci,500,1,-0.13847165920175805
2026-04-03,daily_uci,r_uci,500,1,-0.13864765691415362
2026-04-06,daily_uci,r_uci,500,1,-0.13815233824129763
2026-04-07,daily_uci,r_uci,500,1,-0.13784679662896712
2026-04-08,daily_uci,r_uci,500,1,-0.13809433410419517
2026-04-09,daily_uci,r_uci,500,1,-0.13892892013105015
2026-04-10,daily_uci,r_uci,500,1,-0.14023348752456347
2026-04-13,daily_uci,r_uci,500,1,-0.14019725144065134
2026-04-14,daily_uci,r_uci,500,1,-0.13979373107590343
2026-04-15,daily_uci,r_uci,500,1,-0.14003826252687582
2026-04-16,daily_uci,r_uci,500,1,-0.139283942432657
2026-04-17,daily_uci,r_uci,500,1,-0.13953535495655786
2026-04-20,daily_uci,r_uci,500,1,-0.1337520131490977
2026-04-21,daily_uci,r_uci,500,1,-0.15906801474367235
2026-04-22,daily_uci,r_uci,500,1,-0.1788975717482944
2026-04-23,daily_uci,r_uci,500,1,-0.20123943073085074
2026-04-24,daily_uci,r_uci,500,1,-0.1992557071981137
2026-04-27,daily_uci,r_uci,500,1,-0.19914064666233236
2026-04-28,daily_uci,r_uci,500,1,-0.1985276051189533
2026-04-29,daily_uci,r_uci,500,1,-0.19621541686555907
2026-04-30,daily_uci,r_uci,500,1,-0.197126618038656
2018-10-03,daily_fx,r_fx,500,1,-0.004666448270729033
2018-10-04,daily_fx,r_fx,500,1,-0.004715747918768021
2018-10-05,daily_fx,r_fx,500,1,-0.0047075719847166145
2018-10-08,daily_fx,r_fx,500,1,-0.0047075719847166145
2018-10-09,daily_fx,r_fx,500,1,-0.004700338396599282
2018-10-10,daily_fx,r_fx,500,1,-0.0046931158863594705
2018-10-11,daily_fx,r_fx,500,1,-0.0046931158863594705
2018-10-12,daily_fx,r_fx,500,1,-0.0046931158863594705
2018-10-15,daily_fx,r_fx,500,1,-0.0046931158863594705
2018-10-16,daily_fx,r_fx,500,1,-0.004699941186336397
2018-10-17,daily_fx,r_fx,500,1,-0.00470677637896366
2018-10-18,daily_fx,r_fx,500,1,-0.00470677637896366
2018-10-19,daily_fx,r_fx,500,1,-0.00470677637896366
2018-10-22,daily_fx,r_fx,500,1,-0.004699159932659933
2018-10-23,daily_fx,r_fx,500,1,-0.00470187466753626
2018-10-24,daily_fx,r_fx,500,1,-0.00471221618490297
2018-10-25,daily_fx,r_fx,500,1,-0.0047122161849029705
2018-10-26,daily_fx,r_fx,500,1,-0.004712216184902971
2018-10-29,daily_fx,r_fx,500,1,-0.004704248549626532
2018-10-30,daily_fx,r_fx,500,1,-0.004702446646389537
2018-10-31,daily_fx,r_fx,500,1,-0.0047086069841044504
2018-11-01,daily_fx,r_fx,500,1,-0.0047086069841044504
2018-11-02,daily_fx,r_fx,500,1,-0.00470860698410445
2018-11-05,daily_fx,r_fx,500,1,-0.004680273770224057
2018-11-06,daily_fx,r_fx,500,1,-0.004659545282434562
2018-11-07,daily_fx,r_fx,500,1,-0.00466699193553922
2018-11-08,daily_fx,r_fx,500,1,-0.0046669919355392196
2018-11-09,daily_fx,r_fx,500,1,-0.0046669919355392196
2018-11-12,daily_fx,r_fx,500,1,-0.004638784887540221
2018-11-13,daily_fx,r_fx,500,1,-0.004622743841956653
2018-11-14,daily_fx,r_fx,500,1,-0.004634771047296862
2018-11-15,daily_fx,r_fx,500,1,-0.004634771047296863
2018-11-16,daily_fx,r_fx,500,1,-0.004634771047296864
2018-11-19,daily_fx,r_fx,500,1,-0.004606648183425864
2018-11-20,daily_fx,r_fx,500,1,-0.004582210219704364
2018-11-21,daily_fx,r_fx,500,1,-0.004585727749886857
2018-11-22,daily_fx,r_fx,500,1,-0.004585727749886857
2018-11-23,daily_fx,r_fx,500,1,-0.004585727749886857
2018-11-26,daily_fx,r_fx,500,1,-0.004557756868305586
2018-11-27,daily_fx,r_fx,500,1,-0.00454201224880452
2018-11-28,daily_fx,r_fx,500,1,-0.00455410046763409
2018-11-29,daily_fx,r_fx,500,1,-0.00455410046763409
2018-11-30,daily_fx,r_fx,500,1,-0.00455410046763409
2018-12-03,daily_fx,r_fx,500,1,-0.004526967171934895
2018-12-04,daily_fx,r_fx,500,1,-0.0045086608859300084
2018-12-05,daily_fx,r_fx,500,1,-0.0045173434296205675
2018-12-06,daily_fx,r_fx,500,1,-0.004517343429620567
2018-12-07,daily_fx,r_fx,500,1,-0.004517343429620567
2018-12-10,daily_fx,r_fx,500,1,-0.00449031580087744
2018-12-11,daily_fx,r_fx,500,1,-0.004462228567534754
2018-12-12,daily_fx,r_fx,500,1,-0.004461008155793178
2018-12-13,daily_fx,r_fx,500,1,-0.004461008155793178
2018-12-14,daily_fx,r_fx,500,1,-0.004461008155793178
2018-12-17,daily_fx,r_fx,500,1,-0.004434146597549049
2018-12-18,daily_fx,r_fx,500,1,-0.0044145351913908275
2018-12-19,daily_fx,r_fx,500,1,-0.00442163553627811
2018-12-20,daily_fx,r_fx,500,1,-0.00442163553627811
2018-12-21,daily_fx,r_fx,500,1,-0.004421635536278111
2018-12-24,daily_fx,r_fx,500,1,-0.004394890662858466
2018-12-25,daily_fx,r_fx,500,1,-0.00437590156984446
2018-12-26,daily_fx,r_fx,500,1,-0.00438350931751055
2018-12-27,daily_fx,r_fx,500,1,-0.00438350931751055
2018-12-28,daily_fx,r_fx,500,1,-0.00438350931751055
2018-12-29,daily_fx,r_fx,500,1,-0.004356878817215215
2019-01-04,daily_fx,r_fx,500,1,-0.004328619060500991
2019-01-05,daily_fx,r_fx,500,1,-0.004326829343562486
2019-01-07,daily_fx,r_fx,500,1,-0.004326829343562486
2019-01-08,daily_fx,r_fx,500,1,-0.004327273881545641
2019-01-09,daily_fx,r_fx,500,1,-0.004308257250090771
2019-01-10,daily_fx,r_fx,500,1,-0.004288883229710992
2019-01-11,daily_fx,r_fx,500,1,-0.004288883229710993
2019-01-14,daily_fx,r_fx,500,1,-0.0042888832297109936
2019-01-15,daily_fx,r_fx,500,1,-0.004279869216169087
2019-01-16,daily_fx,r_fx,500,1,-0.004270874077242116
2019-01-17,daily_fx,r_fx,500,1,-0.004270874077242116
2019-01-18,daily_fx,r_fx,500,1,-0.004270874077242117
2019-01-21,daily_fx,r_fx,500,1,-0.004270874077242117
2019-01-22,daily_fx,r_fx,500,1,-0.004263354118118631
2019-01-23,daily_fx,r_fx,500,1,-0.004255847350429394
2019-01-24,daily_fx,r_fx,500,1,-0.004255847350429395
2019-01-25,daily_fx,r_fx,500,1,-0.004255847350429395
2019-01-28,daily_fx,r_fx,500,1,-0.004255847350429395
2019-01-29,daily_fx,r_fx,500,1,-0.004240200698125718
2019-01-30,daily_fx,r_fx,500,1,-0.004224611356492765
2019-01-31,daily_fx,r_fx,500,1,-0.004224611356492764
2019-02-01,daily_fx,r_fx,500,1,-0.004224611356492765
2019-02-04,daily_fx,r_fx,500,1,-0.004224611356492763
2019-02-05,daily_fx,r_fx,500,1,-0.004222215110636701
2019-02-06,daily_fx,r_fx,500,1,-0.004219820218862602
2019-02-07,daily_fx,r_fx,500,1,-0.0042198202188626025
2019-02-08,daily_fx,r_fx,500,1,-0.004219820218862603
2019-02-11,daily_fx,r_fx,500,1,-0.004213949455931705
2019-02-12,daily_fx,r_fx,500,1,-0.004204697939897568
2019-02-13,daily_fx,r_fx,500,1,-0.004201311768635042
2019-02-14,daily_fx,r_fx,500,1,-0.004201311768635041
2019-02-15,daily_fx,r_fx,500,1,-0.004201311768635039
2019-02-18,daily_fx,r_fx,500,1,-0.004191502584370052
2019-02-19,daily_fx,r_fx,500,1,-0.004180154035138978
2019-02-20,daily_fx,r_fx,500,1,-0.004178592435076401
2019-02-21,daily_fx,r_fx,500,1,-0.004178592435076402
2019-02-22,daily_fx,r_fx,500,1,-0.004178592435076403
2019-02-25,daily_fx,r_fx,500,1,-0.004158950282732713
2019-02-26,daily_fx,r_fx,500,1,-0.0041451770610870815
2019-02-27,daily_fx,r_fx,500,1,-0.004150962042222695
2019-02-28,daily_fx,r_fx,500,1,-0.004150962042222696
2019-03-01,daily_fx,r_fx,500,1,-0.004150962042222697
2019-03-04,daily_fx,r_fx,500,1,-0.004131163587801676
2019-03-05,daily_fx,r_fx,500,1,-0.004106085548953007
2019-03-06,daily_fx,r_fx,500,1,-0.004100718890576416
2019-03-07,daily_fx,r_fx,500,1,-0.004100718890576416
2019-03-12,daily_fx,r_fx,500,1,-0.004090796993284317
2019-03-13,daily_fx,r_fx,500,1,-0.004061646288144231
2019-03-14,daily_fx,r_fx,500,1,-0.004042484042557059
2019-03-15,daily_fx,r_fx,500,1,-0.0040424840425570575
2019-03-18,daily_fx,r_fx,500,1,-0.0040424840425570575
2019-03-19,daily_fx,r_fx,500,1,-0.00404453777151462
2019-03-20,daily_fx,r_fx,500,1,-0.004027347521881438
2019-03-25,daily_fx,r_fx,500,1,-0.004008193672419591
2019-03-26,daily_fx,r_fx,500,1,-0.004014373548621829
2019-03-27,daily_fx,r_fx,500,1,-0.0040205629156285505
2019-03-28,daily_fx,r_fx,500,1,-0.0040205629156285505
2019-03-29,daily_fx,r_fx,500,1,-0.003959395613276544
2019-04-01,daily_fx,r_fx,500,1,-0.003899155142909225
2019-04-02,daily_fx,r_fx,500,1,-0.003914234904168306
2019-04-03,daily_fx,r_fx,500,1,-0.0039293727491085065
2019-04-04,daily_fx,r_fx,500,1,-0.003929372749108505
2019-04-05,daily_fx,r_fx,500,1,-0.003869771393976946
2019-04-08,daily_fx,r_fx,500,1,-0.0038110703615518195
2019-04-09,daily_fx,r_fx,500,1,-0.003826975412440905
2019-04-10,daily_fx,r_fx,500,1,-0.003842946565620129
2019-04-11,daily_fx,r_fx,500,1,-0.003842946565620128
2019-04-12,daily_fx,r_fx,500,1,-0.003784228478000327
2019-04-15,daily_fx,r_fx,500,1,-0.0037264037952753864
2019-04-16,daily_fx,r_fx,500,1,-0.0037283881025431064
2019-04-17,daily_fx,r_fx,500,1,-0.0037303734619958573
2019-04-18,daily_fx,r_fx,500,1,-0.0036735689203661404
2019-04-19,daily_fx,r_fx,500,1,-0.0036176256269335387
2019-04-22,daily_fx,r_fx,500,1,-0.0036176256269335396
2019-04-23,daily_fx,r_fx,500,1,-0.003610758060471367
2019-04-24,daily_fx,r_fx,500,1,-0.0036039034747184875
2019-04-25,daily_fx,r_fx,500,1,-0.0036039034747184866
2019-04-26,daily_fx,r_fx,500,1,-0.0035483554516048178
2019-04-29,daily_fx,r_fx,500,1,-0.003493659768224933
2019-04-30,daily_fx,r_fx,500,1,-0.00349564633724504
2019-05-01,daily_fx,r_fx,500,1,-0.003444930487359302
2019-05-02,daily_fx,r_fx,500,1,-0.0033930174344128958
2019-05-03,daily_fx,r_fx,500,1,-0.0033930174344128953
2019-05-06,daily_fx,r_fx,500,1,-0.0033930174344128958
2019-05-07,daily_fx,r_fx,500,1,-0.0033946287579352326
2019-05-08,daily_fx,r_fx,500,1,-0.00336533793065991
2019-05-10,daily_fx,r_fx,500,1,-0.003334714886555164
2019-05-13,daily_fx,r_fx,500,1,-0.003334714886555162
2019-05-14,daily_fx,r_fx,500,1,-0.0033390641125497053
2019-05-15,daily_fx,r_fx,500,1,-0.003343418984119804
2019-05-16,daily_fx,r_fx,500,1,-0.0033133969909440743
2019-05-17,daily_fx,r_fx,500,1,-0.0032836432911518836
2019-05-20,daily_fx,r_fx,500,1,-0.003283643291151882
2019-05-21,daily_fx,r_fx,500,1,-0.0032849283412945515
2019-05-22,daily_fx,r_fx,500,1,-0.003286213891930253
2019-05-23,daily_fx,r_fx,500,1,-0.003256163609270622
2019-05-24,daily_fx,r_fx,500,1,-0.0032263867820028587
2019-05-27,daily_fx,r_fx,500,1,-0.0032263867820028587
2019-05-28,daily_fx,r_fx,500,1,-0.0032378725896275978
2019-05-29,daily_fx,r_fx,500,1,-0.003249399085818179
2019-05-30,daily_fx,r_fx,500,1,-0.003220596134600716
2019-05-31,daily_fx,r_fx,500,1,-0.003192047241596226
2019-06-01,daily_fx,r_fx,500,1,-0.003192047241596226
2019-06-03,daily_fx,r_fx,500,1,-0.0031920472415962247
2019-06-04,daily_fx,r_fx,500,1,-0.0032046500784421797
2019-06-07,daily_fx,r_fx,500,1,-0.0031874493360718953
2019-06-10,daily_fx,r_fx,500,1,-0.0031578718749614475
2019-06-11,daily_fx,r_fx,500,1,-0.0031601891822639378
2019-06-12,daily_fx,r_fx,500,1,-0.003162508181571111
2019-06-13,daily_fx,r_fx,500,1,-0.0031625081815711124
2019-06-14,daily_fx,r_fx,500,1,-0.0031625081815711133
2019-06-17,daily_fx,r_fx,500,1,-0.003130937016238295
2019-06-18,daily_fx,r_fx,500,1,-0.003107324538546701
2019-06-19,daily_fx,r_fx,500,1,-0.0031149884053399313
2019-06-20,daily_fx,r_fx,500,1,-0.0030905221279790237
2019-06-21,daily_fx,r_fx,500,1,-0.0030662470354273063
2019-06-24,daily_fx,r_fx,500,1,-0.0030662470354273063
2019-06-25,daily_fx,r_fx,500,1,-0.003078060583402793
2019-06-26,daily_fx,r_fx,500,1,-0.0030899194113710084
2019-06-27,daily_fx,r_fx,500,1,-0.0030595504984431113
2019-06-28,daily_fx,r_fx,500,1,-0.003029478519851736
2019-07-01,daily_fx,r_fx,500,1,-0.003029478519851736
2019-07-02,daily_fx,r_fx,500,1,-0.0030349488306161735
2019-07-03,daily_fx,r_fx,500,1,-0.0030404289676461563
2019-07-04,daily_fx,r_fx,500,1,-0.0030149994662641132
2019-07-05,daily_fx,r_fx,500,1,-0.002989781537097332
2019-07-08,daily_fx,r_fx,500,1,-0.002989781537097331
2019-07-09,daily_fx,r_fx,500,1,-0.0029913680943571886
2019-07-10,daily_fx,r_fx,500,1,-0.0029929554891048368
2019-07-11,daily_fx,r_fx,500,1,-0.002965705440015246
2019-07-12,daily_fx,r_fx,500,1,-0.0029387021729548445
2019-07-15,daily_fx,r_fx,500,1,-0.002938702172954843
2019-07-16,daily_fx,r_fx,500,1,-0.0029413679570109747
2019-07-17,daily_fx,r_fx,500,1,-0.0029440361463124467
2019-07-18,daily_fx,r_fx,500,1,-0.0029166734315869552
2019-07-19,daily_fx,r_fx,500,1,-0.0028895636556528835
2019-07-22,daily_fx,r_fx,500,1,-0.0028895636556528835
2019-07-23,daily_fx,r_fx,500,1,-0.002906681624329603
2019-07-24,daily_fx,r_fx,500,1,-0.0029239004439734007
2019-07-25,daily_fx,r_fx,500,1,-0.002897752822622551
2019-07-26,daily_fx,r_fx,500,1,-0.0028718377569928195
2019-07-29,daily_fx,r_fx,500,1,-0.0028718377569928195
2019-07-30,daily_fx,r_fx,500,1,-0.0028897485116432535
2019-07-31,daily_fx,r_fx,500,1,-0.002907770352431064
2019-08-01,daily_fx,r_fx,500,1,-0.0028819407373492684
2019-08-02,daily_fx,r_fx,500,1,-0.0028563393077765363
2019-08-05,daily_fx,r_fx,500,1,-0.0028563393077765354
2019-08-06,daily_fx,r_fx,500,1,-0.0028724246142790046
2019-08-07,daily_fx,r_fx,500,1,-0.0028627212882673747
2019-08-08,daily_fx,r_fx,500,1,-0.002837073140852692
2019-08-09,daily_fx,r_fx,500,1,-0.002837073140852692
2019-08-12,daily_fx,r_fx,500,1,-0.0029095028323583975
2019-08-13,daily_fx,r_fx,500,1,-0.002983770991613414
2019-08-14,daily_fx,r_fx,500,1,-0.00295770134000038
2019-08-15,daily_fx,r_fx,500,1,-0.0029318582464794704
2019-08-16,daily_fx,r_fx,500,1,-0.003004753596011983
2019-08-19,daily_fx,r_fx,500,1,-0.003079451267751911
2019-08-20,daily_fx,r_fx,500,1,-0.0030794512677519105
2019-08-21,daily_fx,r_fx,500,1,-0.003182211246545778
2019-08-22,daily_fx,r_fx,500,1,-0.0032883813163636162
2019-08-23,daily_fx,r_fx,500,1,-0.003288381316363615
2019-08-26,daily_fx,r_fx,500,1,-0.003288381316363615
2019-08-27,daily_fx,r_fx,500,1,-0.0032841504328314573
2019-08-28,daily_fx,r_fx,500,1,-0.0032530553422650587
2019-08-29,daily_fx,r_fx,500,1,-0.003226404771317506
2019-08-30,daily_fx,r_fx,500,1,-0.0032264047713175055
2019-09-04,daily_fx,r_fx,500,1,-0.0032264047713175064
2019-09-05,daily_fx,r_fx,500,1,-0.0032308233263781375
2019-09-06,daily_fx,r_fx,500,1,-0.0032086661044300755
2019-09-07,daily_fx,r_fx,500,1,-0.0031823016375632607
2019-09-09,daily_fx,r_fx,500,1,-0.00318230163756326
2019-09-10,daily_fx,r_fx,500,1,-0.0031868577799134936
2019-09-11,daily_fx,r_fx,500,1,-0.0031914204131433485
2019-09-12,daily_fx,r_fx,500,1,-0.0031651125869140866
2019-09-13,daily_fx,r_fx,500,1,-0.0031390205445010113
2019-09-16,daily_fx,r_fx,500,1,-0.0031390205445010117
2019-09-17,daily_fx,r_fx,500,1,-0.0031454198332216262
2019-09-18,daily_fx,r_fx,500,1,-0.0031518321023310146
2019-09-19,daily_fx,r_fx,500,1,-0.003126018161407192
2019-09-20,daily_fx,r_fx,500,1,-0.0031004145748802776
2019-09-23,daily_fx,r_fx,500,1,-0.003100414574880278
2019-09-24,daily_fx,r_fx,500,1,-0.003105781397848023
2019-09-25,daily_fx,r_fx,500,1,-0.0031111574636879854
2019-09-26,daily_fx,r_fx,500,1,-0.0030856525159138138
2019-09-27,daily_fx,r_fx,500,1,-0.003060355587784883
2019-09-30,daily_fx,r_fx,500,1,-0.0030603555877848827
2019-10-02,daily_fx,r_fx,500,1,-0.003069235571472706
2019-10-03,daily_fx,r_fx,500,1,-0.003078141188877524
2019-10-04,daily_fx,r_fx,500,1,-0.003052840073428828
2019-10-07,daily_fx,r_fx,500,1,-0.0030277458503338768
2019-10-08,daily_fx,r_fx,500,1,-0.003022412492596518
2019-10-09,daily_fx,r_fx,500,1,-0.0030170884810073245
2019-10-10,daily_fx,r_fx,500,1,-0.0065395465775639145
2019-10-11,daily_fx,r_fx,500,1,-0.012729018211563659
2019-10-14,daily_fx,r_fx,500,1,-0.012729018211563659
2019-10-15,daily_fx,r_fx,500,1,-0.012947781763431537
2019-10-16,daily_fx,r_fx,500,1,-0.013169712774925462
2019-10-17,daily_fx,r_fx,500,1,-0.013269470959604063
2019-10-18,daily_fx,r_fx,500,1,-0.013369884275972702
2019-10-21,daily_fx,r_fx,500,1,-0.013369884275972702
2019-10-22,daily_fx,r_fx,500,1,-0.013296942440751067
2019-10-23,daily_fx,r_fx,500,1,-0.013224345734599689
2019-10-24,daily_fx,r_fx,500,1,-0.0134139932310855
2019-10-25,daily_fx,r_fx,500,1,-0.013606012124684918
2019-10-28,daily_fx,r_fx,500,1,-0.013606012124684918
2019-10-29,daily_fx,r_fx,500,1,-0.0137608500421539
2019-10-30,daily_fx,r_fx,500,1,-0.013917195862592054
2019-10-31,daily_fx,r_fx,500,1,-0.014055419148140114
2019-11-01,daily_fx,r_fx,500,1,-0.014194843833791064
2019-11-04,daily_fx,r_fx,500,1,-0.014194843833791063
2019-11-05,daily_fx,r_fx,500,1,-0.014237337688096062
2019-11-06,daily_fx,r_fx,500,1,-0.014279941939820037
2019-11-07,daily_fx,r_fx,500,1,-0.014361006357772547
2019-11-08,daily_fx,r_fx,500,1,-0.014442473495396313
2019-11-11,daily_fx,r_fx,500,1,-0.014442473495396313
2019-11-12,daily_fx,r_fx,500,1,-0.014688148065248246
2019-11-13,daily_fx,r_fx,500,1,-0.014937403894389337
2019-11-14,daily_fx,r_fx,500,1,-0.015055426301735732
2019-11-15,daily_fx,r_fx,500,1,-0.01517427114385359
2019-11-18,daily_fx,r_fx,500,1,-0.01517427114385359
2019-11-19,daily_fx,r_fx,500,1,-0.015286512610824901
2019-11-20,daily_fx,r_fx,500,1,-0.015399477748953425
2019-11-21,daily_fx,r_fx,500,1,-0.015311557345553353
2019-11-22,daily_fx,r_fx,500,1,-0.015224076021852377
2019-11-25,daily_fx,r_fx,500,1,-0.015224076021852374
2019-11-26,daily_fx,r_fx,500,1,-0.015152034228059085
2019-11-27,daily_fx,r_fx,500,1,-0.015080293032518665
2019-11-28,daily_fx,r_fx,500,1,-0.014940971231985968
2019-11-29,daily_fx,r_fx,500,1,-0.014802768384480677
2019-12-02,daily_fx,r_fx,500,1,-0.014802768384480676
2019-12-03,daily_fx,r_fx,500,1,-0.014977693030613122
2019-12-04,daily_fx,r_fx,500,1,-0.015154405498503127
2019-12-05,daily_fx,r_fx,500,1,-0.015044210335771978
2019-12-06,daily_fx,r_fx,500,1,-0.014934713625825609
2019-12-09,daily_fx,r_fx,500,1,-0.01493471362582561
2019-12-10,daily_fx,r_fx,500,1,-0.015212626187455914
2019-12-11,daily_fx,r_fx,500,1,-0.015494981171153902
2019-12-12,daily_fx,r_fx,500,1,-0.015639816095290793
2019-12-13,daily_fx,r_fx,500,1,-0.01578585211503087
2019-12-16,daily_fx,r_fx,500,1,-0.01578585211503087
2019-12-17,daily_fx,r_fx,500,1,-0.015726224849179165
2019-12-18,daily_fx,r_fx,500,1,-0.015666796946676397
2019-12-19,daily_fx,r_fx,500,1,-0.015644414624264445
2019-12-20,daily_fx,r_fx,500,1,-0.015622060452141985
2019-12-23,daily_fx,r_fx,500,1,-0.015622060452141996
2019-12-24,daily_fx,r_fx,500,1,-0.01543247888993768
2019-12-25,daily_fx,r_fx,500,1,-0.015044176593457867
2019-12-26,daily_fx,r_fx,500,1,-0.014845701109882028
2019-12-27,daily_fx,r_fx,500,1,-0.014845701109882028
2019-12-28,daily_fx,r_fx,500,1,-0.01484570110988203
2019-12-30,daily_fx,r_fx,500,1,-0.014845701109882037
2020-01-03,daily_fx,r_fx,500,1,-0.01460859567650461
2020-01-04,daily_fx,r_fx,500,1,-0.01437479736919179
2020-01-06,daily_fx,r_fx,500,1,-0.014374797369191793
2020-01-07,daily_fx,r_fx,500,1,-0.014378421018927702
2020-01-08,daily_fx,r_fx,500,1,-0.014382045465011642
2020-01-09,daily_fx,r_fx,500,1,-0.0143762439713597
2020-01-10,daily_fx,r_fx,500,1,-0.014370444517755971
2020-01-13,daily_fx,r_fx,500,1,-0.01437044451775597
2020-01-14,daily_fx,r_fx,500,1,-0.014792895310970475
2020-01-15,daily_fx,r_fx,500,1,-0.015270194203761333
2020-01-16,daily_fx,r_fx,500,1,-0.015314694727652697
2020-01-17,daily_fx,r_fx,500,1,-0.015314694727652697
2020-01-20,daily_fx,r_fx,500,1,-0.015314694727652699
2020-01-21,daily_fx,r_fx,500,1,-0.0149415079263679
2020-01-22,daily_fx,r_fx,500,1,-0.01654729842432027
2020-01-23,daily_fx,r_fx,500,1,-0.01634600046153216
2020-01-24,daily_fx,r_fx,500,1,-0.016346000461532163
2020-01-27,daily_fx,r_fx,500,1,-0.0163164585795888
2020-01-28,daily_fx,r_fx,500,1,-0.016456131132685948
2020-01-29,daily_fx,r_fx,500,1,-0.016627049131230243
2020-01-30,daily_fx,r_fx,500,1,-0.016627049131230243
2020-01-31,daily_fx,r_fx,500,1,-0.016627049131230243
2020-02-03,daily_fx,r_fx,500,1,-0.0165342304092209
2020-02-04,daily_fx,r_fx,500,1,-0.01619328599016322
2020-02-05,daily_fx,r_fx,500,1,-0.015948402270668773
2020-02-06,daily_fx,r_fx,500,1,-0.015948402270668776
2020-02-07,daily_fx,r_fx,500,1,-0.015948402270668776
2020-02-10,daily_fx,r_fx,500,1,-0.01573953226456052
2020-02-11,daily_fx,r_fx,500,1,-0.015505863859957822
2020-02-12,daily_fx,r_fx,500,1,-0.015478378777915417
2020-02-13,daily_fx,r_fx,500,1,-0.01547837877791542
2020-02-14,daily_fx,r_fx,500,1,-0.01547837877791542
2020-02-17,daily_fx,r_fx,500,1,-0.015337223151698748
2020-02-18,daily_fx,r_fx,500,1,-0.015082407373387997
2020-02-19,daily_fx,r_fx,500,1,-0.014968329369280218
2020-02-20,daily_fx,r_fx,500,1,-0.014968329369280218
2020-02-21,daily_fx,r_fx,500,1,-0.014968329369280218
2020-02-24,daily_fx,r_fx,500,1,-0.014837177516029384
2020-02-25,daily_fx,r_fx,500,1,-0.01468423708290156
2020-02-26,daily_fx,r_fx,500,1,-0.01466133513049893
2020-02-27,daily_fx,r_fx,500,1,-0.014661335130498929
2020-02-28,daily_fx,r_fx,500,1,-0.014661335130498925
2020-03-02,daily_fx,r_fx,500,1,-0.014644853066935084
2020-03-03,daily_fx,r_fx,500,1,-0.014496321245978865
2020-03-04,daily_fx,r_fx,500,1,-0.014365445300934941
2020-03-05,daily_fx,r_fx,500,1,-0.01436544530093494
2020-03-06,daily_fx,r_fx,500,1,-0.014365445300934936
2020-03-09,daily_fx,r_fx,500,1,-0.01443297139089365
2020-03-10,daily_fx,r_fx,500,1,-0.014359825896527912
2020-03-11,daily_fx,r_fx,500,1,-0.014220207712065539
2020-03-12,daily_fx,r_fx,500,1,-0.014220207712065535
2020-03-13,daily_fx,r_fx,500,1,-0.014220207712065539
2020-03-16,daily_fx,r_fx,500,1,-0.014355426811656241
2020-03-17,daily_fx,r_fx,500,1,-0.01468499174750675
2020-03-18,daily_fx,r_fx,500,1,-0.014880623719857738
2020-03-19,daily_fx,r_fx,500,1,-0.014880623719857738
2020-03-20,daily_fx,r_fx,500,1,-0.014880623719857756
2020-03-24,daily_fx,r_fx,500,1,-0.014982041226173286
2020-03-25,daily_fx,r_fx,500,1,-0.015209688592631556
2020-03-26,daily_fx,r_fx,500,1,-0.015336272053513521
2020-03-27,daily_fx,r_fx,500,1,-0.01533627205351352
2020-03-30,daily_fx,r_fx,500,1,-0.0156451954414167
2020-03-31,daily_fx,r_fx,500,1,-0.016178419504081862
2020-04-01,daily_fx,r_fx,500,1,-0.016399477196988945
2020-04-02,daily_fx,r_fx,500,1,-0.01639947719698895
2020-04-03,daily_fx,r_fx,500,1,-0.01639947719698894
2020-04-06,daily_fx,r_fx,500,1,-0.017061897291398658
2020-04-07,daily_fx,r_fx,500,1,-0.018118879999391744
2020-04-08,daily_fx,r_fx,500,1,-0.01875257588872464
2020-04-09,daily_fx,r_fx,500,1,-0.019014451813112662
2020-04-10,daily_fx,r_fx,500,1,-0.019014451813112662
2020-04-13,daily_fx,r_fx,500,1,-0.019014451813112662
2020-04-14,daily_fx,r_fx,500,1,-0.019861140975914342
2020-04-15,daily_fx,r_fx,500,1,-0.020880412284911533
2020-04-16,daily_fx,r_fx,500,1,-0.02072297015514115
2020-04-17,daily_fx,r_fx,500,1,-0.020433861378316518
2020-04-20,daily_fx,r_fx,500,1,-0.020433861378316518
2020-04-21,daily_fx,r_fx,500,1,-0.020582013153219975
2020-04-22,daily_fx,r_fx,500,1,-0.020730894542043972
2020-04-23,daily_fx,r_fx,500,1,-0.020730550015791032
2020-04-24,daily_fx,r_fx,500,1,-0.02073055001579103
2020-04-27,daily_fx,r_fx,500,1,-0.020730550015791032
2020-04-28,daily_fx,r_fx,500,1,-0.020656697375646772
2020-04-29,daily_fx,r_fx,500,1,-0.020688225663664093
2020-04-30,daily_fx,r_fx,500,1,-0.020793880327813777
2020-05-01,daily_fx,r_fx,500,1,-0.02079388032781378
2020-05-04,daily_fx,r_fx,500,1,-0.020793880327813777
2020-05-05,daily_fx,r_fx,500,1,-0.02121045795981284
2020-05-06,daily_fx,r_fx,500,1,-0.021635381168526986
2020-05-07,daily_fx,r_fx,500,1,-0.021635381168526986
2020-05-08,daily_fx,r_fx,500,1,-0.021635381168526993
2020-05-11,daily_fx,r_fx,500,1,-0.021635381168526993
2020-05-12,daily_fx,r_fx,500,1,-0.022064584578676053
2020-05-13,daily_fx,r_fx,500,1,-0.022502302540329904
2020-05-14,daily_fx,r_fx,500,1,-0.022502302540329908
2020-05-15,daily_fx,r_fx,500,1,-0.022502302540329908
2020-05-18,daily_fx,r_fx,500,1,-0.022502302540329908
2020-05-19,daily_fx,r_fx,500,1,-0.022627323940007788
2020-05-20,daily_fx,r_fx,500,1,-0.022753039950841568
2020-05-21,daily_fx,r_fx,500,1,-0.022753039950841568
2020-05-22,daily_fx,r_fx,500,1,-0.022753039950841568
2020-05-25,daily_fx,r_fx,500,1,-0.022753039950841568
2020-05-26,daily_fx,r_fx,500,1,-0.02336739804167522
2020-05-27,daily_fx,r_fx,500,1,-0.023998344503319353
2020-05-28,daily_fx,r_fx,500,1,-0.023998344503319356
2020-05-29,daily_fx,r_fx,500,1,-0.023998344503319363
2020-06-01,daily_fx,r_fx,500,1,-0.02399834450331936
2020-06-02,daily_fx,r_fx,500,1,-0.02457462335518564
2020-06-03,daily_fx,r_fx,500,1,-0.025164740549736875
2020-06-04,daily_fx,r_fx,500,1,-0.025164740549736882
2020-06-05,daily_fx,r_fx,500,1,-0.025164740549736886
2020-06-08,daily_fx,r_fx,500,1,-0.02552422539954809
2020-06-09,daily_fx,r_fx,500,1,-0.025938814879455787
2020-06-10,daily_fx,r_fx,500,1,-0.025988880623296004
2020-06-11,daily_fx,r_fx,500,1,-0.025988880623296004
2020-06-12,daily_fx,r_fx,500,1,-0.025988880623296004
2020-06-15,daily_fx,r_fx,500,1,-0.026160403252123387
2020-06-16,daily_fx,r_fx,500,1,-0.026319522829451606
2020-06-17,daily_fx,r_fx,500,1,-0.026305994711859366
2020-06-18,daily_fx,r_fx,500,1,-0.026305994711859366
2020-06-19,daily_fx,r_fx,500,1,-0.02630599471185937
2020-06-22,daily_fx,r_fx,500,1,-0.026677308040701127
2020-06-23,daily_fx,r_fx,500,1,-0.02726363951513309
2020-06-24,daily_fx,r_fx,500,1,-0.027475043134915448
2020-06-25,daily_fx,r_fx,500,1,-0.027475043134915448
2020-06-26,daily_fx,r_fx,500,1,-0.027475043134915448
2020-06-29,daily_fx,r_fx,500,1,-0.027981611373457584
2020-06-30,daily_fx,r_fx,500,1,-0.028504278198208388
2020-07-01,daily_fx,r_fx,500,1,-0.02851103858840961
2020-07-02,daily_fx,r_fx,500,1,-0.02851103858840961
2020-07-03,daily_fx,r_fx,500,1,-0.02851103858840961
2020-07-06,daily_fx,r_fx,500,1,-0.02890785585617047
2020-07-07,daily_fx,r_fx,500,1,-0.029432361227877145
2020-07-08,daily_fx,r_fx,500,1,-0.02955503560603735
2020-07-09,daily_fx,r_fx,500,1,-0.02955503560603735
2020-07-10,daily_fx,r_fx,500,1,-0.029555035606037346
2020-07-13,daily_fx,r_fx,500,1,-0.029532300502793804
2020-07-14,daily_fx,r_fx,500,1,-0.029620295812402688
2020-07-15,daily_fx,r_fx,500,1,-0.029731424104871774
2020-07-16,daily_fx,r_fx,500,1,-0.029731424104871774
2020-07-17,daily_fx,r_fx,500,1,-0.029731424104871767
2020-07-20,daily_fx,r_fx,500,1,-0.02969523511013242
2020-07-21,daily_fx,r_fx,500,1,-0.029823959031125037
2020-07-22,daily_fx,r_fx,500,1,-0.029989744370317893
2020-07-23,daily_fx,r_fx,500,1,-0.029989744370317928
2020-07-24,daily_fx,r_fx,500,1,-0.029989744370317928
2020-07-27,daily_fx,r_fx,500,1,-0.03012330026621464
2020-07-28,daily_fx,r_fx,500,1,-0.030226864980294355
2020-07-29,daily_fx,r_fx,500,1,-0.0301963099406043
2020-07-30,daily_fx,r_fx,500,1,-0.0301963099406043
2020-08-03,daily_fx,r_fx,500,1,-0.030196309940604318
2020-08-05,daily_fx,r_fx,500,1,-0.030117833844887438
2020-08-06,daily_fx,r_fx,500,1,-0.03003956169785197
2020-08-07,daily_fx,r_fx,500,1,-0.030039561697851977
2020-08-10,daily_fx,r_fx,500,1,-0.03003956169785198
2020-08-11,daily_fx,r_fx,500,1,-0.030270024148991024
2020-08-12,daily_fx,r_fx,500,1,-0.030310780961325886
2020-08-13,daily_fx,r_fx,500,1,-0.030120509173022867
2020-08-14,daily_fx,r_fx,500,1,-0.030120509173022867
2020-08-17,daily_fx,r_fx,500,1,-0.030120509173022864
2020-08-18,daily_fx,r_fx,500,1,-0.029965840107782128
2020-08-19,daily_fx,r_fx,500,1,-0.02981196526947821
2020-08-20,daily_fx,r_fx,500,1,-0.02981196526947821
2020-08-21,daily_fx,r_fx,500,1,-0.02981196526947821
2020-08-24,daily_fx,r_fx,500,1,-0.029595824397146458
2020-08-25,daily_fx,r_fx,500,1,-0.029552043439768666
2020-08-26,daily_fx,r_fx,500,1,-0.02972382912040402
2020-08-27,daily_fx,r_fx,500,1,-0.029723829120404013
2020-08-28,daily_fx,r_fx,500,1,-0.029463209307442284
2020-08-29,daily_fx,r_fx,500,1,-0.02920487462021699
2020-09-02,daily_fx,r_fx,500,1,-0.029204874620216998
2020-09-03,daily_fx,r_fx,500,1,-0.02928261935706037
2020-09-04,daily_fx,r_fx,500,1,-0.029360571054015162
2020-09-07,daily_fx,r_fx,500,1,-0.02936057105401517
2020-09-08,daily_fx,r_fx,500,1,-0.028369609362122173
2020-09-09,daily_fx,r_fx,500,1,-0.027412094059027024
2020-09-10,daily_fx,r_fx,500,1,-0.02741209405902702
2020-09-11,daily_fx,r_fx,500,1,-0.02741209405902702
2020-09-14,daily_fx,r_fx,500,1,-0.02741209405902702
2020-09-15,daily_fx,r_fx,500,1,-0.02713869388719973
2020-09-16,daily_fx,r_fx,500,1,-0.026868020528354956
2020-09-17,daily_fx,r_fx,500,1,-0.026868020528354956
2020-09-18,daily_fx,r_fx,500,1,-0.026868020528354956
2020-09-21,daily_fx,r_fx,500,1,-0.026868020528354956
2020-09-22,daily_fx,r_fx,500,1,-0.026134537740334425
2020-09-23,daily_fx,r_fx,500,1,-0.025421078645527756
2020-09-24,daily_fx,r_fx,500,1,-0.025421078645527756
2020-09-25,daily_fx,r_fx,500,1,-0.025421078645527756
2020-09-28,daily_fx,r_fx,500,1,-0.025401666117849404
2020-09-29,daily_fx,r_fx,500,1,-0.025442212446918556
2020-09-30,daily_fx,r_fx,500,1,-0.025502298046323067
2020-10-02,daily_fx,r_fx,500,1,-0.025502298046323073
2020-10-05,daily_fx,r_fx,500,1,-0.025502298046323073
2020-10-06,daily_fx,r_fx,500,1,-0.02535608194834886
2020-10-07,daily_fx,r_fx,500,1,-0.02521070417275903
2020-10-08,daily_fx,r_fx,500,1,-0.02521070417275902
2020-10-09,daily_fx,r_fx,500,1,-0.025210704172759005
2020-10-12,daily_fx,r_fx,500,1,-0.025210704172759005
2020-10-13,daily_fx,r_fx,500,1,-0.025230142389424236
2020-10-14,daily_fx,r_fx,500,1,-0.025249595593543377
2020-10-15,daily_fx,r_fx,500,1,-0.02524959559354338
2020-10-16,daily_fx,r_fx,500,1,-0.02524959559354338
2020-10-19,daily_fx,r_fx,500,1,-0.025249595593543374
2020-10-20,daily_fx,r_fx,500,1,-0.02518530685550944
2020-10-21,daily_fx,r_fx,500,1,-0.025121181804922472
2020-10-22,daily_fx,r_fx,500,1,-0.02512118180492247
2020-10-23,daily_fx,r_fx,500,1,-0.02512118180492247
2020-10-26,daily_fx,r_fx,500,1,-0.02512118180492247
2020-10-27,daily_fx,r_fx,500,1,-0.02481923239502678
2020-10-28,daily_fx,r_fx,500,1,-0.024520912330551398
2020-10-29,daily_fx,r_fx,500,1,-0.0245209123305514
2020-10-30,daily_fx,r_fx,500,1,-0.024520912330551408
2020-11-02,daily_fx,r_fx,500,1,-0.024520912330551405
2020-11-03,daily_fx,r_fx,500,1,-0.024328608155357583
2020-11-04,daily_fx,r_fx,500,1,-0.024137812117189815
2020-11-05,daily_fx,r_fx,500,1,-0.02413781211718982
2020-11-06,daily_fx,r_fx,500,1,-0.02413781211718982
2020-11-09,daily_fx,r_fx,500,1,-0.02413781211718982
2020-11-10,daily_fx,r_fx,500,1,-0.024179647068488786
2020-11-11,daily_fx,r_fx,500,1,-0.024221554526904037
2020-11-12,daily_fx,r_fx,500,1,-0.024221554526904037
2020-11-13,daily_fx,r_fx,500,1,-0.024221554526904037
2020-11-16,daily_fx,r_fx,500,1,-0.024221554526904037
2020-11-17,daily_fx,r_fx,500,1,-0.02407773381903283
2020-11-18,daily_fx,r_fx,500,1,-0.0239347670776563
2020-11-19,daily_fx,r_fx,500,1,-0.0239347670776563
2020-11-20,daily_fx,r_fx,500,1,-0.0239347670776563
2020-11-23,daily_fx,r_fx,500,1,-0.023934767077656297
2020-11-24,daily_fx,r_fx,500,1,-0.02397523126380039
2020-11-25,daily_fx,r_fx,500,1,-0.02401576385881406
2020-11-26,daily_fx,r_fx,500,1,-0.024015763858814054
2020-11-27,daily_fx,r_fx,500,1,-0.024015763858814054
2020-11-30,daily_fx,r_fx,500,1,-0.024015763858814054
2020-12-01,daily_fx,r_fx,500,1,-0.02417211278246065
2020-12-02,daily_fx,r_fx,500,1,-0.024329479578620746
2020-12-03,daily_fx,r_fx,500,1,-0.024329479578620746
2020-12-04,daily_fx,r_fx,500,1,-0.024329479578620746
2020-12-07,daily_fx,r_fx,500,1,-0.024329479578620746
2020-12-09,daily_fx,r_fx,500,1,-0.02432410875691008
2020-12-10,daily_fx,r_fx,500,1,-0.024318739120827913
2020-12-11,daily_fx,r_fx,500,1,-0.024318739120827913
2020-12-14,daily_fx,r_fx,500,1,-0.024318739120827913
2020-12-15,daily_fx,r_fx,500,1,-0.024518994948665516
2020-12-16,daily_fx,r_fx,500,1,-0.02454336983060052
2020-12-17,daily_fx,r_fx,500,1,-0.024367114760799256
2020-12-18,daily_fx,r_fx,500,1,-0.024367114760799252
2020-12-21,daily_fx,r_fx,500,1,-0.024367114760799256
2020-12-22,daily_fx,r_fx,500,1,-0.024476081896391076
2020-12-24,daily_fx,r_fx,500,1,-0.02462974797827299
2020-12-25,daily_fx,r_fx,500,1,-0.02467403914006695
2020-12-28,daily_fx,r_fx,500,1,-0.02467403914006695
2020-12-29,daily_fx,r_fx,500,1,-0.024696216641771247
2020-12-30,daily_fx,r_fx,500,1,-0.02471841407704135
2020-12-31,daily_fx,r_fx,500,1,-0.024718414077041357
2021-01-04,daily_fx,r_fx,500,1,-0.02471841407704135
2021-01-05,daily_fx,r_fx,500,1,-0.02440748368648197
2021-01-06,daily_fx,r_fx,500,1,-0.02386508149282674
2021-01-07,daily_fx,r_fx,500,1,-0.023631997452459124
2021-01-08,daily_fx,r_fx,500,1,-0.023631997452459124
2021-01-11,daily_fx,r_fx,500,1,-0.023631997452459134
2021-01-12,daily_fx,r_fx,500,1,-0.023863333554701507
2021-01-13,daily_fx,r_fx,500,1,-0.023829140011624905
2021-01-14,daily_fx,r_fx,500,1,-0.023564321845523827
2021-01-15,daily_fx,r_fx,500,1,-0.023564321845523827
2021-01-18,daily_fx,r_fx,500,1,-0.023564321845523827
2021-01-19,daily_fx,r_fx,500,1,-0.023829462904077576
2021-01-20,daily_fx,r_fx,500,1,-0.024011300289186008
2021-01-21,daily_fx,r_fx,500,1,-0.023925322271858812
2021-01-22,daily_fx,r_fx,500,1,-0.02392532227185882
2021-01-25,daily_fx,r_fx,500,1,-0.023925322271858816
2021-01-26,daily_fx,r_fx,500,1,-0.024105194821524314
2021-01-27,daily_fx,r_fx,500,1,-0.02408072193306629
2021-01-28,daily_fx,r_fx,500,1,-0.02387676638827812
2021-01-29,daily_fx,r_fx,500,1,-0.02387676638827812
2021-02-01,daily_fx,r_fx,500,1,-0.02387676638827812
2021-02-02,daily_fx,r_fx,500,1,-0.024086613948543865
2021-02-03,daily_fx,r_fx,500,1,-0.024383338270097147
2021-02-04,daily_fx,r_fx,500,1,-0.024468668301070688
2021-02-05,daily_fx,r_fx,500,1,-0.0244686683010707
2021-02-08,daily_fx,r_fx,500,1,-0.024468668301070712
2021-02-09,daily_fx,r_fx,500,1,-0.02436581691941272
2021-02-10,daily_fx,r_fx,500,1,-0.02430229025857968
2021-02-11,daily_fx,r_fx,500,1,-0.02434124499640326
2021-02-12,daily_fx,r_fx,500,1,-0.02434124499640326
2021-02-15,daily_fx,r_fx,500,1,-0.024341244996403257
2021-02-16,daily_fx,r_fx,500,1,-0.024435574325664195
2021-02-17,daily_fx,r_fx,500,1,-0.024505341082768174
2021-02-18,daily_fx,r_fx,500,1,-0.024013450203127965
2021-02-19,daily_fx,r_fx,500,1,-0.0237975971416523
2021-02-22,daily_fx,r_fx,500,1,-0.024159135060367775
2021-02-23,daily_fx,r_fx,500,1,-0.02385424831962975
2021-02-24,daily_fx,r_fx,500,1,-0.024354158842993825
2021-02-25,daily_fx,r_fx,500,1,-0.0247174396095924
2021-02-26,daily_fx,r_fx,500,1,-0.025063239188027744
2021-03-01,daily_fx,r_fx,500,1,-0.024576978775233592
2021-03-02,daily_fx,r_fx,500,1,-0.024377233713279465
2021-03-03,daily_fx,r_fx,500,1,-0.023796442489324995
2021-03-04,daily_fx,r_fx,500,1,-0.02302265511413305
2021-03-05,daily_fx,r_fx,500,1,-0.02252909618064096
2021-03-09,daily_fx,r_fx,500,1,-0.02276936334296041
2021-03-10,daily_fx,r_fx,500,1,-0.02273012119637437
2021-03-11,daily_fx,r_fx,500,1,-0.02277147216649915
2021-03-12,daily_fx,r_fx,500,1,-0.02265307483014178
2021-03-15,daily_fx,r_fx,500,1,-0.022546219456687912
2021-03-16,daily_fx,r_fx,500,1,-0.022588891219293205
2021-03-17,daily_fx,r_fx,500,1,-0.022610759234513417
2021-03-18,daily_fx,r_fx,500,1,-0.022748274674465614
2021-03-19,daily_fx,r_fx,500,1,-0.02190853517967547
2021-03-23,daily_fx,r_fx,500,1,-0.021213597315396786
2021-03-24,daily_fx,r_fx,500,1,-0.020863076888569344
2021-03-25,daily_fx,r_fx,500,1,-0.02111368367419673
2021-03-26,daily_fx,r_fx,500,1,-0.02146869687752687
2021-03-27,daily_fx,r_fx,500,1,-0.021840810177201502
2021-03-29,daily_fx,r_fx,500,1,-0.02192349946743484
2021-03-30,daily_fx,r_fx,500,1,-0.02141654161167444
2021-03-31,daily_fx,r_fx,500,1,-0.02075936162799216
2021-04-01,daily_fx,r_fx,500,1,-0.021008308770836932
2021-04-02,daily_fx,r_fx,500,1,-0.021229304008060362
2021-04-05,daily_fx,r_fx,500,1,-0.02105432135766848
2021-04-06,daily_fx,r_fx,500,1,-0.02115104018433158
2021-04-07,daily_fx,r_fx,500,1,-0.02142656757038008
2021-04-08,daily_fx,r_fx,500,1,-0.021738571456603142
2021-04-09,daily_fx,r_fx,500,1,-0.022109716066577603
2021-04-12,daily_fx,r_fx,500,1,-0.02233835555865413
2021-04-13,daily_fx,r_fx,500,1,-0.0223869136122053
2021-04-14,daily_fx,r_fx,500,1,-0.022613847668879725
2021-04-15,daily_fx,r_fx,500,1,-0.02265427060424739
2021-04-16,daily_fx,r_fx,500,1,-0.0226480014791991
2021-04-19,daily_fx,r_fx,500,1,-0.02264092289258931
2021-04-20,daily_fx,r_fx,500,1,-0.022683185912497395
2021-04-21,daily_fx,r_fx,500,1,-0.02258709245505174
2021-04-22,daily_fx,r_fx,500,1,-0.022480125415775078
2021-04-23,daily_fx,r_fx,500,1,-0.022904525656945982
2021-04-26,daily_fx,r_fx,500,1,-0.022880857180714118
2021-04-27,daily_fx,r_fx,500,1,-0.022930822638762186
2021-04-28,daily_fx,r_fx,500,1,-0.02316023422500515
2021-04-29,daily_fx,r_fx,500,1,-0.022131167791368384
2021-04-30,daily_fx,r_fx,500,1,-0.02163025542789792
2021-05-03,daily_fx,r_fx,500,1,-0.02187806449031273
2021-05-04,daily_fx,r_fx,500,1,-0.02202151650633462
2021-05-05,daily_fx,r_fx,500,1,-0.021920648846527675
2021-05-06,daily_fx,r_fx,500,1,-0.021440279964870832
2021-05-07,daily_fx,r_fx,500,1,-0.020991908519573926
2021-05-10,daily_fx,r_fx,500,1,-0.021388231119842407
2021-05-11,daily_fx,r_fx,500,1,-0.021036966129359368
2021-05-12,daily_fx,r_fx,500,1,-0.02084488200106805
2021-05-17,daily_fx,r_fx,500,1,-0.020539061060515222
2021-05-18,daily_fx,r_fx,500,1,-0.02021547474675242
2021-05-19,daily_fx,r_fx,500,1,-0.020119245289686498
2021-05-20,daily_fx,r_fx,500,1,-0.020108204408539703
2021-05-21,daily_fx,r_fx,500,1,-0.020090154994415046
2021-05-24,daily_fx,r_fx,500,1,-0.0204784649445163
2021-05-25,daily_fx,r_fx,500,1,-0.0208857966564281
2021-05-26,daily_fx,r_fx,500,1,-0.020608896328793366
2021-05-27,daily_fx,r_fx,500,1,-0.020653776977491416
2021-05-28,daily_fx,r_fx,500,1,-0.02081973235396934
2021-05-31,daily_fx,r_fx,500,1,-0.02009619044960051
2021-06-01,daily_fx,r_fx,500,1,-0.019670592356290872
2021-06-02,daily_fx,r_fx,500,1,-0.01924550427301021
2021-06-03,daily_fx,r_fx,500,1,-0.018913843366463973
2021-06-04,daily_fx,r_fx,500,1,-0.018296087885106463
2021-06-07,daily_fx,r_fx,500,1,-0.018272069425135748
2021-06-08,daily_fx,r_fx,500,1,-0.018469256043906146
2021-06-09,daily_fx,r_fx,500,1,-0.01926372229049736
2021-06-10,daily_fx,r_fx,500,1,-0.018838756071935196
2021-06-11,daily_fx,r_fx,500,1,-0.018281644441349457
2021-06-14,daily_fx,r_fx,500,1,-0.017913906011973693
2021-06-15,daily_fx,r_fx,500,1,-0.01788636564710273
2021-06-16,daily_fx,r_fx,500,1,-0.017891238310880873
2021-06-17,daily_fx,r_fx,500,1,-0.01807094551282615
2021-06-18,daily_fx,r_fx,500,1,-0.01708279298364425
2021-06-21,daily_fx,r_fx,500,1,-0.016459521031579355
2021-06-22,daily_fx,r_fx,500,1,-0.017041738593471245
2021-06-23,daily_fx,r_fx,500,1,-0.017383878888507853
2021-06-24,daily_fx,r_fx,500,1,-0.017132799655782037
2021-06-25,daily_fx,r_fx,500,1,-0.016798859920859527
2021-06-28,daily_fx,r_fx,500,1,-0.016951828144657403
2021-06-29,daily_fx,r_fx,500,1,-0.016904273156254698
2021-06-30,daily_fx,r_fx,500,1,-0.016757454849593262
2021-07-01,daily_fx,r_fx,500,1,-0.017333153497512573
2021-07-02,daily_fx,r_fx,500,1,-0.016991699389656813
2021-07-05,daily_fx,r_fx,500,1,-0.017303189795476844
2021-07-06,daily_fx,r_fx,500,1,-0.018406855561100978
2021-07-07,daily_fx,r_fx,500,1,-0.018662895208254583
2021-07-08,daily_fx,r_fx,500,1,-0.018532928817355545
2021-07-09,daily_fx,r_fx,500,1,-0.018104275671523156
2021-07-12,daily_fx,r_fx,500,1,-0.01776231174538096
2021-07-13,daily_fx,r_fx,500,1,-0.018109480594879743
2021-07-14,daily_fx,r_fx,500,1,-0.01797532106149502
2021-07-15,daily_fx,r_fx,500,1,-0.017916125461126572
2021-07-16,daily_fx,r_fx,500,1,-0.017695050500700485
2021-07-17,daily_fx,r_fx,500,1,-0.016466746385062823
2021-07-19,daily_fx,r_fx,500,1,-0.015354362514726851
2021-07-23,daily_fx,r_fx,500,1,-0.01471898200612898
2021-07-24,daily_fx,r_fx,500,1,-0.01519119919166818
2021-07-26,daily_fx,r_fx,500,1,-0.014460674650945518
2021-07-27,daily_fx,r_fx,500,1,-0.0135430066058477
2021-07-28,daily_fx,r_fx,500,1,-0.013257087955313215
2021-07-29,daily_fx,r_fx,500,1,-0.01373324130319694
2021-07-30,daily_fx,r_fx,500,1,-0.010895368318800756
2021-08-02,daily_fx,r_fx,500,1,-0.010426062519941784
2021-08-03,daily_fx,r_fx,500,1,-0.01022104099649817
2021-08-04,daily_fx,r_fx,500,1,-0.010441888375386555
2021-08-05,daily_fx,r_fx,500,1,-0.008670363117459147
2021-08-06,daily_fx,r_fx,500,1,-0.006563028218469544
2021-08-09,daily_fx,r_fx,500,1,-0.007506300702708014
2021-08-10,daily_fx,r_fx,500,1,-0.006205751119825939
2021-08-11,daily_fx,r_fx,500,1,-0.005035378501999129
2021-08-12,daily_fx,r_fx,500,1,-0.00457497388568679
2021-08-13,daily_fx,r_fx,500,1,-0.004382814852372322
2021-08-16,daily_fx,r_fx,500,1,-0.004244655965813693
2021-08-17,daily_fx,r_fx,500,1,-0.00518206361139559
2021-08-18,daily_fx,r_fx,500,1,-0.0041962919204369484
2021-08-19,daily_fx,r_fx,500,1,-0.00379087140158752
2021-08-20,daily_fx,r_fx,500,1,-0.0032070717811987213
2021-08-23,daily_fx,r_fx,500,1,-0.003438078916515574
2021-08-24,daily_fx,r_fx,500,1,-0.003391509450074777
2021-08-25,daily_fx,r_fx,500,1,-0.0033418319094886545
2021-08-26,daily_fx,r_fx,500,1,-0.003969560424985774
2021-08-27,daily_fx,r_fx,500,1,-0.004881885999472053
2021-08-30,daily_fx,r_fx,500,1,-0.005288323341219229
2021-08-31,daily_fx,r_fx,500,1,-0.005358646036703312
2021-09-06,daily_fx,r_fx,500,1,-0.005462089524239695
2021-09-07,daily_fx,r_fx,500,1,-0.004847900589990222
2021-09-08,daily_fx,r_fx,500,1,-0.004382911232272672
2021-09-09,daily_fx,r_fx,500,1,-0.004645399229481879
2021-09-10,daily_fx,r_fx,500,1,-0.0036890226764322753
2021-09-13,daily_fx,r_fx,500,1,-0.0027477992894160614
2021-09-14,daily_fx,r_fx,500,1,-0.0023929939783248703
2021-09-15,daily_fx,r_fx,500,1,-0.0030909389905388303
2021-09-16,daily_fx,r_fx,500,1,-0.0009746448067918899
2021-09-17,daily_fx,r_fx,500,1,-0.0026946613584087455
2021-09-20,daily_fx,r_fx,500,1,-0.0017354660864221407
2021-09-21,daily_fx,r_fx,500,1,-0.0021145659907896497
2021-09-22,daily_fx,r_fx,500,1,-0.0019420143177076227
2021-09-23,daily_fx,r_fx,500,1,-0.0016716626460396141
2021-09-24,daily_fx,r_fx,500,1,-0.0011939315841194237
2021-09-27,daily_fx,r_fx,500,1,-0.00024822847304917234
2021-09-28,daily_fx,r_fx,500,1,-0.0015037158216932311
2021-09-29,daily_fx,r_fx,500,1,-0.0013257277472921174
2021-09-30,daily_fx,r_fx,500,1,-0.0009875880263179168
2021-10-04,daily_fx,r_fx,500,1,-0.0011433258413322451
2021-10-05,daily_fx,r_fx,500,1,-0.001007178720260393
2021-10-06,daily_fx,r_fx,500,1,-0.0012754370809007775
2021-10-07,daily_fx,r_fx,500,1,-0.0016233911851039433
2021-10-08,daily_fx,r_fx,500,1,-0.001954011701967524
2021-10-11,daily_fx,r_fx,500,1,-0.001980789166465371
2021-10-12,daily_fx,r_fx,500,1,-0.0019968050359120966
2021-10-13,daily_fx,r_fx,500,1,-0.0030518690117911002
2021-10-14,daily_fx,r_fx,500,1,-0.002394226958221321
2021-10-15,daily_fx,r_fx,500,1,-0.002032378671223432
2021-10-18,daily_fx,r_fx,500,1,-0.0022982808635400487
2021-10-19,daily_fx,r_fx,500,1,-0.002110789600833213
2021-10-20,daily_fx,r_fx,500,1,-0.0019481838404963013
2021-10-21,daily_fx,r_fx,500,1,-0.0017297122828241129
2021-10-22,daily_fx,r_fx,500,1,-0.0023708789908878157
2021-10-25,daily_fx,r_fx,500,1,-0.0021691840834752608
2021-10-26,daily_fx,r_fx,500,1,-0.002519439985875924
2021-10-27,daily_fx,r_fx,500,1,-0.001960210778757517
2021-10-28,daily_fx,r_fx,500,1,-0.0014208633486770283
2021-10-29,daily_fx,r_fx,500,1,-0.001610526924603541
2021-11-01,daily_fx,r_fx,500,1,-0.0018179068498577178
2021-11-02,daily_fx,r_fx,500,1,-0.0023922383903779492
2021-11-03,daily_fx,r_fx,500,1,-0.001232549082010688
2021-11-04,daily_fx,r_fx,500,1,-0.002377910698029342
2021-11-05,daily_fx,r_fx,500,1,-0.0011788698729272814
2021-11-08,daily_fx,r_fx,500,1,-0.002594319101448875
2021-11-09,daily_fx,r_fx,500,1,-0.0038131700477841636
2021-11-10,daily_fx,r_fx,500,1,-0.0028979270854945934
2021-11-11,daily_fx,r_fx,500,1,-0.004632771258553241
2021-11-12,daily_fx,r_fx,500,1,-0.0029859280940877056
2021-11-15,daily_fx,r_fx,500,1,-0.0028881639344906732
2021-11-16,daily_fx,r_fx,500,1,-0.0030688556501166763
2021-11-17,daily_fx,r_fx,500,1,-0.00427278289944384
2021-11-18,daily_fx,r_fx,500,1,-0.0036508486651928612
2021-11-19,daily_fx,r_fx,500,1,-0.0032501116808793147
2021-11-22,daily_fx,r_fx,500,1,-0.004329510934229749
2021-11-23,daily_fx,r_fx,500,1,-0.005603134912768018
2021-11-24,daily_fx,r_fx,500,1,-0.005181194391478034
2021-11-25,daily_fx,r_fx,500,1,-0.005537965756050938
2021-11-26,daily_fx,r_fx,500,1,-0.0063113443246475085
2021-11-29,daily_fx,r_fx,500,1,-0.00576709927181102
2021-11-30,daily_fx,r_fx,500,1,-0.005359020629612874
2021-12-01,daily_fx,r_fx,500,1,-0.0053783029179432715
2021-12-02,daily_fx,r_fx,500,1,-0.004556521298966187
2021-12-03,daily_fx,r_fx,500,1,-0.004107323690243163
2021-12-06,daily_fx,r_fx,500,1,-0.0045178080520646684
2021-12-14,daily_fx,r_fx,500,1,-0.002418663258238148
2021-12-15,daily_fx,r_fx,500,1,0.0001755735792217878
2021-12-16,daily_fx,r_fx,500,1,-0.0008771384490403373
2021-12-17,daily_fx,r_fx,500,1,-0.001346618449826824
2021-12-20,daily_fx,r_fx,500,1,-0.0019165625682146283
2021-12-21,daily_fx,r_fx,500,1,-0.0022620583692315476
2021-12-22,daily_fx,r_fx,500,1,-0.0023676365372625506
2021-12-23,daily_fx,r_fx,500,1,-0.0023936594883117645
2021-12-24,daily_fx,r_fx,500,1,-0.0036399488969898
2021-12-27,daily_fx,r_fx,500,1,-0.001869352811848625
2021-12-28,daily_fx,r_fx,500,1,-0.002266120443918399
2021-12-29,daily_fx,r_fx,500,1,-0.002376843419887766
2021-12-30,daily_fx,r_fx,500,1,-0.0027240918631182896
2022-01-05,daily_fx,r_fx,500,1,-0.004597593679375449
2022-01-06,daily_fx,r_fx,500,1,-0.0038756894978910737
2022-01-07,daily_fx,r_fx,500,1,-0.0035624689115934635
2022-01-08,daily_fx,r_fx,500,1,-0.0038992367225890575
2022-01-10,daily_fx,r_fx,500,1,-0.003408344525016581
2022-01-11,daily_fx,r_fx,500,1,-0.003383895543875984
2022-01-12,daily_fx,r_fx,500,1,-0.003370995420623385
2022-01-13,daily_fx,r_fx,500,1,-0.00283785505455998
2022-01-14,daily_fx,r_fx,500,1,-0.0024958239488063155
2022-01-17,daily_fx,r_fx,500,1,-0.0019674846802874898
2022-01-18,daily_fx,r_fx,500,1,-0.0010916789597154206
2022-01-19,daily_fx,r_fx,500,1,-2.639743403761566e-05
2022-01-20,daily_fx,r_fx,500,1,-0.0003864106383899911
2022-01-21,daily_fx,r_fx,500,1,-0.0002017416228034126
2022-01-24,daily_fx,r_fx,500,1,0.00014342705746632527
2022-01-25,daily_fx,r_fx,500,1,-0.00044095796782320294
2022-01-26,daily_fx,r_fx,500,1,0.0002891166767196132
2022-01-27,daily_fx,r_fx,500,1,0.0009905308850394286
2022-01-28,daily_fx,r_fx,500,1,0.0012823067466677222
2022-01-31,daily_fx,r_fx,500,1,0.0011820806052731108
2022-02-01,daily_fx,r_fx,500,1,0.000780411685733718
2022-02-02,daily_fx,r_fx,500,1,0.0005128535846170638
2022-02-03,daily_fx,r_fx,500,1,0.00044296007092456
2022-02-04,daily_fx,r_fx,500,1,0.00042502566789991906
2022-02-07,daily_fx,r_fx,500,1,0.0007775072318038226
2022-02-08,daily_fx,r_fx,500,1,0.000714282487928305
2022-02-09,daily_fx,r_fx,500,1,0.0007304548279225644
2022-02-10,daily_fx,r_fx,500,1,0.0011526369377803823
2022-02-11,daily_fx,r_fx,500,1,0.000737683863152779
2022-02-14,daily_fx,r_fx,500,1,0.001011685453063739
2022-02-15,daily_fx,r_fx,500,1,0.0005506102593880849
2022-02-16,daily_fx,r_fx,500,1,0.0011586970675158954
2022-02-17,daily_fx,r_fx,500,1,0.0008502843510238087
2022-02-18,daily_fx,r_fx,500,1,0.0008553574725123148
2022-02-21,daily_fx,r_fx,500,1,0.0003087703337792669
2022-02-22,daily_fx,r_fx,500,1,-0.002390930048358154
2022-02-23,daily_fx,r_fx,500,1,-0.005526264626171618
2022-02-24,daily_fx,r_fx,500,1,-0.0032753336667751456
2022-02-25,daily_fx,r_fx,500,1,-0.004159641775993594
2022-02-28,daily_fx,r_fx,500,1,-0.004022198304191741
2022-03-01,daily_fx,r_fx,500,1,-0.0038475124493353875
2022-03-02,daily_fx,r_fx,500,1,-0.004302294020127177
2022-03-03,daily_fx,r_fx,500,1,-0.005500902415353398
2022-03-04,daily_fx,r_fx,500,1,-0.004939265678713788
2022-03-07,daily_fx,r_fx,500,1,-0.0047420373201380915
2022-03-09,daily_fx,r_fx,500,1,-0.005153076650078485
2022-03-10,daily_fx,r_fx,500,1,-0.006159139492434659
2022-03-11,daily_fx,r_fx,500,1,-0.004172472822263003
2022-03-14,daily_fx,r_fx,500,1,-2.8712515371572718e-06
2022-03-15,daily_fx,r_fx,500,1,0.0037893510076341614
2022-03-16,daily_fx,r_fx,500,1,0.014897720652345046
2022-03-17,daily_fx,r_fx,500,1,0.0713753463508296
2022-03-18,daily_fx,r_fx,500,1,0.16787351626268043
2022-03-24,daily_fx,r_fx,500,1,0.12062281359119621
2022-03-25,daily_fx,r_fx,500,1,0.12432771299429726
2022-03-28,daily_fx,r_fx,500,1,0.12425682897388884
2022-03-29,daily_fx,r_fx,500,1,0.12423186601266678
2022-03-30,daily_fx,r_fx,500,1,0.12548825416584405
2022-03-31,daily_fx,r_fx,500,1,0.12886200983788454
2022-04-01,daily_fx,r_fx,500,1,0.12947269095127711
2022-04-04,daily_fx,r_fx,500,1,0.12930832797435302
2022-04-05,daily_fx,r_fx,500,1,0.12957028892585193
2022-04-06,daily_fx,r_fx,500,1,0.12973775572822852
2022-04-07,daily_fx,r_fx,500,1,0.13068966592934622
2022-04-08,daily_fx,r_fx,500,1,0.13108812165864264
2022-04-11,daily_fx,r_fx,500,1,0.13155621513979843
2022-04-12,daily_fx,r_fx,500,1,0.13294506031334
2022-04-13,daily_fx,r_fx,500,1,0.13418996419555018
2022-04-14,daily_fx,r_fx,500,1,0.13335605818648974
2022-04-15,daily_fx,r_fx,500,1,0.13245177019976148
2022-04-18,daily_fx,r_fx,500,1,0.133368441121578
2022-04-19,daily_fx,r_fx,500,1,0.1377503957261675
2022-04-20,daily_fx,r_fx,500,1,0.14202814178493955
2022-04-21,daily_fx,r_fx,500,1,0.2161992472302665
2022-04-22,daily_fx,r_fx,500,1,0.33061658840278424
2022-04-25,daily_fx,r_fx,500,1,0.32453193565679717
2022-04-26,daily_fx,r_fx,500,1,0.32673964694488444
2022-04-27,daily_fx,r_fx,500,1,0.3285703933518667
2022-04-28,daily_fx,r_fx,500,1,0.3308482993382662
2022-04-29,daily_fx,r_fx,500,1,0.3327192761231916
2022-05-06,daily_fx,r_fx,500,1,0.33593397514282086
2022-05-07,daily_fx,r_fx,500,1,0.33829494413012257
2022-05-10,daily_fx,r_fx,500,1,0.3351545103627877
2022-05-11,daily_fx,r_fx,500,1,0.3365922104919606
2022-05-12,daily_fx,r_fx,500,1,0.3378321714741971
2022-05-13,daily_fx,r_fx,500,1,0.33488864936278023
2022-05-16,daily_fx,r_fx,500,1,0.3361390565470827
2022-05-17,daily_fx,r_fx,500,1,0.33454996269068965
2022-05-18,daily_fx,r_fx,500,1,0.332589697943502
2022-05-19,daily_fx,r_fx,500,1,0.33380111856154887
2022-05-20,daily_fx,r_fx,500,1,0.33566878803206346
2022-05-23,daily_fx,r_fx,500,1,0.3329567283701757
2022-05-24,daily_fx,r_fx,500,1,0.33261237086435286
2022-05-25,daily_fx,r_fx,500,1,0.33309583466272685
2022-05-26,daily_fx,r_fx,500,1,0.3336453303977186
2022-05-27,daily_fx,r_fx,500,1,0.3345358509275265
2022-05-30,daily_fx,r_fx,500,1,0.33536344372455806
2022-05-31,daily_fx,r_fx,500,1,0.3363467367074456
2022-06-01,daily_fx,r_fx,500,1,0.33863939020838413
2022-06-02,daily_fx,r_fx,500,1,0.3389937722057608
2022-06-03,daily_fx,r_fx,500,1,0.33828870610281014
2022-06-06,daily_fx,r_fx,500,1,0.3391132136677825
2022-06-07,daily_fx,r_fx,500,1,0.34019831347692736
2022-06-08,daily_fx,r_fx,500,1,0.34096798818355817
2022-06-09,daily_fx,r_fx,500,1,0.3401316384601224
2022-06-10,daily_fx,r_fx,500,1,0.3406132727144566
2022-06-13,daily_fx,r_fx,500,1,0.34198313627588983
2022-06-14,daily_fx,r_fx,500,1,0.34298231617363883
2022-06-15,daily_fx,r_fx,500,1,0.34388076798811823
2022-06-16,daily_fx,r_fx,500,1,0.344918739123386
2022-06-17,daily_fx,r_fx,500,1,0.3439632055771011
2022-06-20,daily_fx,r_fx,500,1,0.34273715100930735
2022-06-21,daily_fx,r_fx,500,1,0.3444444719278558
2022-06-22,daily_fx,r_fx,500,1,0.34699997764262736
2022-06-23,daily_fx,r_fx,500,1,0.35239069916238674
2022-06-24,daily_fx,r_fx,500,1,0.35450276682486676
2022-06-27,daily_fx,r_fx,500,1,0.3533485218952132
2022-06-28,daily_fx,r_fx,500,1,0.3522366154492093
2022-06-29,daily_fx,r_fx,500,1,0.353619838644352
2022-06-30,daily_fx,r_fx,500,1,0.3429171594029438
2022-07-01,daily_fx,r_fx,500,1,0.3411973526143837
2022-07-04,daily_fx,r_fx,500,1,0.3410902261924087
2022-07-05,daily_fx,r_fx,500,1,0.34243673297232424
2022-07-06,daily_fx,r_fx,500,1,0.3402091109932762
2022-07-07,daily_fx,r_fx,500,1,0.3420772033114537
2022-07-08,daily_fx,r_fx,500,1,0.3440030758028196
2022-07-13,daily_fx,r_fx,500,1,0.344242445268838
2022-07-14,daily_fx,r_fx,500,1,0.34447258103437567
2022-07-15,daily_fx,r_fx,500,1,0.34503695486347563
2022-07-16,daily_fx,r_fx,500,1,0.3460822012529101
2022-07-18,daily_fx,r_fx,500,1,0.3432495363615434
2022-07-19,daily_fx,r_fx,500,1,0.3442933123282782
2022-07-20,daily_fx,r_fx,500,1,0.3462367959792766
2022-07-21,daily_fx,r_fx,500,1,0.34774115107900666
2022-07-22,daily_fx,r_fx,500,1,0.3482364206768304
2022-07-25,daily_fx,r_fx,500,1,0.3469985064010393
2022-07-26,daily_fx,r_fx,500,1,0.3491879901426145
2022-07-27,daily_fx,r_fx,500,1,0.34574077587490254
2022-07-28,daily_fx,r_fx,500,1,0.34614259335984465
2022-07-29,daily_fx,r_fx,500,1,0.34804486154578723
2022-08-01,daily_fx,r_fx,500,1,0.34651436694300636
2022-08-02,daily_fx,r_fx,500,1,0.34655036209931794
2022-08-03,daily_fx,r_fx,500,1,0.34822258404900913
2022-08-04,daily_fx,r_fx,500,1,0.34611485698437006
2022-08-05,daily_fx,r_fx,500,1,0.3474915696020636
2022-08-08,daily_fx,r_fx,500,1,0.3499805794859074
2022-08-09,daily_fx,r_fx,500,1,0.35081290464330395
2022-08-10,daily_fx,r_fx,500,1,0.35047461435698635
2022-08-11,daily_fx,r_fx,500,1,0.3504146522525578
2022-08-12,daily_fx,r_fx,500,1,0.3514834088306778
2022-08-15,daily_fx,r_fx,500,1,0.35020938152467285
2022-08-16,daily_fx,r_fx,500,1,0.34818209093696895
2022-08-17,daily_fx,r_fx,500,1,0.35044610471418247
2022-08-18,daily_fx,r_fx,500,1,0.3453685523823796
2022-08-19,daily_fx,r_fx,500,1,0.34666546213883487
2022-08-22,daily_fx,r_fx,500,1,0.3478283691406581
2022-08-23,daily_fx,r_fx,500,1,0.3488398247728296
2022-08-24,daily_fx,r_fx,500,1,0.34955102199016497
2022-08-25,daily_fx,r_fx,500,1,0.34842566048136964
2022-08-26,daily_fx,r_fx,500,1,0.3491346527027247
2022-08-29,daily_fx,r_fx,500,1,0.34990268130367486
2022-08-30,daily_fx,r_fx,500,1,0.3466194285800644
2022-08-31,daily_fx,r_fx,500,1,0.3409972102398943
2022-09-05,daily_fx,r_fx,500,1,0.34319269916136314
2022-09-06,daily_fx,r_fx,500,1,0.3451134497681269
2022-09-07,daily_fx,r_fx,500,1,0.3439479471143112
2022-09-08,daily_fx,r_fx,500,1,0.3421727644738595
2022-09-09,daily_fx,r_fx,500,1,0.33897753413417436
2022-09-12,daily_fx,r_fx,500,1,0.34047274902960123
2022-09-13,daily_fx,r_fx,500,1,0.3406667108418018
2022-09-14,daily_fx,r_fx,500,1,0.3409282294698367
2022-09-15,daily_fx,r_fx,500,1,0.34153622729694766
2022-09-16,daily_fx,r_fx,500,1,0.3392083106109319
2022-09-19,daily_fx,r_fx,500,1,0.33988904843341
2022-09-20,daily_fx,r_fx,500,1,0.3403973671908317
2022-09-21,daily_fx,r_fx,500,1,0.3375233023844884
2022-09-22,daily_fx,r_fx,500,1,0.3325350849650444
2022-09-23,daily_fx,r_fx,500,1,0.3348806142431522
2022-09-26,daily_fx,r_fx,500,1,0.3367727486168631
2022-09-27,daily_fx,r_fx,500,1,0.3381026927553851
2022-09-28,daily_fx,r_fx,500,1,0.33567527574527545
2022-09-29,daily_fx,r_fx,500,1,0.3375531714435079
2022-09-30,daily_fx,r_fx,500,1,0.33545988029574303
2022-10-03,daily_fx,r_fx,500,1,0.3351104772482401
2022-10-04,daily_fx,r_fx,500,1,0.3360494413090672
2022-10-05,daily_fx,r_fx,500,1,0.33364458760103577
2022-10-06,daily_fx,r_fx,500,1,0.3346250862765426
2022-10-07,daily_fx,r_fx,500,1,0.3359427303396257
2022-10-10,daily_fx,r_fx,500,1,0.3331944384693899
2022-10-11,daily_fx,r_fx,500,1,0.33195758138979736
2022-10-12,daily_fx,r_fx,500,1,0.3325417688929905
2022-10-13,daily_fx,r_fx,500,1,0.3328697274841765
2022-10-14,daily_fx,r_fx,500,1,0.3335271419938119
2022-10-17,daily_fx,r_fx,500,1,0.3344897839948091
2022-10-18,daily_fx,r_fx,500,1,0.3349968699969026
2022-10-19,daily_fx,r_fx,500,1,0.33533375515035296
2022-10-20,daily_fx,r_fx,500,1,0.3346270638661966
2022-10-21,daily_fx,r_fx,500,1,0.3356221479134562
2022-10-24,daily_fx,r_fx,500,1,0.3367313651061347
2022-10-25,daily_fx,r_fx,500,1,0.337210077227674
2022-10-26,daily_fx,r_fx,500,1,0.3361362217194755
2022-10-27,daily_fx,r_fx,500,1,0.3370141775400937
2022-10-28,daily_fx,r_fx,500,1,0.33799304500809113
2022-10-31,daily_fx,r_fx,500,1,0.33832386873517595
2022-11-01,daily_fx,r_fx,500,1,0.3377747806027068
2022-11-02,daily_fx,r_fx,500,1,0.3386324718671219
2022-11-03,daily_fx,r_fx,500,1,0.3410134005652591
2022-11-04,daily_fx,r_fx,500,1,0.33989622993226665
2022-11-07,daily_fx,r_fx,500,1,0.3402066799626661
2022-11-08,daily_fx,r_fx,500,1,0.34115906976156846
2022-11-09,daily_fx,r_fx,500,1,0.3377000085549708
2022-11-10,daily_fx,r_fx,500,1,0.3367736627887738
2022-11-11,daily_fx,r_fx,500,1,0.3373985685779634
2022-11-14,daily_fx,r_fx,500,1,0.3379897305006602
2022-11-15,daily_fx,r_fx,500,1,0.336914568580206
2022-11-16,daily_fx,r_fx,500,1,0.3379392631782338
2022-11-17,daily_fx,r_fx,500,1,0.3364804790616974
2022-11-18,daily_fx,r_fx,500,1,0.3372981181570566
2022-11-21,daily_fx,r_fx,500,1,0.3372936095625865
2022-11-22,daily_fx,r_fx,500,1,0.33713398271246475
2022-11-23,daily_fx,r_fx,500,1,0.33684453995817054
2022-11-24,daily_fx,r_fx,500,1,0.3369417278748022
2022-11-25,daily_fx,r_fx,500,1,0.33727131850640435
2022-11-28,daily_fx,r_fx,500,1,0.3376146285341328
2022-11-29,daily_fx,r_fx,500,1,0.3363121521886723
2022-11-30,daily_fx,r_fx,500,1,0.3371772591474937
2022-12-01,daily_fx,r_fx,500,1,0.3377083783668807
2022-12-02,daily_fx,r_fx,500,1,0.3367512127617994
2022-12-05,daily_fx,r_fx,500,1,0.3389467873457035
2022-12-06,daily_fx,r_fx,500,1,0.33999756329139214
2022-12-07,daily_fx,r_fx,500,1,0.3402769207041141
2022-12-09,daily_fx,r_fx,500,1,0.3389611102119316
2022-12-12,daily_fx,r_fx,500,1,0.33965575185011104
2022-12-13,daily_fx,r_fx,500,1,0.3388628061390393
2022-12-14,daily_fx,r_fx,500,1,0.33937220343939295
2022-12-15,daily_fx,r_fx,500,1,0.33724312569480397
2022-12-16,daily_fx,r_fx,500,1,0.33931920842115704
2022-12-19,daily_fx,r_fx,500,1,0.3351118234228266
2022-12-20,daily_fx,r_fx,500,1,0.33685696899940354
2022-12-21,daily_fx,r_fx,500,1,0.33578737615365684
2022-12-22,daily_fx,r_fx,500,1,0.33627404284057455
2022-12-23,daily_fx,r_fx,500,1,0.3385827717243867
2022-12-26,daily_fx,r_fx,500,1,0.34054193216399925
2022-12-27,daily_fx,r_fx,500,1,0.3412081584338716
2022-12-28,daily_fx,r_fx,500,1,0.34197911922858454
2022-12-29,daily_fx,r_fx,500,1,0.3387802134987446
2022-12-30,daily_fx,r_fx,500,1,0.3406170115914063
2023-01-04,daily_fx,r_fx,500,1,0.34209781753414936
2023-01-05,daily_fx,r_fx,500,1,0.3428132001156115
2023-01-06,daily_fx,r_fx,500,1,0.34362726492511514
2023-01-07,daily_fx,r_fx,500,1,0.34528282333119165
2023-01-09,daily_fx,r_fx,500,1,0.3422305803402449
2023-01-10,daily_fx,r_fx,500,1,0.3430787406551932
2023-01-11,daily_fx,r_fx,500,1,0.3414754357097131
2023-01-12,daily_fx,r_fx,500,1,0.3425897241980573
2023-01-13,daily_fx,r_fx,500,1,0.34120350219476164
2023-01-16,daily_fx,r_fx,500,1,0.33940180491248445
2023-01-17,daily_fx,r_fx,500,1,0.3401976658727441
2023-01-18,daily_fx,r_fx,500,1,0.3373013460203081
2023-01-19,daily_fx,r_fx,500,1,0.33962409991528036
2023-01-20,daily_fx,r_fx,500,1,0.34039324143513744
2023-01-23,daily_fx,r_fx,500,1,0.3393479620843894
2023-01-24,daily_fx,r_fx,500,1,0.33688956127739145
2023-01-25,daily_fx,r_fx,500,1,0.3379927280803191
2023-01-26,daily_fx,r_fx,500,1,0.33652227573777455
2023-01-27,daily_fx,r_fx,500,1,0.3384410528776797
2023-01-30,daily_fx,r_fx,500,1,0.33915770142315066
2023-01-31,daily_fx,r_fx,500,1,0.3365951302926266
2023-02-01,daily_fx,r_fx,500,1,0.3394150653275532
2023-02-02,daily_fx,r_fx,500,1,0.33753932721641844
2023-02-03,daily_fx,r_fx,500,1,0.33814017691038734
2023-02-06,daily_fx,r_fx,500,1,0.3385955847090959
2023-02-07,daily_fx,r_fx,500,1,0.33973212888532206
2023-02-08,daily_fx,r_fx,500,1,0.33985947792752697
2023-02-09,daily_fx,r_fx,500,1,0.34043332599316484
2023-02-10,daily_fx,r_fx,500,1,0.3389421971822138
2023-02-13,daily_fx,r_fx,500,1,0.3395933960534493
2023-02-14,daily_fx,r_fx,500,1,0.3398943439927684
2023-02-15,daily_fx,r_fx,500,1,0.33834045475959507
2023-02-16,daily_fx,r_fx,500,1,0.33856442361629346
2023-02-17,daily_fx,r_fx,500,1,0.3379524633077134
2023-02-20,daily_fx,r_fx,500,1,0.33847961808642324
2023-02-21,daily_fx,r_fx,500,1,0.3391730864589525
2023-02-22,daily_fx,r_fx,500,1,0.3402276917346025
2023-02-23,daily_fx,r_fx,500,1,0.3391063780418293
2023-02-24,daily_fx,r_fx,500,1,0.34032312679359605
2023-02-27,daily_fx,r_fx,500,1,0.3404875108618705
2023-02-28,daily_fx,r_fx,500,1,0.33850160042716737
2023-03-01,daily_fx,r_fx,500,1,0.3369530157418909
2023-03-02,daily_fx,r_fx,500,1,0.3366689998686533
2023-03-03,daily_fx,r_fx,500,1,0.337819892742396
2023-03-06,daily_fx,r_fx,500,1,0.3385818774686767
2023-03-07,daily_fx,r_fx,500,1,0.33809770155792185
2023-03-09,daily_fx,r_fx,500,1,0.3326116243931063
2023-03-10,daily_fx,r_fx,500,1,0.3337605560277749
2023-03-11,daily_fx,r_fx,500,1,0.331529701845505
2023-03-13,daily_fx,r_fx,500,1,0.3298974632825319
2023-03-14,daily_fx,r_fx,500,1,0.3298072831459189
2023-03-15,daily_fx,r_fx,500,1,0.3313628523175678
2023-03-16,daily_fx,r_fx,500,1,0.33103881058978657
2023-03-17,daily_fx,r_fx,500,1,0.33014761742213533
2023-03-23,daily_fx,r_fx,500,1,0.33345825837226223
2023-03-24,daily_fx,r_fx,500,1,0.3298931654918836
2023-03-25,daily_fx,r_fx,500,1,0.3303230463194879
2023-03-27,daily_fx,r_fx,500,1,0.33088383592245496
2023-03-28,daily_fx,r_fx,500,1,0.328902644198161
2023-03-29,daily_fx,r_fx,500,1,0.3293423152767385
2023-03-30,daily_fx,r_fx,500,1,0.3275341052364301
2023-03-31,daily_fx,r_fx,500,1,0.3280103121696346
2023-04-03,daily_fx,r_fx,500,1,0.32625635777093054
2023-04-04,daily_fx,r_fx,500,1,0.327847830861794
2023-04-05,daily_fx,r_fx,500,1,0.3300739623985898
2023-04-06,daily_fx,r_fx,500,1,0.33171904419420273
2023-04-07,daily_fx,r_fx,500,1,0.3306787659097328
2023-04-10,daily_fx,r_fx,500,1,0.330294321806254
2023-04-11,daily_fx,r_fx,500,1,0.3314283623599216
2023-04-12,daily_fx,r_fx,500,1,0.33230877476085047
2023-04-13,daily_fx,r_fx,500,1,0.33248740260661724
2023-04-14,daily_fx,r_fx,500,1,0.33209093393014244
2023-04-17,daily_fx,r_fx,500,1,0.331915227439874
2023-04-18,daily_fx,r_fx,500,1,0.3332321520922821
2023-04-19,daily_fx,r_fx,500,1,0.3325332887786927
2023-04-20,daily_fx,r_fx,500,1,0.33372062358966353
2023-04-25,daily_fx,r_fx,500,1,0.33299811036133187
2023-04-26,daily_fx,r_fx,500,1,0.332488058332372
2023-04-27,daily_fx,r_fx,500,1,0.333976917761037
2023-04-28,daily_fx,r_fx,500,1,0.332420785359072
2023-05-01,daily_fx,r_fx,500,1,0.33276883784237893
2023-05-02,daily_fx,r_fx,500,1,0.3330714455991724
2023-05-03,daily_fx,r_fx,500,1,0.3330970623178289
2023-05-04,daily_fx,r_fx,500,1,0.3334585168410017
2023-05-05,daily_fx,r_fx,500,1,0.3332691568056153
2023-05-08,daily_fx,r_fx,500,1,0.33450146559555255
2023-05-10,daily_fx,r_fx,500,1,0.3335940232924536
2023-05-11,daily_fx,r_fx,500,1,0.3346883225136206
2023-05-12,daily_fx,r_fx,500,1,0.3341879592038193
2023-05-15,daily_fx,r_fx,500,1,0.3320657486341876
2023-05-16,daily_fx,r_fx,500,1,0.33378243165361215
2023-05-17,daily_fx,r_fx,500,1,0.3337536975462049
2023-05-18,daily_fx,r_fx,500,1,0.33293163364388906
2023-05-19,daily_fx,r_fx,500,1,0.3344694648227234
2023-05-22,daily_fx,r_fx,500,1,0.3328177824774689
2023-05-23,daily_fx,r_fx,500,1,0.3343092743729944
2023-05-24,daily_fx,r_fx,500,1,0.3350298801115758
2023-05-25,daily_fx,r_fx,500,1,0.3352137128036353
2023-05-26,daily_fx,r_fx,500,1,0.33466604028238256
2023-05-29,daily_fx,r_fx,500,1,0.3341609013977516
2023-05-30,daily_fx,r_fx,500,1,0.3336222827989022
2023-05-31,daily_fx,r_fx,500,1,0.33311086897189124
2023-06-01,daily_fx,r_fx,500,1,0.33314241094969194
2023-06-02,daily_fx,r_fx,500,1,0.3340847375774735
2023-06-05,daily_fx,r_fx,500,1,0.33616541908622916
2023-06-06,daily_fx,r_fx,500,1,0.3368612693610476
2023-06-07,daily_fx,r_fx,500,1,0.3372768361495393
2023-06-08,daily_fx,r_fx,500,1,0.33767461064121607
2023-06-09,daily_fx,r_fx,500,1,0.33763076690410154
2023-06-12,daily_fx,r_fx,500,1,0.33780738380416303
2023-06-13,daily_fx,r_fx,500,1,0.33649736328087376
2023-06-14,daily_fx,r_fx,500,1,0.33696846456700585
2023-06-15,daily_fx,r_fx,500,1,0.3370453896719078
2023-06-16,daily_fx,r_fx,500,1,0.336529224422363
2023-06-19,daily_fx,r_fx,500,1,0.33690990291165995
2023-06-20,daily_fx,r_fx,500,1,0.3387796365279162
2023-06-21,daily_fx,r_fx,500,1,0.33829812397442605
2023-06-22,daily_fx,r_fx,500,1,0.33792610350720786
2023-06-23,daily_fx,r_fx,500,1,0.33690928264126685
2023-06-26,daily_fx,r_fx,500,1,0.3373316417324624
2023-06-27,daily_fx,r_fx,500,1,0.33612797853150966
2023-07-03,daily_fx,r_fx,500,1,0.33824192682540194
2023-07-04,daily_fx,r_fx,500,1,0.3381433827468984
2023-07-05,daily_fx,r_fx,500,1,0.3377798806582314
2023-07-06,daily_fx,r_fx,500,1,0.33891028755792674
2023-07-07,daily_fx,r_fx,500,1,0.3384755604823043
2023-07-10,daily_fx,r_fx,500,1,0.3389195800919546
2023-07-11,daily_fx,r_fx,500,1,0.33758175700263465
2023-07-12,daily_fx,r_fx,500,1,0.33681398886929675
2023-07-13,daily_fx,r_fx,500,1,0.3371985454054654
2023-07-14,daily_fx,r_fx,500,1,0.3359079180174435
2023-07-17,daily_fx,r_fx,500,1,0.33745603268943225
2023-07-18,daily_fx,r_fx,500,1,0.3370404785708374
2023-07-19,daily_fx,r_fx,500,1,0.3382423192439576
2023-07-20,daily_fx,r_fx,500,1,0.3402198817482078
2023-07-21,daily_fx,r_fx,500,1,0.3413635572817257
2023-07-24,daily_fx,r_fx,500,1,0.34049532810862443
2023-07-25,daily_fx,r_fx,500,1,0.33936750523175463
2023-07-26,daily_fx,r_fx,500,1,0.3384399848386641
2023-07-27,daily_fx,r_fx,500,1,0.3395419376926909
2023-07-28,daily_fx,r_fx,500,1,0.3378998508719314
2023-07-31,daily_fx,r_fx,500,1,0.33743820174352623
2023-08-01,daily_fx,r_fx,500,1,0.3377203453161148
2023-08-02,daily_fx,r_fx,500,1,0.33755457662801336
2023-08-03,daily_fx,r_fx,500,1,0.33701161930503776
2023-08-04,daily_fx,r_fx,500,1,0.33552911305363803
2023-08-07,daily_fx,r_fx,500,1,0.33625522993897716
2023-08-08,daily_fx,r_fx,500,1,0.3358834857594747
2023-08-09,daily_fx,r_fx,500,1,0.33430680771919996
2023-08-10,daily_fx,r_fx,500,1,0.3337131848547185
2023-08-11,daily_fx,r_fx,500,1,0.2725964422189479
2023-08-14,daily_fx,r_fx,500,1,0.19048330931252094
2023-08-15,daily_fx,r_fx,500,1,0.1901289408335436
2023-08-16,daily_fx,r_fx,500,1,0.19012952599176072
2023-08-17,daily_fx,r_fx,500,1,0.19056760593293728
2023-08-18,daily_fx,r_fx,500,1,0.1895657166505459
2023-08-21,daily_fx,r_fx,500,1,0.18838568289594612
2023-08-22,daily_fx,r_fx,500,1,0.18975766855029946
2023-08-23,daily_fx,r_fx,500,1,0.1900044579732959
2023-08-24,daily_fx,r_fx,500,1,0.19142499805265772
2023-08-25,daily_fx,r_fx,500,1,0.19208304862678666
2023-08-28,daily_fx,r_fx,500,1,0.1910340780754657
2023-08-29,daily_fx,r_fx,500,1,0.1907797362457014
2023-08-31,daily_fx,r_fx,500,1,0.19143675337646784
2023-09-04,daily_fx,r_fx,500,1,0.19114894325031964
2023-09-05,daily_fx,r_fx,500,1,0.1910941600830274
2023-09-06,daily_fx,r_fx,500,1,0.19093643641259475
2023-09-07,daily_fx,r_fx,500,1,0.19134212807254694
2023-09-08,daily_fx,r_fx,500,1,0.1912146148160356
2023-09-11,daily_fx,r_fx,500,1,0.19105083071117113
2023-09-12,daily_fx,r_fx,500,1,0.19169293079710756
2023-09-13,daily_fx,r_fx,500,1,0.19279508584515223
2023-09-14,daily_fx,r_fx,500,1,0.19255142165592443
2023-09-15,daily_fx,r_fx,500,1,0.19296055215215846
2023-09-18,daily_fx,r_fx,500,1,0.192600075384315
2023-09-19,daily_fx,r_fx,500,1,0.19151720207165207
2023-09-20,daily_fx,r_fx,500,1,0.19112955849988453
2023-09-21,daily_fx,r_fx,500,1,0.1915311883003219
2023-09-22,daily_fx,r_fx,500,1,0.19107809473519832
2023-09-25,daily_fx,r_fx,500,1,0.1907711259046804
2023-09-26,daily_fx,r_fx,500,1,0.19014353519520674
2023-09-27,daily_fx,r_fx,500,1,0.19119535991149172
2023-09-28,daily_fx,r_fx,500,1,0.19050347300568476
2023-09-29,daily_fx,r_fx,500,1,0.1921945698633113
2023-10-03,daily_fx,r_fx,500,1,0.19112254238475418
2023-10-04,daily_fx,r_fx,500,1,0.19183422317407867
2023-10-05,daily_fx,r_fx,500,1,0.1915603092573981
2023-10-06,daily_fx,r_fx,500,1,0.19178489150227057
2023-10-09,daily_fx,r_fx,500,1,0.19173103625409724
2023-10-10,daily_fx,r_fx,500,1,0.19143718754919925
2023-10-11,daily_fx,r_fx,500,1,0.19183680520989044
2023-10-12,daily_fx,r_fx,500,1,0.19199221047287718
2023-10-13,daily_fx,r_fx,500,1,0.19199758199646252
2023-10-16,daily_fx,r_fx,500,1,0.19181116162249487
2023-10-17,daily_fx,r_fx,500,1,0.19221494994727872
2023-10-18,daily_fx,r_fx,500,1,0.19290412900586512
2023-10-19,daily_fx,r_fx,500,1,0.19321411254703133
2023-10-20,daily_fx,r_fx,500,1,0.1937709861841726
2023-10-23,daily_fx,r_fx,500,1,0.19260033743118568
2023-10-24,daily_fx,r_fx,500,1,0.19231566664211125
2023-10-25,daily_fx,r_fx,500,1,0.19282478582010784
2023-10-26,daily_fx,r_fx,500,1,0.19265139841309226
2023-10-27,daily_fx,r_fx,500,1,0.19222460993825224
2023-10-30,daily_fx,r_fx,500,1,0.19269616728461267
2023-10-31,daily_fx,r_fx,500,1,0.19215609184223875
2023-11-01,daily_fx,r_fx,500,1,0.19181285968234255
2023-11-02,daily_fx,r_fx,500,1,0.19208577982600492
2023-11-03,daily_fx,r_fx,500,1,0.192326609464155
2023-11-06,daily_fx,r_fx,500,1,0.19190319306386186
2023-11-07,daily_fx,r_fx,500,1,0.19238581533870486
2023-11-08,daily_fx,r_fx,500,1,0.19219224739288043
2023-11-09,daily_fx,r_fx,500,1,0.19201253134876578
2023-11-10,daily_fx,r_fx,500,1,0.19176770973204676
2023-11-13,daily_fx,r_fx,500,1,0.19232545155535494
2023-11-14,daily_fx,r_fx,500,1,0.19237838293198717
2023-11-15,daily_fx,r_fx,500,1,0.1919475706703622
2023-11-16,daily_fx,r_fx,500,1,0.1929441241001875
2023-11-17,daily_fx,r_fx,500,1,0.1924920582988982
2023-11-20,daily_fx,r_fx,500,1,0.1934289149452671
2023-11-21,daily_fx,r_fx,500,1,0.19436640259904586
2023-11-22,daily_fx,r_fx,500,1,0.19396475537279598
2023-11-23,daily_fx,r_fx,500,1,0.195204940433666
2023-11-24,daily_fx,r_fx,500,1,0.1946789803682956
2023-11-27,daily_fx,r_fx,500,1,0.1942991022868733
2023-11-28,daily_fx,r_fx,500,1,0.19419060755062692
2023-11-29,daily_fx,r_fx,500,1,0.19515089788621492
2023-11-30,daily_fx,r_fx,500,1,0.19462290584937486
2023-12-01,daily_fx,r_fx,500,1,0.1950638464207677
2023-12-04,daily_fx,r_fx,500,1,0.1952282167490953
2023-12-05,daily_fx,r_fx,500,1,0.19510548955518942
2023-12-06,daily_fx,r_fx,500,1,0.19387489421136417
2023-12-07,daily_fx,r_fx,500,1,0.1946435501376254
2023-12-11,daily_fx,r_fx,500,1,0.19537456690401883
2023-12-12,daily_fx,r_fx,500,1,0.19512536258474603
2023-12-13,daily_fx,r_fx,500,1,0.19523951895460126
2023-12-14,daily_fx,r_fx,500,1,0.19589778609289182
2023-12-15,daily_fx,r_fx,500,1,0.195140215712642
2023-12-18,daily_fx,r_fx,500,1,0.19440187572814158
2023-12-19,daily_fx,r_fx,500,1,0.1948618575075234
2023-12-20,daily_fx,r_fx,500,1,0.19372902377016882
2023-12-21,daily_fx,r_fx,500,1,0.19180542794412955
2023-12-22,daily_fx,r_fx,500,1,0.19182888054731073
2023-12-25,daily_fx,r_fx,500,1,0.19281237571568682
2023-12-26,daily_fx,r_fx,500,1,0.19364983703877264
2023-12-27,daily_fx,r_fx,500,1,0.1938686476290603
2023-12-28,daily_fx,r_fx,500,1,0.19374021274471107
2023-12-29,daily_fx,r_fx,500,1,0.1938072738414283
2024-01-03,daily_fx,r_fx,500,1,0.19483479731768963
2024-01-04,daily_fx,r_fx,500,1,0.1937369021611755
2024-01-05,daily_fx,r_fx,500,1,0.1941815869813474
2024-01-06,daily_fx,r_fx,500,1,0.1941009601717149
2024-01-08,daily_fx,r_fx,500,1,0.19479528517818456
2024-01-09,daily_fx,r_fx,500,1,0.19636258907297288
2024-01-10,daily_fx,r_fx,500,1,0.1959512889951892
2024-01-11,daily_fx,r_fx,500,1,0.19580481071365713
2024-01-12,daily_fx,r_fx,500,1,0.19583504956411352
2024-01-15,daily_fx,r_fx,500,1,0.19566555493458226
2024-01-16,daily_fx,r_fx,500,1,0.1955012882008939
2024-01-17,daily_fx,r_fx,500,1,0.19552623123377963
2024-01-18,daily_fx,r_fx,500,1,0.19552500318980984
2024-01-19,daily_fx,r_fx,500,1,0.19541579191011274
2024-01-22,daily_fx,r_fx,500,1,0.19533630405425784
2024-01-23,daily_fx,r_fx,500,1,0.19448494687426687
2024-01-24,daily_fx,r_fx,500,1,0.1939692124239361
2024-01-25,daily_fx,r_fx,500,1,0.19374266444597452
2024-01-26,daily_fx,r_fx,500,1,0.19397191968545432
2024-01-29,daily_fx,r_fx,500,1,0.19408799798320983
2024-01-30,daily_fx,r_fx,500,1,0.19390267929559546
2024-01-31,daily_fx,r_fx,500,1,0.1934968072745862
2024-02-01,daily_fx,r_fx,500,1,0.1930585785306672
2024-02-02,daily_fx,r_fx,500,1,0.19271574412887063
2024-02-05,daily_fx,r_fx,500,1,0.1929611184542281
2024-02-06,daily_fx,r_fx,500,1,0.19361602090511792
2024-02-07,daily_fx,r_fx,500,1,0.19412410134827654
2024-02-08,daily_fx,r_fx,500,1,0.1932593625989342
2024-02-09,daily_fx,r_fx,500,1,0.19277549200961405
2024-02-12,daily_fx,r_fx,500,1,0.19250619140572023
2024-02-13,daily_fx,r_fx,500,1,0.19247457112265218
2024-02-14,daily_fx,r_fx,500,1,0.19257786770767968
2024-02-15,daily_fx,r_fx,500,1,0.19232286830183654
2024-02-16,daily_fx,r_fx,500,1,0.19267790022502057
2024-02-19,daily_fx,r_fx,500,1,0.19233828842121692
2024-02-20,daily_fx,r_fx,500,1,0.1929731558486616
2024-02-21,daily_fx,r_fx,500,1,0.19276007330255807
2024-02-22,daily_fx,r_fx,500,1,0.19260353535004648
2024-02-23,daily_fx,r_fx,500,1,0.19274851044140492
2024-02-26,daily_fx,r_fx,500,1,0.19273928548029626
2024-02-27,daily_fx,r_fx,500,1,0.1957185536377401
2024-02-28,daily_fx,r_fx,500,1,0.19821282676052288
2024-02-29,daily_fx,r_fx,500,1,0.19616489555130762
2024-03-01,daily_fx,r_fx,500,1,0.1966904259221896
2024-03-04,daily_fx,r_fx,500,1,0.1967725149013956
2024-03-05,daily_fx,r_fx,500,1,0.19680200756001628
2024-03-07,daily_fx,r_fx,500,1,0.19688925966321882
2024-03-11,daily_fx,r_fx,500,1,0.1981649563911772
2024-03-12,daily_fx,r_fx,500,1,0.19760156670262302
2024-03-13,daily_fx,r_fx,500,1,0.1976166515044422
2024-03-14,daily_fx,r_fx,500,1,0.19820059227343062
2024-03-15,daily_fx,r_fx,500,1,0.1993120670221962
2024-03-18,daily_fx,r_fx,500,1,0.1979938271137333
2024-03-19,daily_fx,r_fx,500,1,0.19526466504171056
2024-03-20,daily_fx,r_fx,500,1,0.1928357964945112
2024-03-25,daily_fx,r_fx,500,1,0.18698370897278957
2024-03-26,daily_fx,r_fx,500,1,0.14517951762164913
2024-03-27,daily_fx,r_fx,500,1,0.04186078658791801
2024-03-28,daily_fx,r_fx,500,1,0.09220089648952969
2024-03-29,daily_fx,r_fx,500,1,0.08775185126618353
2024-04-01,daily_fx,r_fx,500,1,0.0881329477834433
2024-04-02,daily_fx,r_fx,500,1,0.08837565882517608
2024-04-03,daily_fx,r_fx,500,1,0.08646389245751511
2024-04-04,daily_fx,r_fx,500,1,0.08091890903638109
2024-04-05,daily_fx,r_fx,500,1,0.0807582857601645
2024-04-08,daily_fx,r_fx,500,1,0.08098748412138365
2024-04-09,daily_fx,r_fx,500,1,0.08087725483683712
2024-04-13,daily_fx,r_fx,500,1,0.08147704534790845
2024-04-15,daily_fx,r_fx,500,1,0.0802000127877508
2024-04-16,daily_fx,r_fx,500,1,0.0796639031961312
2024-04-17,daily_fx,r_fx,500,1,0.07845284869587099
2024-04-18,daily_fx,r_fx,500,1,0.07807940148881087
2024-04-19,daily_fx,r_fx,500,1,0.0771059157161323
2024-04-22,daily_fx,r_fx,500,1,0.07818827438038944
2024-04-23,daily_fx,r_fx,500,1,0.07886368443805493
2024-04-24,daily_fx,r_fx,500,1,0.07714804847113745
2024-04-25,daily_fx,r_fx,500,1,0.07586570531107152
2024-04-26,daily_fx,r_fx,500,1,0.07646056629411611
2024-04-29,daily_fx,r_fx,500,1,0.07508377329743413
2024-04-30,daily_fx,r_fx,500,1,0.07166922318755727
2024-05-01,daily_fx,r_fx,500,1,0.0756906083240457
2024-05-02,daily_fx,r_fx,500,1,0.07301285858627093
2024-05-03,daily_fx,r_fx,500,1,0.07326242117126616
2024-05-06,daily_fx,r_fx,500,1,0.07126955289904152
2024-05-07,daily_fx,r_fx,500,1,0.0693370061027618
2024-05-08,daily_fx,r_fx,500,1,0.06322556693150598
2024-05-10,daily_fx,r_fx,500,1,0.060827799737501326
2024-05-13,daily_fx,r_fx,500,1,0.06276310319096633
2024-05-14,daily_fx,r_fx,500,1,0.060383093047667806
2024-05-15,daily_fx,r_fx,500,1,0.05885397419033036
2024-05-16,daily_fx,r_fx,500,1,0.060597803185103674
2024-05-17,daily_fx,r_fx,500,1,0.058923034164299566
2024-05-20,daily_fx,r_fx,500,1,0.060452091323628464
2024-05-21,daily_fx,r_fx,500,1,0.06208687383156523
2024-05-22,daily_fx,r_fx,500,1,0.06034631563535389
2024-05-23,daily_fx,r_fx,500,1,0.05845070803636689
2024-05-24,daily_fx,r_fx,500,1,0.058724708426234666
2024-05-27,daily_fx,r_fx,500,1,0.05934634038863327
2024-05-28,daily_fx,r_fx,500,1,0.05957497955653257
2024-05-29,daily_fx,r_fx,500,1,0.06122991232529366
2024-05-30,daily_fx,r_fx,500,1,0.061238665619619034
2024-05-31,daily_fx,r_fx,500,1,0.06105359908601846
2024-06-03,daily_fx,r_fx,500,1,0.06128373345914761
2024-06-04,daily_fx,r_fx,500,1,0.05815289649355566
2024-06-05,daily_fx,r_fx,500,1,0.05862045480225794
2024-06-06,daily_fx,r_fx,500,1,0.059707497097662564
2024-06-07,daily_fx,r_fx,500,1,0.05877376935954846
2024-06-10,daily_fx,r_fx,500,1,0.058804537047846904
2024-06-11,daily_fx,r_fx,500,1,0.05877797810950333
2024-06-12,daily_fx,r_fx,500,1,0.06067139855189648
2024-06-13,daily_fx,r_fx,500,1,0.05780737214024984
2024-06-14,daily_fx,r_fx,500,1,0.05595410714219974
2024-06-19,daily_fx,r_fx,500,1,0.05474854670817973
2024-06-20,daily_fx,r_fx,500,1,0.053996785833804344
2024-06-21,daily_fx,r_fx,500,1,0.05253081155856145
2024-06-24,daily_fx,r_fx,500,1,0.053287011082610414
2024-06-25,daily_fx,r_fx,500,1,0.0550999053519072
2024-06-26,daily_fx,r_fx,500,1,0.05446532756244763
2024-06-27,daily_fx,r_fx,500,1,0.05199327283719577
2024-06-28,daily_fx,r_fx,500,1,0.04658857602321503
2024-07-01,daily_fx,r_fx,500,1,0.04317026785788957
2024-07-02,daily_fx,r_fx,500,1,0.04356369564302971
2024-07-03,daily_fx,r_fx,500,1,0.04295015380101899
2024-07-04,daily_fx,r_fx,500,1,0.040799028031185375
2024-07-05,daily_fx,r_fx,500,1,0.04667244692649564
2024-07-08,daily_fx,r_fx,500,1,0.04642930545855872
2024-07-09,daily_fx,r_fx,500,1,0.046619505957441104
2024-07-10,daily_fx,r_fx,500,1,0.04573931193210203
2024-07-11,daily_fx,r_fx,500,1,0.04698666720133625
2024-07-12,daily_fx,r_fx,500,1,0.045226210422011734
2024-07-15,daily_fx,r_fx,500,1,0.04225088265431095
2024-07-16,daily_fx,r_fx,500,1,0.043798476010734555
2024-07-17,daily_fx,r_fx,500,1,0.04562012378743137
2024-07-18,daily_fx,r_fx,500,1,0.04520995983546443
2024-07-19,daily_fx,r_fx,500,1,0.04402100166969437
2024-07-22,daily_fx,r_fx,500,1,0.04573183460878239
2024-07-23,daily_fx,r_fx,500,1,0.044242929690697874
2024-07-24,daily_fx,r_fx,500,1,0.04271153357866385
2024-07-25,daily_fx,r_fx,500,1,0.039456257989918024
2024-07-26,daily_fx,r_fx,500,1,0.039100403619509304
2024-07-29,daily_fx,r_fx,500,1,0.039212433070050526
2024-07-30,daily_fx,r_fx,500,1,0.03952836742565694
2024-07-31,daily_fx,r_fx,500,1,0.04397230286562381
2024-08-01,daily_fx,r_fx,500,1,0.043240233677014725
2024-08-02,daily_fx,r_fx,500,1,0.04054768721824807
2024-08-05,daily_fx,r_fx,500,1,0.04101057430194765
2024-08-06,daily_fx,r_fx,500,1,0.04103500811909007
2024-08-07,daily_fx,r_fx,500,1,0.04006273939634894
2024-08-08,daily_fx,r_fx,500,1,0.04221796852965421
2024-08-09,daily_fx,r_fx,500,1,0.040810317340305644
2024-08-12,daily_fx,r_fx,500,1,0.03719213086630826
2024-08-13,daily_fx,r_fx,500,1,0.03594515266668883
2024-08-14,daily_fx,r_fx,500,1,0.036652242280129574
2024-08-15,daily_fx,r_fx,500,1,0.036580418984957924
2024-08-16,daily_fx,r_fx,500,1,0.03543959108285152
2024-08-19,daily_fx,r_fx,500,1,0.03645728916999614
2024-08-20,daily_fx,r_fx,500,1,0.037431079270533844
2024-08-21,daily_fx,r_fx,500,1,0.03610850634042712
2024-08-22,daily_fx,r_fx,500,1,0.03832452753139359
2024-08-23,daily_fx,r_fx,500,1,0.03821500540249178
2024-08-26,daily_fx,r_fx,500,1,0.03772652872827328
2024-08-27,daily_fx,r_fx,500,1,0.03581007940770927
2024-08-28,daily_fx,r_fx,500,1,0.03596084794774879
2024-08-29,daily_fx,r_fx,500,1,0.03555859075810412
2024-08-30,daily_fx,r_fx,500,1,0.03248124263017667
2024-09-04,daily_fx,r_fx,500,1,0.030294480521533267
2024-09-05,daily_fx,r_fx,500,1,0.032226479463710836
2024-09-06,daily_fx,r_fx,500,1,0.036425485471666914
2024-09-09,daily_fx,r_fx,500,1,0.032356604831971336
2024-09-10,daily_fx,r_fx,500,1,0.03134654768434026
2024-09-11,daily_fx,r_fx,500,1,0.03216124484929295
2024-09-12,daily_fx,r_fx,500,1,0.03330441326075506
2024-09-13,daily_fx,r_fx,500,1,0.03675837256925042
2024-09-16,daily_fx,r_fx,500,1,0.03491215699277677
2024-09-17,daily_fx,r_fx,500,1,0.0339080964520537
2024-09-18,daily_fx,r_fx,500,1,0.03354953682422503
2024-09-19,daily_fx,r_fx,500,1,0.03267790030903741
2024-09-20,daily_fx,r_fx,500,1,0.03396130442327402
2024-09-23,daily_fx,r_fx,500,1,0.03319097286506317
2024-09-24,daily_fx,r_fx,500,1,0.03279340906961665
2024-09-25,daily_fx,r_fx,500,1,0.034536793231057614
2024-09-26,daily_fx,r_fx,500,1,0.03768921844848972
2024-09-27,daily_fx,r_fx,500,1,0.03525484884528872
2024-09-30,daily_fx,r_fx,500,1,0.03530006532926026
2024-10-02,daily_fx,r_fx,500,1,0.03299220538841701
2024-10-03,daily_fx,r_fx,500,1,0.03525043628783294
2024-10-04,daily_fx,r_fx,500,1,0.031810879884380576
2024-10-07,daily_fx,r_fx,500,1,0.03125062065701161
2024-10-08,daily_fx,r_fx,500,1,0.03300458263370481
2024-10-09,daily_fx,r_fx,500,1,0.03157921715821687
2024-10-10,daily_fx,r_fx,500,1,0.03353795407818335
2024-10-11,daily_fx,r_fx,500,1,0.03298568373971884
2024-10-14,daily_fx,r_fx,500,1,0.03110373385832041
2024-10-15,daily_fx,r_fx,500,1,0.03328506373805753
2024-10-16,daily_fx,r_fx,500,1,0.033405894652749235
2024-10-17,daily_fx,r_fx,500,1,0.033520334613979255
2024-10-18,daily_fx,r_fx,500,1,0.03199382314421259
2024-10-21,daily_fx,r_fx,500,1,0.03220019202289295
2024-10-22,daily_fx,r_fx,500,1,0.031214320599802222
2024-10-23,daily_fx,r_fx,500,1,0.030274865605406844
2024-10-24,daily_fx,r_fx,500,1,0.030099008834081366
2024-10-25,daily_fx,r_fx,500,1,0.030286352571385754
2024-10-28,daily_fx,r_fx,500,1,0.030115306399523294
2024-10-29,daily_fx,r_fx,500,1,0.02983116400480497
2024-10-30,daily_fx,r_fx,500,1,0.029673638348504307
2024-10-31,daily_fx,r_fx,500,1,0.030876524405360636
2024-11-01,daily_fx,r_fx,500,1,0.02977219582599749
2024-11-04,daily_fx,r_fx,500,1,0.02878359214817936
2024-11-05,daily_fx,r_fx,500,1,0.028243518689096584
2024-11-06,daily_fx,r_fx,500,1,0.02896335538679218
2024-11-07,daily_fx,r_fx,500,1,0.026496051902268135
2024-11-08,daily_fx,r_fx,500,1,0.023212645534109438
2024-11-11,daily_fx,r_fx,500,1,0.02429082422835468
2024-11-12,daily_fx,r_fx,500,1,0.023383329614474542
2024-11-13,daily_fx,r_fx,500,1,0.022762850190926172
2024-11-14,daily_fx,r_fx,500,1,0.024563706371953906
2024-11-15,daily_fx,r_fx,500,1,0.024792138697898976
2024-11-18,daily_fx,r_fx,500,1,0.023797508586680872
2024-11-19,daily_fx,r_fx,500,1,0.02331514345861173
2024-11-20,daily_fx,r_fx,500,1,0.024351574031172066
2024-11-21,daily_fx,r_fx,500,1,0.023130084236071262
2024-11-22,daily_fx,r_fx,500,1,0.023686441658235594
2024-11-25,daily_fx,r_fx,500,1,0.0236657259441201
2024-11-26,daily_fx,r_fx,500,1,0.02452963263438245
2024-11-27,daily_fx,r_fx,500,1,0.024435867337859317
2024-11-28,daily_fx,r_fx,500,1,0.024707573225419933
2024-11-29,daily_fx,r_fx,500,1,0.025436025931918637
2024-12-02,daily_fx,r_fx,500,1,0.024660757182299316
2024-12-03,daily_fx,r_fx,500,1,0.025202487171069276
2024-12-04,daily_fx,r_fx,500,1,0.026803333566349452
2024-12-05,daily_fx,r_fx,500,1,0.026168459168012526
2024-12-06,daily_fx,r_fx,500,1,0.02435463517312677
2024-12-10,daily_fx,r_fx,500,1,0.026508587473976428
2024-12-11,daily_fx,r_fx,500,1,0.025043260295986778
2024-12-12,daily_fx,r_fx,500,1,0.02340278032756082
2024-12-13,daily_fx,r_fx,500,1,0.0233323756603192
2024-12-14,daily_fx,r_fx,500,1,0.02361426818301291
2024-12-16,daily_fx,r_fx,500,1,0.02294469299903756
2024-12-17,daily_fx,r_fx,500,1,0.023052482875887254
2024-12-18,daily_fx,r_fx,500,1,0.02292303934276542
2024-12-19,daily_fx,r_fx,500,1,0.024435157936903935
2024-12-20,daily_fx,r_fx,500,1,0.02102105121253512
2024-12-23,daily_fx,r_fx,500,1,0.02455339480777997
2024-12-24,daily_fx,r_fx,500,1,0.022820408802892295
2024-12-25,daily_fx,r_fx,500,1,0.0236395742203488
2024-12-26,daily_fx,r_fx,500,1,0.02279013743760737
2024-12-27,daily_fx,r_fx,500,1,0.01932953551823518
2025-01-03,daily_fx,r_fx,500,1,0.017307625980134276
2025-01-04,daily_fx,r_fx,500,1,0.015747279242361467
2025-01-06,daily_fx,r_fx,500,1,0.014667973398351325
2025-01-07,daily_fx,r_fx,500,1,0.01593501076321081
2025-01-08,daily_fx,r_fx,500,1,0.01317496230718201
2025-01-09,daily_fx,r_fx,500,1,0.011868349910819106
2025-01-10,daily_fx,r_fx,500,1,0.010181503793924823
2025-01-13,daily_fx,r_fx,500,1,0.008189128161795609
2025-01-14,daily_fx,r_fx,500,1,0.006433625545944326
2025-01-15,daily_fx,r_fx,500,1,0.008510895141233899
2025-01-16,daily_fx,r_fx,500,1,0.007205376348624655
2025-01-17,daily_fx,r_fx,500,1,0.008726643426576926
2025-01-20,daily_fx,r_fx,500,1,0.007634657827727274
2025-01-21,daily_fx,r_fx,500,1,0.008979352504952322
2025-01-22,daily_fx,r_fx,500,1,0.010287114009594513
2025-01-23,daily_fx,r_fx,500,1,0.009250860883863848
2025-01-24,daily_fx,r_fx,500,1,0.011289356037488015
2025-01-27,daily_fx,r_fx,500,1,0.008892487941727556
2025-01-28,daily_fx,r_fx,500,1,0.008228634119913687
2025-01-29,daily_fx,r_fx,500,1,0.008755474639655855
2025-01-30,daily_fx,r_fx,500,1,0.010359113786666749
2025-01-31,daily_fx,r_fx,500,1,0.008896761009702428
2025-02-03,daily_fx,r_fx,500,1,0.009883682650760303
2025-02-04,daily_fx,r_fx,500,1,0.008474175939561903
2025-02-05,daily_fx,r_fx,500,1,0.007617131901771714
2025-02-06,daily_fx,r_fx,500,1,0.00872348798136632
2025-02-07,daily_fx,r_fx,500,1,0.004961006635479144
2025-02-10,daily_fx,r_fx,500,1,0.0071538884633324815
2025-02-11,daily_fx,r_fx,500,1,0.006287744095584226
2025-02-12,daily_fx,r_fx,500,1,0.0058014870824573345
2025-02-13,daily_fx,r_fx,500,1,0.004326395848237737
2025-02-14,daily_fx,r_fx,500,1,0.00413323929771974
2025-02-17,daily_fx,r_fx,500,1,0.003398161504420878
2025-02-18,daily_fx,r_fx,500,1,0.005450136934183901
2025-02-19,daily_fx,r_fx,500,1,0.004814265503869185
2025-02-20,daily_fx,r_fx,500,1,0.005164084475172814
2025-02-21,daily_fx,r_fx,500,1,0.007861127933995196
2025-02-24,daily_fx,r_fx,500,1,0.008409738902641125
2025-02-25,daily_fx,r_fx,500,1,0.009751353050705867
2025-02-26,daily_fx,r_fx,500,1,0.00980788002940934
2025-02-27,daily_fx,r_fx,500,1,0.008878800660004323
2025-02-28,daily_fx,r_fx,500,1,0.007132686227966385
2025-03-03,daily_fx,r_fx,500,1,0.007863471090300713
2025-03-04,daily_fx,r_fx,500,1,0.00718887531694429
2025-03-05,daily_fx,r_fx,500,1,0.0066165391332385845
2025-03-06,daily_fx,r_fx,500,1,0.007680824012188199
2025-03-07,daily_fx,r_fx,500,1,0.009036901436021153
2025-03-11,daily_fx,r_fx,500,1,0.009270073066203813
2025-03-12,daily_fx,r_fx,500,1,0.008209830714591183
2025-03-13,daily_fx,r_fx,500,1,0.008378134651866837
2025-03-14,daily_fx,r_fx,500,1,0.008652346156672087
2025-03-17,daily_fx,r_fx,500,1,0.012982711447015969
2025-03-18,daily_fx,r_fx,500,1,0.010142476851286615
2025-03-19,daily_fx,r_fx,500,1,0.011975057614239226
2025-03-20,daily_fx,r_fx,500,1,0.013033839677170412
2025-03-24,daily_fx,r_fx,500,1,0.012138023779310827
2025-03-25,daily_fx,r_fx,500,1,0.010955093093594541
2025-03-26,daily_fx,r_fx,500,1,0.010697618629996979
2025-03-27,daily_fx,r_fx,500,1,0.012213422825853934
2025-03-28,daily_fx,r_fx,500,1,0.0063384615863730535
2025-04-01,daily_fx,r_fx,500,1,0.008698667857279756
2025-04-02,daily_fx,r_fx,500,1,0.007080396220295615
2025-04-03,daily_fx,r_fx,500,1,0.00667639084298003
2025-04-04,daily_fx,r_fx,500,1,0.008579637610084862
2025-04-07,daily_fx,r_fx,500,1,0.00704772322218544
2025-04-08,daily_fx,r_fx,500,1,0.009389305985083847
2025-04-09,daily_fx,r_fx,500,1,0.007804997951529981
2025-04-10,daily_fx,r_fx,500,1,0.009370010290713224
2025-04-11,daily_fx,r_fx,500,1,0.0077410842390206935
2025-04-14,daily_fx,r_fx,500,1,0.006749632499479917
2025-04-15,daily_fx,r_fx,500,1,0.005136497366176254
2025-04-16,daily_fx,r_fx,500,1,0.00522406086735158
2025-04-17,daily_fx,r_fx,500,1,0.005026831658481997
2025-04-18,daily_fx,r_fx,500,1,0.0032402906833373167
2025-04-21,daily_fx,r_fx,500,1,0.005933138317694517
2025-04-22,daily_fx,r_fx,500,1,0.008491211538091903
2025-04-23,daily_fx,r_fx,500,1,0.012028491822275125
2025-04-24,daily_fx,r_fx,500,1,0.011993442027292984
2025-04-25,daily_fx,r_fx,500,1,0.012110491226566652
2025-04-28,daily_fx,r_fx,500,1,0.015556350617763988
2025-04-29,daily_fx,r_fx,500,1,0.012758502449059992
2025-04-30,daily_fx,r_fx,500,1,0.013909402984368012
2025-05-01,daily_fx,r_fx,500,1,0.015339196304750063
2025-05-02,daily_fx,r_fx,500,1,0.013789970522216989
2025-05-05,daily_fx,r_fx,500,1,0.01406195038491626
2025-05-06,daily_fx,r_fx,500,1,0.014165482798066677
2025-05-07,daily_fx,r_fx,500,1,0.012707614291339717
2025-05-08,daily_fx,r_fx,500,1,0.01304056776379023
2025-05-12,daily_fx,r_fx,500,1,0.013695434311226981
2025-05-13,daily_fx,r_fx,500,1,0.013708639823824914
2025-05-14,daily_fx,r_fx,500,1,0.013485613878115511
2025-05-15,daily_fx,r_fx,500,1,0.018405224160441987
2025-05-16,daily_fx,r_fx,500,1,0.01580014421040914
2025-05-19,daily_fx,r_fx,500,1,0.01784228793919139
2025-05-20,daily_fx,r_fx,500,1,0.02805065479330616
2025-05-21,daily_fx,r_fx,500,1,0.019917408091622905
2025-05-22,daily_fx,r_fx,500,1,0.023651303890453865
2025-05-23,daily_fx,r_fx,500,1,0.01924897231318008
2025-05-26,daily_fx,r_fx,500,1,0.01514172062027996
2025-05-27,daily_fx,r_fx,500,1,0.01667919016055108
2025-05-28,daily_fx,r_fx,500,1,0.011861808465893934
2025-05-29,daily_fx,r_fx,500,1,0.01864770222306823
2025-05-30,daily_fx,r_fx,500,1,0.028263509887603948
2025-06-02,daily_fx,r_fx,500,1,0.024720334727468516
2025-06-03,daily_fx,r_fx,500,1,0.027115595922196145
2025-06-04,daily_fx,r_fx,500,1,0.029439111877260053
2025-06-05,daily_fx,r_fx,500,1,0.027980251726486965
2025-06-09,daily_fx,r_fx,500,1,0.03190838996561437
2025-06-10,daily_fx,r_fx,500,1,0.04264530869397058
2025-06-11,daily_fx,r_fx,500,1,0.04962421913152937
2025-06-12,daily_fx,r_fx,500,1,0.05189124739354978
2025-06-13,daily_fx,r_fx,500,1,0.04611245261843634
2025-06-16,daily_fx,r_fx,500,1,0.054241337310245774
2025-06-17,daily_fx,r_fx,500,1,0.046394346132593856
2025-06-18,daily_fx,r_fx,500,1,0.05166744952734956
2025-06-19,daily_fx,r_fx,500,1,0.05908686392332078
2025-06-20,daily_fx,r_fx,500,1,0.06627792492157902
2025-06-23,daily_fx,r_fx,500,1,0.07571734659253136
2025-06-24,daily_fx,r_fx,500,1,0.0906064998125297
2025-06-25,daily_fx,r_fx,500,1,0.07931783550425078
2025-06-26,daily_fx,r_fx,500,1,0.08696446606253726
2025-06-27,daily_fx,r_fx,500,1,0.09567761809393657
2025-06-30,daily_fx,r_fx,500,1,0.10333250342963793
2025-07-01,daily_fx,r_fx,500,1,0.10943873804626052
2025-07-02,daily_fx,r_fx,500,1,0.10631359788638173
2025-07-03,daily_fx,r_fx,500,1,0.1106953278636255
2025-07-04,daily_fx,r_fx,500,1,0.11597970967829752
2025-07-07,daily_fx,r_fx,500,1,0.1103812881437551
2025-07-08,daily_fx,r_fx,500,1,0.11716025905529381
2025-07-09,daily_fx,r_fx,500,1,0.12191277369009322
2025-07-10,daily_fx,r_fx,500,1,0.1172393902288906
2025-07-11,daily_fx,r_fx,500,1,0.1189937381763746
2025-07-14,daily_fx,r_fx,500,1,0.12075691237864407
2025-07-15,daily_fx,r_fx,500,1,0.11641046959332141
2025-07-16,daily_fx,r_fx,500,1,0.12861717411636397
2025-07-17,daily_fx,r_fx,500,1,0.12445651718709601
2025-07-18,daily_fx,r_fx,500,1,0.12788189443000117
2025-07-21,daily_fx,r_fx,500,1,0.1445770122236581
2025-07-22,daily_fx,r_fx,500,1,0.1387167556993005
2025-07-23,daily_fx,r_fx,500,1,0.14275900191278307
2025-07-24,daily_fx,r_fx,500,1,0.15253852036395876
2025-07-25,daily_fx,r_fx,500,1,0.13713466428547358
2025-07-28,daily_fx,r_fx,500,1,0.15262133089786772
2025-07-29,daily_fx,r_fx,500,1,0.1625834732510028
2025-07-30,daily_fx,r_fx,500,1,0.1637570897157472
2025-07-31,daily_fx,r_fx,500,1,0.16010544894673578
2025-08-01,daily_fx,r_fx,500,1,0.175315550276455
2025-08-04,daily_fx,r_fx,500,1,0.17956435678554836
2025-08-05,daily_fx,r_fx,500,1,0.170651858058586
2025-08-06,daily_fx,r_fx,500,1,0.1870574283879014
2025-08-07,daily_fx,r_fx,500,1,0.19025788120858284
2025-08-08,daily_fx,r_fx,500,1,0.18484354132520991
2025-08-11,daily_fx,r_fx,500,1,0.19520265639991666
2025-08-12,daily_fx,r_fx,500,1,0.18089118822257505
2025-08-13,daily_fx,r_fx,500,1,0.19151200645614583
2025-08-14,daily_fx,r_fx,500,1,0.23695455581997799
2025-08-15,daily_fx,r_fx,500,1,0.3298545739214974
2025-08-18,daily_fx,r_fx,500,1,0.32055436223098094
2025-08-19,daily_fx,r_fx,500,1,0.3234338037268787
2025-08-20,daily_fx,r_fx,500,1,0.3178104301838085
2025-08-21,daily_fx,r_fx,500,1,0.31280619688934574
2025-08-22,daily_fx,r_fx,500,1,0.31988699545669785
2025-08-25,daily_fx,r_fx,500,1,0.32520872976475607
2025-08-26,daily_fx,r_fx,500,1,0.3316571599467266
2025-08-27,daily_fx,r_fx,500,1,0.3220514164293737
2025-08-28,daily_fx,r_fx,500,1,0.3263368006028235
2025-08-29,daily_fx,r_fx,500,1,0.33490712288888397
2025-09-02,daily_fx,r_fx,500,1,0.3286249710126905
2025-09-03,daily_fx,r_fx,500,1,0.3301214059552254
2025-09-04,daily_fx,r_fx,500,1,0.3330664238552374
2025-09-05,daily_fx,r_fx,500,1,0.3220245513291714
2025-09-08,daily_fx,r_fx,500,1,0.33053873293069336
2025-09-09,daily_fx,r_fx,500,1,0.3074776879583385
2025-09-10,daily_fx,r_fx,500,1,0.3197270294498278
2025-09-11,daily_fx,r_fx,500,1,0.31591122113554004
2025-09-12,daily_fx,r_fx,500,1,0.31390481393538766
2025-09-15,daily_fx,r_fx,500,1,0.3060386248693587
2025-09-16,daily_fx,r_fx,500,1,0.3085223276395981
2025-09-17,daily_fx,r_fx,500,1,0.31635134982709595
2025-09-18,daily_fx,r_fx,500,1,0.31974446192687
2025-09-19,daily_fx,r_fx,500,1,0.31445507596649425
2025-09-22,daily_fx,r_fx,500,1,0.3180197210154409
2025-09-23,daily_fx,r_fx,500,1,0.3065514885534477
2025-09-24,daily_fx,r_fx,500,1,0.3193598805557169
2025-09-25,daily_fx,r_fx,500,1,0.30565826297082943
2025-09-26,daily_fx,r_fx,500,1,0.30301948146955354
2025-09-29,daily_fx,r_fx,500,1,0.30422722420283255
2025-09-30,daily_fx,r_fx,500,1,0.31096055613985857
2025-10-02,daily_fx,r_fx,500,1,0.3061837878394032
2025-10-03,daily_fx,r_fx,500,1,0.3072989289664837
2025-10-06,daily_fx,r_fx,500,1,0.304614704148406
2025-10-07,daily_fx,r_fx,500,1,0.3073623987240431
2025-10-08,daily_fx,r_fx,500,1,0.3052543356338245
2025-10-09,daily_fx,r_fx,500,1,0.305904800187766
2025-10-10,daily_fx,r_fx,500,1,0.3084495000219457
2025-10-13,daily_fx,r_fx,500,1,0.3100933206324606
2025-10-14,daily_fx,r_fx,500,1,0.3098100129965762
2025-10-15,daily_fx,r_fx,500,1,0.30972605781352724
2025-10-16,daily_fx,r_fx,500,1,0.3127864403284231
2025-10-17,daily_fx,r_fx,500,1,0.3020011504003992
2025-10-20,daily_fx,r_fx,500,1,0.3076800771344207
2025-10-21,daily_fx,r_fx,500,1,0.31177399923187227
2025-10-22,daily_fx,r_fx,500,1,0.31497348826771654
2025-10-23,daily_fx,r_fx,500,1,0.3029276599362546
2025-10-24,daily_fx,r_fx,500,1,0.30603571848473715
2025-10-27,daily_fx,r_fx,500,1,0.30544428862958
2025-10-28,daily_fx,r_fx,500,1,0.30562121410439375
2025-10-29,daily_fx,r_fx,500,1,0.31044048750460107
2025-10-30,daily_fx,r_fx,500,1,0.31060388856457244
2025-10-31,daily_fx,r_fx,500,1,0.3095497052813468
2025-11-03,daily_fx,r_fx,500,1,0.3078752911950186
2025-11-04,daily_fx,r_fx,500,1,0.30843787343807677
2025-11-05,daily_fx,r_fx,500,1,0.3097875797504321
2025-11-06,daily_fx,r_fx,500,1,0.30888671823671704
2025-11-07,daily_fx,r_fx,500,1,0.30983181352227107
2025-11-10,daily_fx,r_fx,500,1,0.3124786194116044
2025-11-11,daily_fx,r_fx,500,1,0.3074663694924916
2025-11-12,daily_fx,r_fx,500,1,0.30936297799170587
2025-11-13,daily_fx,r_fx,500,1,0.3097818387416507
2025-11-14,daily_fx,r_fx,500,1,0.30968707839989296
2025-11-17,daily_fx,r_fx,500,1,0.3100465923575062
2025-11-18,daily_fx,r_fx,500,1,0.30554869562310805
2025-11-19,daily_fx,r_fx,500,1,0.30787180539860165
2025-11-20,daily_fx,r_fx,500,1,0.3106077554678327
2025-11-21,daily_fx,r_fx,500,1,0.31012036605858684
2025-11-24,daily_fx,r_fx,500,1,0.30956906947961704
2025-11-25,daily_fx,r_fx,500,1,0.31089778327159706
2025-11-26,daily_fx,r_fx,500,1,0.30765590116403446
2025-11-27,daily_fx,r_fx,500,1,0.31202998215207983
2025-11-28,daily_fx,r_fx,500,1,0.3087612745793142
2025-12-01,daily_fx,r_fx,500,1,0.30979527971333
2025-12-02,daily_fx,r_fx,500,1,0.3052662797906338
2025-12-03,daily_fx,r_fx,500,1,0.3054831955257305
2025-12-04,daily_fx,r_fx,500,1,0.3050728369073573
2025-12-05,daily_fx,r_fx,500,1,0.3088154163881127
2025-12-09,daily_fx,r_fx,500,1,0.31191993472647567
2025-12-10,daily_fx,r_fx,500,1,0.3119935368157112
2025-12-11,daily_fx,r_fx,500,1,0.31220021667202486
2025-12-12,daily_fx,r_fx,500,1,0.3127346555544909
2025-12-15,daily_fx,r_fx,500,1,0.3140197538524332
2025-12-16,daily_fx,r_fx,500,1,0.3156407562524238
2025-12-17,daily_fx,r_fx,500,1,0.31400428128862984
2025-12-18,daily_fx,r_fx,500,1,0.3158014885056968
2025-12-19,daily_fx,r_fx,500,1,0.31786749505169426
2025-12-22,daily_fx,r_fx,500,1,0.3194368725990423
2025-12-23,daily_fx,r_fx,500,1,0.3191035416155836
2025-12-24,daily_fx,r_fx,500,1,0.32065321359978455
2025-12-25,daily_fx,r_fx,500,1,0.3210515472019202
2025-12-26,daily_fx,r_fx,500,1,0.32115359482438033
2025-12-29,daily_fx,r_fx,500,1,0.3206857858142478
2025-12-30,daily_fx,r_fx,500,1,0.3215997742569063
2026-01-05,daily_fx,r_fx,500,1,0.32423456204648193
2026-01-06,daily_fx,r_fx,500,1,0.3194673291643038
2026-01-07,daily_fx,r_fx,500,1,0.32009521391093676
2026-01-08,daily_fx,r_fx,500,1,0.32084398810535525
2026-01-09,daily_fx,r_fx,500,1,0.32747496188393405
2026-01-12,daily_fx,r_fx,500,1,0.32838343120051067
2026-01-13,daily_fx,r_fx,500,1,0.3264361595288925
2026-01-14,daily_fx,r_fx,500,1,0.328314816935077
2026-01-15,daily_fx,r_fx,500,1,0.33110150045926195
2026-01-16,daily_fx,r_fx,500,1,0.33303644372154684
2026-01-19,daily_fx,r_fx,500,1,0.33309904896457315
2026-01-20,daily_fx,r_fx,500,1,0.3297951934323173
2026-01-21,daily_fx,r_fx,500,1,0.33081236142466747
2026-01-22,daily_fx,r_fx,500,1,0.3318612798392346
2026-01-23,daily_fx,r_fx,500,1,0.33263673604846417
2026-01-26,daily_fx,r_fx,500,1,0.3302331470000368
2026-01-27,daily_fx,r_fx,500,1,0.3284198621967918
2026-01-28,daily_fx,r_fx,500,1,0.32862412511139744
2026-01-29,daily_fx,r_fx,500,1,0.3306538524947705
2026-01-30,daily_fx,r_fx,500,1,0.3320150401119716
2026-02-02,daily_fx,r_fx,500,1,0.3328535114831317
2026-02-03,daily_fx,r_fx,500,1,0.334072916113559
2026-02-04,daily_fx,r_fx,500,1,0.3343266241364762
2026-02-05,daily_fx,r_fx,500,1,0.3345964916490458
2026-02-06,daily_fx,r_fx,500,1,0.3350008130073488
2026-02-09,daily_fx,r_fx,500,1,0.33513826932240903
2026-02-10,daily_fx,r_fx,500,1,0.3352413203354191
2026-02-11,daily_fx,r_fx,500,1,0.33446744463314
2026-02-12,daily_fx,r_fx,500,1,0.3355652083921179
2026-02-13,daily_fx,r_fx,500,1,0.33634938255676516
2026-02-16,daily_fx,r_fx,500,1,0.3366024115459143
2026-02-17,daily_fx,r_fx,500,1,0.33838535044000634
2026-02-18,daily_fx,r_fx,500,1,0.33990133450637905
2026-02-19,daily_fx,r_fx,500,1,0.3394148025303315
2026-02-20,daily_fx,r_fx,500,1,0.3385862485577649
2026-02-23,daily_fx,r_fx,500,1,0.34068742188667633
2026-02-24,daily_fx,r_fx,500,1,0.3417148827391021
2026-02-25,daily_fx,r_fx,500,1,0.3388266419524258
2026-02-26,daily_fx,r_fx,500,1,0.3418519407114729
2026-02-27,daily_fx,r_fx,500,1,0.34079605164705246
2026-03-02,daily_fx,r_fx,500,1,0.340945817847218
2026-03-03,daily_fx,r_fx,500,1,0.3415118345677542
2026-03-04,daily_fx,r_fx,500,1,0.3423522718143978
2026-03-05,daily_fx,r_fx,500,1,0.34160063742526714
2026-03-06,daily_fx,r_fx,500,1,0.34192966181460566
2026-03-10,daily_fx,r_fx,500,1,0.3415017668759965
2026-03-11,daily_fx,r_fx,500,1,0.3399742368642783
2026-03-12,daily_fx,r_fx,500,1,0.34108311110002615
2026-03-13,daily_fx,r_fx,500,1,0.3417717442993233
2026-03-16,daily_fx,r_fx,500,1,0.3426455451817634
2026-03-17,daily_fx,r_fx,500,1,0.3419056576404359
2026-03-18,daily_fx,r_fx,500,1,0.34185368044882675
2026-03-19,daily_fx,r_fx,500,1,0.3437778347656132
2026-03-24,daily_fx,r_fx,500,1,0.34418161138652936
2026-03-25,daily_fx,r_fx,500,1,0.3443156353573849
2026-03-26,daily_fx,r_fx,500,1,0.34402187725812516
2026-03-27,daily_fx,r_fx,500,1,0.3434568369996072
2026-03-30,daily_fx,r_fx,500,1,0.34329225380809447
2026-03-31,daily_fx,r_fx,500,1,0.34397664978540604
2026-04-01,daily_fx,r_fx,500,1,0.34355112704032015
2026-04-02,daily_fx,r_fx,500,1,0.3438731519487588
2026-04-03,daily_fx,r_fx,500,1,0.34214952032388646
2026-04-06,daily_fx,r_fx,500,1,0.34216722987277415
2026-04-07,daily_fx,r_fx,500,1,0.34264668680377036
2026-04-08,daily_fx,r_fx,500,1,0.34359452223603804
2026-04-09,daily_fx,r_fx,500,1,0.34401567841955666
2026-04-10,daily_fx,r_fx,500,1,0.34248895237402044
2026-04-13,daily_fx,r_fx,500,1,0.3438447687323586
2026-04-14,daily_fx,r_fx,500,1,0.34511126235457157
2026-04-15,daily_fx,r_fx,500,1,0.3439549511879706
2026-04-16,daily_fx,r_fx,500,1,0.3446489202976371
2026-04-17,daily_fx,r_fx,500,1,0.34213192050257196
2026-04-20,daily_fx,r_fx,500,1,0.3426161912550615
2026-04-21,daily_fx,r_fx,500,1,0.3438486689022999
2026-04-22,daily_fx,r_fx,500,1,0.3450813537400704
2026-04-23,daily_fx,r_fx,500,1,0.34599342048537646
2026-04-24,daily_fx,r_fx,500,1,0.3467505718647319
2026-04-27,daily_fx,r_fx,500,1,0.34625230818862096
2026-04-28,daily_fx,r_fx,500,1,0.3455796042125575
2026-04-29,daily_fx,r_fx,500,1,0.3427628539785374
2026-04-30,daily_fx,r_fx,500,1,0.347342332337425
2018-09-28,weekly_uci,r_uci,104,1,-0.20428186741017865
2018-10-05,weekly_uci,r_uci,104,1,-0.2114702600106071
2018-10-12,weekly_uci,r_uci,104,1,-0.12361041616181365
2018-10-19,weekly_uci,r_uci,104,1,-0.1159996408938972
2018-10-26,weekly_uci,r_uci,104,1,-0.11735535502242918
2018-11-02,weekly_uci,r_uci,104,1,-0.11413791769558236
2018-11-09,weekly_uci,r_uci,104,1,-0.1060056597927085
2018-11-16,weekly_uci,r_uci,104,1,-0.10407047815150536
2018-11-23,weekly_uci,r_uci,104,1,-0.030263542481638962
2018-11-30,weekly_uci,r_uci,104,1,0.032167357780618355
2018-12-07,weekly_uci,r_uci,104,1,0.0317826534148881
2018-12-14,weekly_uci,r_uci,104,1,0.03168451077816926
2018-12-21,weekly_uci,r_uci,104,1,0.031542699075967816
2018-12-28,weekly_uci,r_uci,104,1,0.03142505498392571
2019-01-04,weekly_uci,r_uci,104,1,0.03133386272141423
2019-01-11,weekly_uci,r_uci,104,1,0.031593846042930446
2019-01-18,weekly_uci,r_uci,104,1,-0.0048779714716758755
2019-01-25,weekly_uci,r_uci,104,1,-0.043951824703889225
2019-02-01,weekly_uci,r_uci,104,1,-0.04297149572219663
2019-02-08,weekly_uci,r_uci,104,1,-0.041743164007660635
2019-02-15,weekly_uci,r_uci,104,1,-0.041466239369500175
2019-02-22,weekly_uci,r_uci,104,1,-0.041502924913476506
2019-03-01,weekly_uci,r_uci,104,1,-0.04164363290857761
2019-03-08,weekly_uci,r_uci,104,1,-0.04180095260245396
2019-03-15,weekly_uci,r_uci,104,1,-0.029510318883817242
2019-03-22,weekly_uci,r_uci,104,1,-0.021613519338440523
2019-03-29,weekly_uci,r_uci,104,1,-0.021575257360111205
2019-04-05,weekly_uci,r_uci,104,1,-0.021544288374586072
2019-04-12,weekly_uci,r_uci,104,1,-0.021462731058662324
2019-04-19,weekly_uci,r_uci,104,1,-0.010146690851943549
2019-04-26,weekly_uci,r_uci,104,1,-0.009345353106940745
2019-05-03,weekly_uci,r_uci,104,1,-0.00735525206796969
2019-05-10,weekly_uci,r_uci,104,1,-0.009587503274379326
2019-05-17,weekly_uci,r_uci,104,1,-0.009661259871720578
2019-05-24,weekly_uci,r_uci,104,1,-0.009617798068943823
2019-05-31,weekly_uci,r_uci,104,1,-0.009727517562330725
2019-06-07,weekly_uci,r_uci,104,1,-0.009676438261005366
2019-06-14,weekly_uci,r_uci,104,1,-0.00970368615644594
2019-06-21,weekly_uci,r_uci,104,1,-0.009716789695056925
2019-06-28,weekly_uci,r_uci,104,1,-0.009731235375551938
2019-07-05,weekly_uci,r_uci,104,1,-0.00966709363309451
2019-07-12,weekly_uci,r_uci,104,1,-0.009628003395063776
2019-07-19,weekly_uci,r_uci,104,1,-0.009638563445617105
2019-07-26,weekly_uci,r_uci,104,1,-0.009645914218319588
2019-08-02,weekly_uci,r_uci,104,1,-0.009655584112702195
2019-08-09,weekly_uci,r_uci,104,1,-0.009667750603290719
2019-08-16,weekly_uci,r_uci,104,1,-0.009720723320030449
2019-08-23,weekly_uci,r_uci,104,1,-0.009647972410190966
2019-08-30,weekly_uci,r_uci,104,1,-0.0095443721346898
2019-09-06,weekly_uci,r_uci,104,1,-0.009558016065230776
2019-09-13,weekly_uci,r_uci,104,1,-0.00956369245528244
2019-09-20,weekly_uci,r_uci,104,1,-0.009543717728731733
2019-09-27,weekly_uci,r_uci,104,1,-0.009558432688510062
2019-10-04,weekly_uci,r_uci,104,1,-0.009586898647764103
2019-10-11,weekly_uci,r_uci,104,1,-0.009628640019080108
2019-10-18,weekly_uci,r_uci,104,1,-0.009671114439918192
2019-10-25,weekly_uci,r_uci,104,1,-0.009725815420806003
2019-11-01,weekly_uci,r_uci,104,1,-0.00976711545813977
2019-11-08,weekly_uci,r_uci,104,1,-0.009745475166280337
2019-11-15,weekly_uci,r_uci,104,1,-0.009737092101326542
2019-11-22,weekly_uci,r_uci,104,1,-0.00973892700211141
2019-11-29,weekly_uci,r_uci,104,1,-0.009744972616889433
2019-12-06,weekly_uci,r_uci,104,1,-0.009840157248487278
2019-12-13,weekly_uci,r_uci,104,1,-0.009941386754756863
2019-12-20,weekly_uci,r_uci,104,1,-0.009921084421658472
2019-12-27,weekly_uci,r_uci,104,1,-0.00987514774916441
2020-01-03,weekly_uci,r_uci,104,1,-0.009593966225848911
2020-01-10,weekly_uci,r_uci,104,1,-0.00986125543790395
2020-01-17,weekly_uci,r_uci,104,1,-0.00986957142979775
2020-01-24,weekly_uci,r_uci,104,1,-0.009880200083208654
2020-01-31,weekly_uci,r_uci,104,1,-0.009758692640035326
2020-02-07,weekly_uci,r_uci,104,1,-0.00991359878659689
2020-02-14,weekly_uci,r_uci,104,1,-0.00982403710317918
2020-02-21,weekly_uci,r_uci,104,1,-0.009834604640803903
2020-02-28,weekly_uci,r_uci,104,1,-0.009871778856646658
2020-03-06,weekly_uci,r_uci,104,1,-0.009870801973400395
2020-03-13,weekly_uci,r_uci,104,1,-0.009901773320551265
2020-03-20,weekly_uci,r_uci,104,1,-0.009931332239390562
2020-03-27,weekly_uci,r_uci,104,1,-0.009946945307394924
2020-04-03,weekly_uci,r_uci,104,1,-0.009954379708121805
2020-04-10,weekly_uci,r_uci,104,1,-0.009901760060299733
2020-04-17,weekly_uci,r_uci,104,1,-0.009899633395492597
2020-04-24,weekly_uci,r_uci,104,1,-0.009956702159318745
2020-05-01,weekly_uci,r_uci,104,1,-0.009878845548245523
2020-05-08,weekly_uci,r_uci,104,1,-0.009832683260708304
2020-05-15,weekly_uci,r_uci,104,1,-0.00983517373799775
2020-05-22,weekly_uci,r_uci,104,1,-0.009837368300949561
2020-05-29,weekly_uci,r_uci,104,1,-0.009812634168199759
2020-06-05,weekly_uci,r_uci,104,1,-0.00983526573618047
2020-06-12,weekly_uci,r_uci,104,1,-0.00985910616226737
2020-06-19,weekly_uci,r_uci,104,1,-0.009917505095874316
2020-06-26,weekly_uci,r_uci,104,1,-0.009965583861937298
2020-07-03,weekly_uci,r_uci,104,1,-0.01005190761300316
2020-07-10,weekly_uci,r_uci,104,1,-0.010057693095711816
2020-07-17,weekly_uci,r_uci,104,1,-0.010037240234466841
2020-07-24,weekly_uci,r_uci,104,1,-0.009932336858374611
2020-07-31,weekly_uci,r_uci,104,1,-0.009867580983330449
2020-08-07,weekly_uci,r_uci,104,1,-0.0097594389740784
2020-08-14,weekly_uci,r_uci,104,1,-0.009721740598205773
2020-08-21,weekly_uci,r_uci,104,1,-0.009917272784728415
2020-08-28,weekly_uci,r_uci,104,1,-0.010033347059602864
2020-09-04,weekly_uci,r_uci,104,1,-0.010035902171619633
2020-09-11,weekly_uci,r_uci,104,1,-0.010037334356204995
2020-09-18,weekly_uci,r_uci,104,1,-0.010062530621799215
2020-09-25,weekly_uci,r_uci,104,1,-0.010039292094717586
2020-10-02,weekly_uci,r_uci,104,1,-0.01006002290839553
2020-10-09,weekly_uci,r_uci,104,1,-0.01004746385926521
2020-10-16,weekly_uci,r_uci,104,1,-0.010067191202832936
2020-10-23,weekly_uci,r_uci,104,1,-0.010045493459979068
2020-10-30,weekly_uci,r_uci,104,1,-0.010082849778604462
2020-11-06,weekly_uci,r_uci,104,1,-0.01011488087845099
2020-11-13,weekly_uci,r_uci,104,1,-0.009754635154821488
2020-11-20,weekly_uci,r_uci,104,1,-0.010268925370282915
2020-11-27,weekly_uci,r_uci,104,1,-0.010239152519288848
2020-12-04,weekly_uci,r_uci,104,1,-0.010246250154503807
2020-12-11,weekly_uci,r_uci,104,1,-0.010254902085063206
2020-12-18,weekly_uci,r_uci,104,1,-0.01022055939421101
2020-12-25,weekly_uci,r_uci,104,1,-0.010212897158021247
2021-01-01,weekly_uci,r_uci,104,1,-0.010223539743279596
2021-01-08,weekly_uci,r_uci,104,1,-0.011349635616787224
2021-01-15,weekly_uci,r_uci,104,1,0.0020210858709411167
2021-01-22,weekly_uci,r_uci,104,1,0.0018100955390378045
2021-01-29,weekly_uci,r_uci,104,1,0.0018159767385557326
2021-02-05,weekly_uci,r_uci,104,1,0.0030075851920355625
2021-02-12,weekly_uci,r_uci,104,1,0.005502886129868192
2021-02-19,weekly_uci,r_uci,104,1,0.023835936889004407
2021-02-26,weekly_uci,r_uci,104,1,0.06643226318092588
2021-03-05,weekly_uci,r_uci,104,1,0.04573928261201388
2021-03-12,weekly_uci,r_uci,104,1,0.06288400627578332
2021-03-19,weekly_uci,r_uci,104,1,0.06902524831035281
2021-03-26,weekly_uci,r_uci,104,1,0.07618325160524489
2021-04-02,weekly_uci,r_uci,104,1,0.08114481349695131
2021-04-09,weekly_uci,r_uci,104,1,0.10364920662247432
2021-04-16,weekly_uci,r_uci,104,1,0.13178896219144678
2021-04-23,weekly_uci,r_uci,104,1,0.24849539043823277
2021-04-30,weekly_uci,r_uci,104,1,0.46539565192801546
2021-05-07,weekly_uci,r_uci,104,1,0.465366178853641
2021-05-14,weekly_uci,r_uci,104,1,0.465075255434632
2021-05-21,weekly_uci,r_uci,104,1,0.4677569207959392
2021-05-28,weekly_uci,r_uci,104,1,0.47220465006942686
2021-06-04,weekly_uci,r_uci,104,1,0.4716777781571659
2021-06-11,weekly_uci,r_uci,104,1,0.4718348003163675
2021-06-18,weekly_uci,r_uci,104,1,0.4719980705464544
2021-06-25,weekly_uci,r_uci,104,1,0.47241576247921024
2021-07-02,weekly_uci,r_uci,104,1,0.44079100852427117
2021-07-09,weekly_uci,r_uci,104,1,0.42535754333570447
2021-07-16,weekly_uci,r_uci,104,1,0.4223088918839436
2021-07-23,weekly_uci,r_uci,104,1,0.41329683989764404
2021-07-30,weekly_uci,r_uci,104,1,0.4098973393553493
2021-08-06,weekly_uci,r_uci,104,1,0.40763049832729475
2021-08-13,weekly_uci,r_uci,104,1,0.4090033511139549
2021-08-20,weekly_uci,r_uci,104,1,0.4090297383634802
2021-08-27,weekly_uci,r_uci,104,1,0.408006337148976
2021-09-03,weekly_uci,r_uci,104,1,0.4121738052535474
2021-09-10,weekly_uci,r_uci,104,1,0.41288996285488494
2021-09-17,weekly_uci,r_uci,104,1,0.41367850923121124
2021-09-24,weekly_uci,r_uci,104,1,0.41023425653030354
2021-10-01,weekly_uci,r_uci,104,1,0.41161205629101416
2021-10-08,weekly_uci,r_uci,104,1,0.41451607316441325
2021-10-15,weekly_uci,r_uci,104,1,0.41156168080082633
2021-10-22,weekly_uci,r_uci,104,1,0.4108506098095209
2021-10-29,weekly_uci,r_uci,104,1,0.41123642054548176
2021-11-05,weekly_uci,r_uci,104,1,0.41086723402436254
2021-11-12,weekly_uci,r_uci,104,1,0.40859995383222236
2021-11-19,weekly_uci,r_uci,104,1,0.39544661366667117
2021-11-26,weekly_uci,r_uci,104,1,0.3975781605752836
2021-12-03,weekly_uci,r_uci,104,1,0.4457676905011998
2021-12-10,weekly_uci,r_uci,104,1,0.4205817436972455
2021-12-17,weekly_uci,r_uci,104,1,0.4210004752025639
2021-12-24,weekly_uci,r_uci,104,1,0.42053590983513106
2021-12-31,weekly_uci,r_uci,104,1,0.42320736198521985
2022-01-07,weekly_uci,r_uci,104,1,0.42191893409254744
2022-01-14,weekly_uci,r_uci,104,1,0.4223590896942857
2022-01-21,weekly_uci,r_uci,104,1,0.42206225248349105
2022-01-28,weekly_uci,r_uci,104,1,0.42320668525355865
2022-02-04,weekly_uci,r_uci,104,1,0.4225649038671341
2022-02-11,weekly_uci,r_uci,104,1,0.42137370347600794
2022-02-18,weekly_uci,r_uci,104,1,0.4176841006327237
2022-02-25,weekly_uci,r_uci,104,1,0.41745664875795774
2022-03-04,weekly_uci,r_uci,104,1,0.41729386090683507
2022-03-11,weekly_uci,r_uci,104,1,0.4159431156085316
2022-03-18,weekly_uci,r_uci,104,1,0.41682288231920195
2022-03-25,weekly_uci,r_uci,104,1,0.41733652495738377
2022-04-01,weekly_uci,r_uci,104,1,0.4159739032719647
2022-04-08,weekly_uci,r_uci,104,1,0.4145648864617234
2022-04-15,weekly_uci,r_uci,104,1,0.40566874458950614
2022-04-22,weekly_uci,r_uci,104,1,0.1926041451056295
2022-04-29,weekly_uci,r_uci,104,1,0.13486743882286853
2022-05-06,weekly_uci,r_uci,104,1,0.13458043203326644
2022-05-13,weekly_uci,r_uci,104,1,0.13222222899810213
2022-05-20,weekly_uci,r_uci,104,1,0.1246207660704473
2022-05-27,weekly_uci,r_uci,104,1,0.13091628963628144
2022-06-03,weekly_uci,r_uci,104,1,0.11791557083338194
2022-06-10,weekly_uci,r_uci,104,1,0.11741506256635766
2022-06-17,weekly_uci,r_uci,104,1,0.11731727049494449
2022-06-24,weekly_uci,r_uci,104,1,0.1169412401939606
2022-07-01,weekly_uci,r_uci,104,1,0.11464525799157857
2022-07-08,weekly_uci,r_uci,104,1,0.11547527463222297
2022-07-15,weekly_uci,r_uci,104,1,0.10963559967918263
2022-07-22,weekly_uci,r_uci,104,1,0.06800147142132879
2022-07-29,weekly_uci,r_uci,104,1,0.06237187752090626
2022-08-05,weekly_uci,r_uci,104,1,0.061886937866617114
2022-08-12,weekly_uci,r_uci,104,1,0.06148070722247989
2022-08-19,weekly_uci,r_uci,104,1,0.058581768745854634
2022-08-26,weekly_uci,r_uci,104,1,0.04411126482493333
2022-09-02,weekly_uci,r_uci,104,1,0.1036049689858848
2022-09-09,weekly_uci,r_uci,104,1,0.15358577216491015
2022-09-16,weekly_uci,r_uci,104,1,0.16607294496947067
2022-09-23,weekly_uci,r_uci,104,1,0.17536000132402113
2022-09-30,weekly_uci,r_uci,104,1,0.14592990214801949
2022-10-07,weekly_uci,r_uci,104,1,0.11657449140465032
2022-10-14,weekly_uci,r_uci,104,1,0.10195941136097987
2022-10-21,weekly_uci,r_uci,104,1,0.09554715133576142
2022-10-28,weekly_uci,r_uci,104,1,0.09894952634390745
2022-11-04,weekly_uci,r_uci,104,1,0.09530330299346525
2022-11-11,weekly_uci,r_uci,104,1,0.08946431831948361
2022-11-18,weekly_uci,r_uci,104,1,0.07998524559110577
2022-11-25,weekly_uci,r_uci,104,1,0.07587054143191319
2022-12-02,weekly_uci,r_uci,104,1,0.07255753903323801
2022-12-09,weekly_uci,r_uci,104,1,0.07281672768886815
2022-12-16,weekly_uci,r_uci,104,1,0.07297994033767077
2022-12-23,weekly_uci,r_uci,104,1,0.07489276123831498
2022-12-30,weekly_uci,r_uci,104,1,0.07603194080163886
2023-01-06,weekly_uci,r_uci,104,1,0.07716444417648868
2023-01-13,weekly_uci,r_uci,104,1,0.07515786219128155
2023-01-20,weekly_uci,r_uci,104,1,0.07715613822199255
2023-01-27,weekly_uci,r_uci,104,1,0.07005427769208351
2023-02-03,weekly_uci,r_uci,104,1,0.06881398473990691
2023-02-10,weekly_uci,r_uci,104,1,0.03262225369773465
2023-02-17,weekly_uci,r_uci,104,1,-0.06457967012070331
2023-02-24,weekly_uci,r_uci,104,1,-0.013743102981454921
2023-03-03,weekly_uci,r_uci,104,1,-0.01133225505018248
2023-03-10,weekly_uci,r_uci,104,1,-0.023100472088309388
2023-03-17,weekly_uci,r_uci,104,1,-0.03491968479609371
2023-03-24,weekly_uci,r_uci,104,1,-0.043505062797123566
2023-03-31,weekly_uci,r_uci,104,1,-0.04641883417235559
2023-04-07,weekly_uci,r_uci,104,1,-0.04734538600088941
2023-04-14,weekly_uci,r_uci,104,1,-0.04618534958567901
2023-04-21,weekly_uci,r_uci,104,1,-0.04411307848975666
2023-04-28,weekly_uci,r_uci,104,1,-0.03627043774031059
2023-05-05,weekly_uci,r_uci,104,1,-0.036070514806024134
2023-05-12,weekly_uci,r_uci,104,1,-0.0357080490172447
2023-05-19,weekly_uci,r_uci,104,1,-0.036011306848609995
2023-05-26,weekly_uci,r_uci,104,1,-0.0357314012741668
2023-06-02,weekly_uci,r_uci,104,1,-0.03532200268654103
2023-06-09,weekly_uci,r_uci,104,1,-0.035495018794101274
2023-06-16,weekly_uci,r_uci,104,1,-0.03606565095875422
2023-06-23,weekly_uci,r_uci,104,1,-0.032195013353354056
2023-06-30,weekly_uci,r_uci,104,1,-0.03384497820650122
2023-07-07,weekly_uci,r_uci,104,1,-0.03328855191315207
2023-07-14,weekly_uci,r_uci,104,1,-0.031112935892963912
2023-07-21,weekly_uci,r_uci,104,1,-0.029136294219326037
2023-07-28,weekly_uci,r_uci,104,1,-0.03304518927650348
2023-08-04,weekly_uci,r_uci,104,1,-0.03572977294804325
2023-08-11,weekly_uci,r_uci,104,1,-0.03511367177133906
2023-08-18,weekly_uci,r_uci,104,1,-0.03537348696525072
2023-08-25,weekly_uci,r_uci,104,1,-0.03900566760648314
2023-09-01,weekly_uci,r_uci,104,1,-0.042036411990805
2023-09-08,weekly_uci,r_uci,104,1,-0.041824258115840396
2023-09-15,weekly_uci,r_uci,104,1,-0.04087246443299014
2023-09-22,weekly_uci,r_uci,104,1,-0.04236232223108003
2023-09-29,weekly_uci,r_uci,104,1,-0.045057709501043805
2023-10-06,weekly_uci,r_uci,104,1,-0.0441049986986029
2023-10-13,weekly_uci,r_uci,104,1,-0.04361066767324373
2023-10-20,weekly_uci,r_uci,104,1,-0.04325901030433135
2023-10-27,weekly_uci,r_uci,104,1,-0.04524691216000027
2023-11-03,weekly_uci,r_uci,104,1,-0.04839829360895389
2023-11-10,weekly_uci,r_uci,104,1,-0.050851272496348285
2023-11-17,weekly_uci,r_uci,104,1,-0.05861011404108248
2023-11-24,weekly_uci,r_uci,104,1,-0.09942698842136156
2023-12-01,weekly_uci,r_uci,104,1,-0.10278633026842356
2023-12-08,weekly_uci,r_uci,104,1,-0.10167081908219083
2023-12-15,weekly_uci,r_uci,104,1,-0.10153545745178931
2023-12-22,weekly_uci,r_uci,104,1,-0.10141315549514729
2023-12-29,weekly_uci,r_uci,104,1,-0.10061185671481528
2024-01-05,weekly_uci,r_uci,104,1,-0.10139229777298087
2024-01-12,weekly_uci,r_uci,104,1,-0.10157717290333593
2024-01-19,weekly_uci,r_uci,104,1,-0.10190880438521155
2024-01-26,weekly_uci,r_uci,104,1,-0.10352239220060314
2024-02-02,weekly_uci,r_uci,104,1,-0.10481024122401049
2024-02-09,weekly_uci,r_uci,104,1,-0.10406603543107062
2024-02-16,weekly_uci,r_uci,104,1,-0.10496022732170078
2024-02-23,weekly_uci,r_uci,104,1,-0.10479601428131792
2024-03-01,weekly_uci,r_uci,104,1,-0.10463802694780759
2024-03-08,weekly_uci,r_uci,104,1,-0.10561035931806535
2024-03-15,weekly_uci,r_uci,104,1,-0.10564366458560018
2024-03-22,weekly_uci,r_uci,104,1,-0.1057071479157277
2024-03-29,weekly_uci,r_uci,104,1,-0.10600996668223066
2024-04-05,weekly_uci,r_uci,104,1,-0.10811487740123166
2024-04-12,weekly_uci,r_uci,104,1,-0.0278842075918107
2024-04-19,weekly_uci,r_uci,104,1,-0.011064559905496579
2024-04-26,weekly_uci,r_uci,104,1,-0.010936733680969072
2024-05-03,weekly_uci,r_uci,104,1,-0.009922358814366844
2024-05-10,weekly_uci,r_uci,104,1,-0.0013622779122108202
2024-05-17,weekly_uci,r_uci,104,1,-0.011826091164372554
2024-05-24,weekly_uci,r_uci,104,1,0.0034687761943007185
2024-05-31,weekly_uci,r_uci,104,1,0.004252085413343551
2024-06-07,weekly_uci,r_uci,104,1,-4.896805047762138e-05
2024-06-14,weekly_uci,r_uci,104,1,0.002295726159088902
2024-06-21,weekly_uci,r_uci,104,1,0.00478840684084775
2024-06-28,weekly_uci,r_uci,104,1,0.003542208319200277
2024-07-05,weekly_uci,r_uci,104,1,0.009005593729029215
2024-07-12,weekly_uci,r_uci,104,1,0.07252328927046904
2024-07-19,weekly_uci,r_uci,104,1,0.0812854648646472
2024-07-26,weekly_uci,r_uci,104,1,0.08195041177017703
2024-08-02,weekly_uci,r_uci,104,1,0.08405792091587153
2024-08-09,weekly_uci,r_uci,104,1,0.08842436007474325
2024-08-16,weekly_uci,r_uci,104,1,0.11858434301096601
2024-08-23,weekly_uci,r_uci,104,1,-0.009527851671874768
2024-08-30,weekly_uci,r_uci,104,1,-0.19201210091518772
2024-09-06,weekly_uci,r_uci,104,1,-0.26469757718676795
2024-09-13,weekly_uci,r_uci,104,1,-0.32719020513368635
2024-09-20,weekly_uci,r_uci,104,1,-0.2594590234306
2024-09-27,weekly_uci,r_uci,104,1,-0.17118157669992334
2024-10-04,weekly_uci,r_uci,104,1,-0.12151017488468144
2024-10-11,weekly_uci,r_uci,104,1,-0.09283993925120591
2024-10-18,weekly_uci,r_uci,104,1,-0.12433759874328028
2024-10-25,weekly_uci,r_uci,104,1,-0.11155117598033347
2024-11-01,weekly_uci,r_uci,104,1,-0.0882814988563642
2024-11-08,weekly_uci,r_uci,104,1,-0.04241038930634506
2024-11-15,weekly_uci,r_uci,104,1,-0.017680258992950247
2024-11-22,weekly_uci,r_uci,104,1,0.003073388863491743
2024-11-29,weekly_uci,r_uci,104,1,0.00262165519717676
2024-12-06,weekly_uci,r_uci,104,1,0.0011536018785828616
2024-12-13,weekly_uci,r_uci,104,1,-0.005635113211236558
2024-12-20,weekly_uci,r_uci,104,1,-0.009655803561788686
2024-12-27,weekly_uci,r_uci,104,1,-0.011425574154921226
2025-01-03,weekly_uci,r_uci,104,1,-0.0015544602615423174
2025-01-10,weekly_uci,r_uci,104,1,-0.03494705933740584
2025-01-17,weekly_uci,r_uci,104,1,-0.009360600956173916
2025-01-24,weekly_uci,r_uci,104,1,-0.02997466368503448
2025-01-31,weekly_uci,r_uci,104,1,-0.018956889650790853
2025-02-07,weekly_uci,r_uci,104,1,-0.021045352173144957
2025-02-14,weekly_uci,r_uci,104,1,-0.02706953679763108
2025-02-21,weekly_uci,r_uci,104,1,-0.1593681868227174
2025-02-28,weekly_uci,r_uci,104,1,-0.1355037859159901
2025-03-07,weekly_uci,r_uci,104,1,-0.13603900146862036
2025-03-14,weekly_uci,r_uci,104,1,-0.1358751694131462
2025-03-21,weekly_uci,r_uci,104,1,-0.1335637621081159
2025-03-28,weekly_uci,r_uci,104,1,-0.1416337009589195
2025-04-04,weekly_uci,r_uci,104,1,-0.14182420917381075
2025-04-11,weekly_uci,r_uci,104,1,-0.16472913565146832
2025-04-18,weekly_uci,r_uci,104,1,-0.24273614210390274
2025-04-25,weekly_uci,r_uci,104,1,-0.2477580310531405
2025-05-02,weekly_uci,r_uci,104,1,-0.26011677486842494
2025-05-09,weekly_uci,r_uci,104,1,-0.2909383398278015
2025-05-16,weekly_uci,r_uci,104,1,-0.29920120866547584
2025-05-23,weekly_uci,r_uci,104,1,-0.3055030465460618
2025-05-30,weekly_uci,r_uci,104,1,-0.30633575798794005
2025-06-06,weekly_uci,r_uci,104,1,-0.30160199667753224
2025-06-13,weekly_uci,r_uci,104,1,-0.30825022936911567
2025-06-20,weekly_uci,r_uci,104,1,-0.31986758735265425
2025-06-27,weekly_uci,r_uci,104,1,-0.32877766710337325
2025-07-04,weekly_uci,r_uci,104,1,-0.3279155128654155
2025-07-11,weekly_uci,r_uci,104,1,-0.38437806335156194
2025-07-18,weekly_uci,r_uci,104,1,-0.3677200005439352
2025-07-25,weekly_uci,r_uci,104,1,-0.3504495020614252
2025-08-01,weekly_uci,r_uci,104,1,-0.37497357347112426
2025-08-08,weekly_uci,r_uci,104,1,-0.36844966997374756
2025-08-15,weekly_uci,r_uci,104,1,-0.3479898778093807
2025-08-22,weekly_uci,r_uci,104,1,-0.31780275422222365
2025-08-29,weekly_uci,r_uci,104,1,-0.317871859232372
2025-09-05,weekly_uci,r_uci,104,1,-0.29480176810520864
2025-09-12,weekly_uci,r_uci,104,1,-0.29237768127592345
2025-09-19,weekly_uci,r_uci,104,1,-0.2873019339014136
2025-09-26,weekly_uci,r_uci,104,1,-0.2929053077316215
2025-10-03,weekly_uci,r_uci,104,1,-0.29635492330759844
2025-10-10,weekly_uci,r_uci,104,1,-0.3126933337897163
2025-10-17,weekly_uci,r_uci,104,1,-0.2811939460143622
2025-10-24,weekly_uci,r_uci,104,1,-0.24530501610209401
2025-10-31,weekly_uci,r_uci,104,1,-0.1388159139000906
2025-11-07,weekly_uci,r_uci,104,1,-0.15524685878978356
2025-11-14,weekly_uci,r_uci,104,1,-0.1590511327423989
2025-11-21,weekly_uci,r_uci,104,1,-0.1494681506092571
2025-11-28,weekly_uci,r_uci,104,1,-0.14337185552224366
2025-12-05,weekly_uci,r_uci,104,1,-0.17185246247749272
2025-12-12,weekly_uci,r_uci,104,1,-0.19167946755115955
2025-12-19,weekly_uci,r_uci,104,1,-0.2030379777221188
2025-12-26,weekly_uci,r_uci,104,1,-0.20468424193543192
2026-01-02,weekly_uci,r_uci,104,1,-0.18995969567776835
2026-01-09,weekly_uci,r_uci,104,1,-0.18191673637246583
2026-01-16,weekly_uci,r_uci,104,1,-0.17548840784423167
2026-01-23,weekly_uci,r_uci,104,1,-0.15595699295734777
2026-01-30,weekly_uci,r_uci,104,1,-0.15320728095744596
2026-02-06,weekly_uci,r_uci,104,1,-0.1532390274845234
2026-02-13,weekly_uci,r_uci,104,1,-0.1714234611653869
2026-02-20,weekly_uci,r_uci,104,1,-0.14827161436368694
2026-02-27,weekly_uci,r_uci,104,1,-0.10870036112257186
2026-03-06,weekly_uci,r_uci,104,1,-0.06399591407230394
2026-03-13,weekly_uci,r_uci,104,1,-0.014047013222039096
2026-03-20,weekly_uci,r_uci,104,1,-0.031091667078196075
2026-03-27,weekly_uci,r_uci,104,1,-0.015032252904624302
2026-04-03,weekly_uci,r_uci,104,1,-0.05615219982122961
2026-04-10,weekly_uci,r_uci,104,1,-0.03660792968971955
2026-04-17,weekly_uci,r_uci,104,1,-0.028371009392266177
2026-04-24,weekly_uci,r_uci,104,1,-0.03306912079833176
2026-05-01,weekly_uci,r_uci,104,1,-0.01883461091646655
2018-09-28,weekly_fx,r_fx,104,1,-0.006618690114687165
2018-10-05,weekly_fx,r_fx,104,1,-0.006795744833458962
2018-10-12,weekly_fx,r_fx,104,1,-0.007007198509382751
2018-10-19,weekly_fx,r_fx,104,1,-0.007015832232114479
2018-10-26,weekly_fx,r_fx,104,1,-0.00697075505026354
2018-11-02,weekly_fx,r_fx,104,1,-0.00685231160850004
2018-11-09,weekly_fx,r_fx,104,1,-0.006722707943899963
2018-11-16,weekly_fx,r_fx,104,1,-0.006618356728272801
2018-11-23,weekly_fx,r_fx,104,1,-0.006502127285196449
2018-11-30,weekly_fx,r_fx,104,1,-0.006389096116171897
2018-12-07,weekly_fx,r_fx,104,1,-0.006295225712225064
2018-12-14,weekly_fx,r_fx,104,1,-0.006150051387473999
2018-12-21,weekly_fx,r_fx,104,1,-0.005998839367793199
2018-12-28,weekly_fx,r_fx,104,1,-0.005897717417816446
2019-01-04,weekly_fx,r_fx,104,1,-0.005780304528210967
2019-01-11,weekly_fx,r_fx,104,1,-0.0056275310036818
2019-01-18,weekly_fx,r_fx,104,1,-0.0055339460394574986
2019-01-25,weekly_fx,r_fx,104,1,-0.005503488615453086
2019-02-01,weekly_fx,r_fx,104,1,-0.005497600152283199
2019-02-08,weekly_fx,r_fx,104,1,-0.005484450824994929
2019-02-15,weekly_fx,r_fx,104,1,-0.0053921927779344994
2019-02-22,weekly_fx,r_fx,104,1,-0.005219995827136952
2019-03-01,weekly_fx,r_fx,104,1,-0.005095925324080636
2019-03-08,weekly_fx,r_fx,104,1,-0.004957189172812307
2019-03-15,weekly_fx,r_fx,104,1,-0.0046256964370118185
2019-03-22,weekly_fx,r_fx,104,1,-0.004469717133845993
2019-03-29,weekly_fx,r_fx,104,1,-0.004391941779271257
2019-04-05,weekly_fx,r_fx,104,1,-0.0043698859745815
2019-04-12,weekly_fx,r_fx,104,1,-0.004376787695127483
2019-04-19,weekly_fx,r_fx,104,1,-0.0043470891719148055
2019-04-26,weekly_fx,r_fx,104,1,-0.004156023134920583
2019-05-03,weekly_fx,r_fx,104,1,-0.003975818916019259
2019-05-10,weekly_fx,r_fx,104,1,-0.003835926064915324
2019-05-17,weekly_fx,r_fx,104,1,-0.0037097161131787477
2019-05-24,weekly_fx,r_fx,104,1,-0.00358421658296991
2019-05-31,weekly_fx,r_fx,104,1,-0.0034940166919593895
2019-06-07,weekly_fx,r_fx,104,1,-0.003438621136164215
2019-06-14,weekly_fx,r_fx,104,1,-0.0033589672465989323
2019-06-21,weekly_fx,r_fx,104,1,-0.0032599809278632073
2019-06-28,weekly_fx,r_fx,104,1,-0.0031981372159238315
2019-07-05,weekly_fx,r_fx,104,1,-0.0031305314191453814
2019-07-12,weekly_fx,r_fx,104,1,-0.003025020868673422
2019-07-19,weekly_fx,r_fx,104,1,-0.0029095138648644486
2019-07-26,weekly_fx,r_fx,104,1,-0.0028639136705718615
2019-08-02,weekly_fx,r_fx,104,1,-0.002846887634197401
2019-08-09,weekly_fx,r_fx,104,1,-0.002828625080563131
2019-08-16,weekly_fx,r_fx,104,1,-0.0030606868819435416
2019-08-23,weekly_fx,r_fx,104,1,-0.0009840739969757966
2019-08-30,weekly_fx,r_fx,104,1,-0.0015644504231950786
2019-09-06,weekly_fx,r_fx,104,1,-0.0014224283800472158
2019-09-13,weekly_fx,r_fx,104,1,-0.001318415242054824
2019-09-20,weekly_fx,r_fx,104,1,-0.0012243369139354155
2019-09-27,weekly_fx,r_fx,104,1,0.006134778760190169
2019-10-04,weekly_fx,r_fx,104,1,0.4904354616148326
2019-10-11,weekly_fx,r_fx,104,1,0.4881045826108371
2019-10-18,weekly_fx,r_fx,104,1,0.48562376672666824
2019-10-25,weekly_fx,r_fx,104,1,0.48389521163370347
2019-11-01,weekly_fx,r_fx,104,1,0.4827251134107814
2019-11-08,weekly_fx,r_fx,104,1,0.482599488798535
2019-11-15,weekly_fx,r_fx,104,1,0.48217256645550266
2019-11-22,weekly_fx,r_fx,104,1,0.4819699139834815
2019-11-29,weekly_fx,r_fx,104,1,0.4820818563994867
2019-12-06,weekly_fx,r_fx,104,1,0.48127237080753044
2019-12-13,weekly_fx,r_fx,104,1,0.4814852174810152
2019-12-20,weekly_fx,r_fx,104,1,0.48045806201785496
2019-12-27,weekly_fx,r_fx,104,1,0.4813903546700851
2020-01-03,weekly_fx,r_fx,104,1,0.48207451991898814
2020-01-10,weekly_fx,r_fx,104,1,0.4857696032720314
2020-01-17,weekly_fx,r_fx,104,1,0.48620010024290555
2020-01-24,weekly_fx,r_fx,104,1,0.4837645196346616
2020-01-31,weekly_fx,r_fx,104,1,0.48359089966385
2020-02-07,weekly_fx,r_fx,104,1,0.4825384273294077
2020-02-14,weekly_fx,r_fx,104,1,0.48319269219200334
2020-02-21,weekly_fx,r_fx,104,1,0.4838442475849191
2020-02-28,weekly_fx,r_fx,104,1,0.4840594316093879
2020-03-06,weekly_fx,r_fx,104,1,0.4838268491217614
2020-03-13,weekly_fx,r_fx,104,1,0.483969383182353
2020-03-20,weekly_fx,r_fx,104,1,0.4817133892442137
2020-03-27,weekly_fx,r_fx,104,1,0.481247226318767
2020-04-03,weekly_fx,r_fx,104,1,0.48169305079200986
2020-04-10,weekly_fx,r_fx,104,1,0.4786236488002417
2020-04-17,weekly_fx,r_fx,104,1,0.38459151843076916
2020-04-24,weekly_fx,r_fx,104,1,0.28705802532114016
2020-05-01,weekly_fx,r_fx,104,1,0.28630760937312455
2020-05-08,weekly_fx,r_fx,104,1,0.2848920121420937
2020-05-15,weekly_fx,r_fx,104,1,0.28110871526441294
2020-05-22,weekly_fx,r_fx,104,1,0.2788210429373352
2020-05-29,weekly_fx,r_fx,104,1,0.27592020408597157
2020-06-05,weekly_fx,r_fx,104,1,0.2705385371146436
2020-06-12,weekly_fx,r_fx,104,1,0.26639308976209375
2020-06-19,weekly_fx,r_fx,104,1,0.2643348549448846
2020-06-26,weekly_fx,r_fx,104,1,0.2616740092993134
2020-07-03,weekly_fx,r_fx,104,1,0.2570766148777092
2020-07-10,weekly_fx,r_fx,104,1,0.2526801978727444
2020-07-17,weekly_fx,r_fx,104,1,0.25147621681742377
2020-07-24,weekly_fx,r_fx,104,1,0.2510066408703688
2020-07-31,weekly_fx,r_fx,104,1,0.25031037080872254
2020-08-07,weekly_fx,r_fx,104,1,0.2504614822966376
2020-08-14,weekly_fx,r_fx,104,1,0.25035783674872075
2020-08-21,weekly_fx,r_fx,104,1,0.25049327243876096
2020-08-28,weekly_fx,r_fx,104,1,0.250690342706427
2020-09-04,weekly_fx,r_fx,104,1,0.25091186768971696
2020-09-11,weekly_fx,r_fx,104,1,0.26043148622783335
2020-09-18,weekly_fx,r_fx,104,1,0.2602532307215717
2020-09-25,weekly_fx,r_fx,104,1,0.2580672346819411
2020-10-02,weekly_fx,r_fx,104,1,0.264294057488433
2020-10-09,weekly_fx,r_fx,104,1,0.2648800506378893
2020-10-16,weekly_fx,r_fx,104,1,0.26489596960723333
2020-10-23,weekly_fx,r_fx,104,1,0.2648098563824995
2020-10-30,weekly_fx,r_fx,104,1,0.265339255166331
2020-11-06,weekly_fx,r_fx,104,1,0.2659937647887274
2020-11-13,weekly_fx,r_fx,104,1,0.26634660377865677
2020-11-20,weekly_fx,r_fx,104,1,0.2666505315320662
2020-11-27,weekly_fx,r_fx,104,1,0.2666328404616879
2020-12-04,weekly_fx,r_fx,104,1,0.26660261631149423
2020-12-11,weekly_fx,r_fx,104,1,0.26656194182187026
2020-12-18,weekly_fx,r_fx,104,1,0.2665395641613371
2020-12-25,weekly_fx,r_fx,104,1,0.2664872351589547
2021-01-01,weekly_fx,r_fx,104,1,0.26605336219016434
2021-01-08,weekly_fx,r_fx,104,1,0.26721355263115754
2021-01-15,weekly_fx,r_fx,104,1,0.26656524342199733
2021-01-22,weekly_fx,r_fx,104,1,0.2667312973928965
2021-01-29,weekly_fx,r_fx,104,1,0.2666793057614075
2021-02-05,weekly_fx,r_fx,104,1,0.26678706553307047
2021-02-12,weekly_fx,r_fx,104,1,0.2656513757613983
2021-02-19,weekly_fx,r_fx,104,1,0.2669453226658288
2021-02-26,weekly_fx,r_fx,104,1,0.26631493009084206
2021-03-05,weekly_fx,r_fx,104,1,0.2627289068524244
2021-03-12,weekly_fx,r_fx,104,1,0.2586620852176039
2021-03-19,weekly_fx,r_fx,104,1,0.25790064776790855
2021-03-26,weekly_fx,r_fx,104,1,0.2592842486917375
2021-04-02,weekly_fx,r_fx,104,1,0.2611868612547369
2021-04-09,weekly_fx,r_fx,104,1,0.2627157962540418
2021-04-16,weekly_fx,r_fx,104,1,0.26148511592517254
2021-04-23,weekly_fx,r_fx,104,1,0.26084466890638613
2021-04-30,weekly_fx,r_fx,104,1,0.2595620255971655
2021-05-07,weekly_fx,r_fx,104,1,0.2614911585906678
2021-05-14,weekly_fx,r_fx,104,1,0.2591968969005876
2021-05-21,weekly_fx,r_fx,104,1,0.26055649216108934
2021-05-28,weekly_fx,r_fx,104,1,0.258428994963236
2021-06-04,weekly_fx,r_fx,104,1,0.2610847906938368
2021-06-11,weekly_fx,r_fx,104,1,0.2568933084865769
2021-06-18,weekly_fx,r_fx,104,1,0.2554103132555059
2021-06-25,weekly_fx,r_fx,104,1,0.25679414481082513
2021-07-02,weekly_fx,r_fx,104,1,0.25634552599576105
2021-07-09,weekly_fx,r_fx,104,1,0.2560136078278946
2021-07-16,weekly_fx,r_fx,104,1,0.25664999622924506
2021-07-23,weekly_fx,r_fx,104,1,0.2548630783078417
2021-07-30,weekly_fx,r_fx,104,1,0.2522632400668569
2021-08-06,weekly_fx,r_fx,104,1,0.273049857123063
2021-08-13,weekly_fx,r_fx,104,1,0.017644309437183592
2021-08-20,weekly_fx,r_fx,104,1,0.038938938554655605
2021-08-27,weekly_fx,r_fx,104,1,0.03937647695518795
2021-09-03,weekly_fx,r_fx,104,1,0.03938076771613384
2021-09-10,weekly_fx,r_fx,104,1,0.03938473747022818
2021-09-17,weekly_fx,r_fx,104,1,0.039359509460872764
2021-09-24,weekly_fx,r_fx,104,1,0.039270471064046034
2021-10-01,weekly_fx,r_fx,104,1,0.039621051399908146
2021-10-08,weekly_fx,r_fx,104,1,0.03987101556380381
2021-10-15,weekly_fx,r_fx,104,1,0.03905355736011142
2021-10-22,weekly_fx,r_fx,104,1,0.037522359288095546
2021-10-29,weekly_fx,r_fx,104,1,0.03937977161196879
2021-11-05,weekly_fx,r_fx,104,1,0.040546958594551215
2021-11-12,weekly_fx,r_fx,104,1,0.038915136922914664
2021-11-19,weekly_fx,r_fx,104,1,0.04119949810313273
2021-11-26,weekly_fx,r_fx,104,1,0.04000654426792073
2021-12-03,weekly_fx,r_fx,104,1,0.04036580925617715
2021-12-10,weekly_fx,r_fx,104,1,0.04118154139761476
2021-12-17,weekly_fx,r_fx,104,1,0.039892531577857895
2021-12-24,weekly_fx,r_fx,104,1,0.031499083610059556
2021-12-31,weekly_fx,r_fx,104,1,0.028577735102348092
2022-01-07,weekly_fx,r_fx,104,1,0.027765913173168105
2022-01-14,weekly_fx,r_fx,104,1,0.025354199696844854
2022-01-21,weekly_fx,r_fx,104,1,0.022917591485046976
2022-01-28,weekly_fx,r_fx,104,1,0.026827717287796708
2022-02-04,weekly_fx,r_fx,104,1,0.023186011917671605
2022-02-11,weekly_fx,r_fx,104,1,0.022248516136709875
2022-02-18,weekly_fx,r_fx,104,1,0.021142405306693122
2022-02-25,weekly_fx,r_fx,104,1,0.020414023300077227
2022-03-04,weekly_fx,r_fx,104,1,0.016544381922199387
2022-03-11,weekly_fx,r_fx,104,1,0.02089694937497527
2022-03-18,weekly_fx,r_fx,104,1,0.0610082383118698
2022-03-25,weekly_fx,r_fx,104,1,-0.03686039704621296
2022-04-01,weekly_fx,r_fx,104,1,-0.022068400711294588
2022-04-08,weekly_fx,r_fx,104,1,-0.04300537384224651
2022-04-15,weekly_fx,r_fx,104,1,-0.05971024792861717
2022-04-22,weekly_fx,r_fx,104,1,-0.05560079886550635
2022-04-29,weekly_fx,r_fx,104,1,-0.046425251457721334
2022-05-06,weekly_fx,r_fx,104,1,-0.028975870040761343
2022-05-13,weekly_fx,r_fx,104,1,-0.03178625017379031
2022-05-20,weekly_fx,r_fx,104,1,-0.035805261150379415
2022-05-27,weekly_fx,r_fx,104,1,-0.025651858485879395
2022-06-03,weekly_fx,r_fx,104,1,-0.01886139446919436
2022-06-10,weekly_fx,r_fx,104,1,-0.02112511390587865
2022-06-17,weekly_fx,r_fx,104,1,-0.02302940870267765
2022-06-24,weekly_fx,r_fx,104,1,-0.0037671983147837414
2022-07-01,weekly_fx,r_fx,104,1,-0.012444710651735491
2022-07-08,weekly_fx,r_fx,104,1,-0.010089621907698
2022-07-15,weekly_fx,r_fx,104,1,-0.007664694597770596
2022-07-22,weekly_fx,r_fx,104,1,-0.011041179599216817
2022-07-29,weekly_fx,r_fx,104,1,-0.011251399177867143
2022-08-05,weekly_fx,r_fx,104,1,-0.01108649481747591
2022-08-12,weekly_fx,r_fx,104,1,-0.011441294032911503
2022-08-19,weekly_fx,r_fx,104,1,-0.011696774371950085
2022-08-26,weekly_fx,r_fx,104,1,-0.012038005181877164
2022-09-02,weekly_fx,r_fx,104,1,-0.01243698814397059
2022-09-09,weekly_fx,r_fx,104,1,-0.011700982458661543
2022-09-16,weekly_fx,r_fx,104,1,-0.014951041811486572
2022-09-23,weekly_fx,r_fx,104,1,-0.018524653448647795
2022-09-30,weekly_fx,r_fx,104,1,-0.018792215751796036
2022-10-07,weekly_fx,r_fx,104,1,-0.019526231877967065
2022-10-14,weekly_fx,r_fx,104,1,-0.01637000563681335
2022-10-21,weekly_fx,r_fx,104,1,-0.014814447466022158
2022-10-28,weekly_fx,r_fx,104,1,-0.013757760156006299
2022-11-04,weekly_fx,r_fx,104,1,-0.016870642996969897
2022-11-11,weekly_fx,r_fx,104,1,-0.024935639775149423
2022-11-18,weekly_fx,r_fx,104,1,-0.024310876850930554
2022-11-25,weekly_fx,r_fx,104,1,-0.02435384854575343
2022-12-02,weekly_fx,r_fx,104,1,-0.024710678134710562
2022-12-09,weekly_fx,r_fx,104,1,-0.025391757548805256
2022-12-16,weekly_fx,r_fx,104,1,-0.02711976954835754
2022-12-23,weekly_fx,r_fx,104,1,-0.026132052308829104
2022-12-30,weekly_fx,r_fx,104,1,-0.026262066430956375
2023-01-06,weekly_fx,r_fx,104,1,-0.025786172147586377
2023-01-13,weekly_fx,r_fx,104,1,-0.02604377919142591
2023-01-20,weekly_fx,r_fx,104,1,-0.02666625493073208
2023-01-27,weekly_fx,r_fx,104,1,-0.028123166210468648
2023-02-03,weekly_fx,r_fx,104,1,-0.02920287951197412
2023-02-10,weekly_fx,r_fx,104,1,-0.03274057510720047
2023-02-17,weekly_fx,r_fx,104,1,-0.032276624748169086
2023-02-24,weekly_fx,r_fx,104,1,-0.029890846301296257
2023-03-03,weekly_fx,r_fx,104,1,-0.026776123313912513
2023-03-10,weekly_fx,r_fx,104,1,-0.025238932193056812
2023-03-17,weekly_fx,r_fx,104,1,-0.02566318474235607
2023-03-24,weekly_fx,r_fx,104,1,-0.027591222489694586
2023-03-31,weekly_fx,r_fx,104,1,-0.030118500588441538
2023-04-07,weekly_fx,r_fx,104,1,-0.033511546009190124
2023-04-14,weekly_fx,r_fx,104,1,-0.03908397263388118
2023-04-21,weekly_fx,r_fx,104,1,-0.03861946518283647
2023-04-28,weekly_fx,r_fx,104,1,-0.03951331240159812
2023-05-05,weekly_fx,r_fx,104,1,-0.04028300707540022
2023-05-12,weekly_fx,r_fx,104,1,-0.043461679597149146
2023-05-19,weekly_fx,r_fx,104,1,-0.041633648409421894
2023-05-26,weekly_fx,r_fx,104,1,-0.045451858862882236
2023-06-02,weekly_fx,r_fx,104,1,-0.03738251856409207
2023-06-09,weekly_fx,r_fx,104,1,-0.036918460357478894
2023-06-16,weekly_fx,r_fx,104,1,-0.03717868465650015
2023-06-23,weekly_fx,r_fx,104,1,-0.03609450099655888
2023-06-30,weekly_fx,r_fx,104,1,-0.037251136035901924
2023-07-07,weekly_fx,r_fx,104,1,-0.03834117571744077
2023-07-14,weekly_fx,r_fx,104,1,-0.03499291574788536
2023-07-21,weekly_fx,r_fx,104,1,-0.03291413881371468
2023-07-28,weekly_fx,r_fx,104,1,-0.03236749481824542
2023-08-04,weekly_fx,r_fx,104,1,-0.03111029378500946
2023-08-11,weekly_fx,r_fx,104,1,0.00019639910464379332
2023-08-18,weekly_fx,r_fx,104,1,-0.012731103289805971
2023-08-25,weekly_fx,r_fx,104,1,-0.011778516969015452
2023-09-01,weekly_fx,r_fx,104,1,-0.012815998831744531
2023-09-08,weekly_fx,r_fx,104,1,-0.011737054770594703
2023-09-15,weekly_fx,r_fx,104,1,-0.01167435022876096
2023-09-22,weekly_fx,r_fx,104,1,-0.011309042303969053
2023-09-29,weekly_fx,r_fx,104,1,-0.011707785671386521
2023-10-06,weekly_fx,r_fx,104,1,-0.011149572892003141
2023-10-13,weekly_fx,r_fx,104,1,-0.01002806897579297
2023-10-20,weekly_fx,r_fx,104,1,-0.011488045703752005
2023-10-27,weekly_fx,r_fx,104,1,-0.011461804923634482
2023-11-03,weekly_fx,r_fx,104,1,-0.011105057498298149
2023-11-10,weekly_fx,r_fx,104,1,-0.011896179850178955
2023-11-17,weekly_fx,r_fx,104,1,-0.01235547779045757
2023-11-24,weekly_fx,r_fx,104,1,-0.013556071259366925
2023-12-01,weekly_fx,r_fx,104,1,-0.014457400473170462
2023-12-08,weekly_fx,r_fx,104,1,-0.015054002600220658
2023-12-15,weekly_fx,r_fx,104,1,-0.010898595120786144
2023-12-22,weekly_fx,r_fx,104,1,-0.00989683812549197
2023-12-29,weekly_fx,r_fx,104,1,-0.008478731550344863
2024-01-05,weekly_fx,r_fx,104,1,-0.005378953571180106
2024-01-12,weekly_fx,r_fx,104,1,-0.004693367423001451
2024-01-19,weekly_fx,r_fx,104,1,-0.0077715746077168585
2024-01-26,weekly_fx,r_fx,104,1,-0.006215071638778579
2024-02-02,weekly_fx,r_fx,104,1,-0.006394977331276888
2024-02-09,weekly_fx,r_fx,104,1,-0.006285610273139007
2024-02-16,weekly_fx,r_fx,104,1,-0.006304700347751095
2024-02-23,weekly_fx,r_fx,104,1,-0.00532039589391949
2024-03-01,weekly_fx,r_fx,104,1,-0.007444071729017185
2024-03-08,weekly_fx,r_fx,104,1,-0.0674850250524735
2024-03-15,weekly_fx,r_fx,104,1,0.08061409454190056
2024-03-22,weekly_fx,r_fx,104,1,0.05084696339514343
2024-03-29,weekly_fx,r_fx,104,1,0.03582452476299166
2024-04-05,weekly_fx,r_fx,104,1,0.033804440731609424
2024-04-12,weekly_fx,r_fx,104,1,0.026308445192531428
2024-04-19,weekly_fx,r_fx,104,1,0.012904879343912387
2024-04-26,weekly_fx,r_fx,104,1,-0.017185628254545792
2024-05-03,weekly_fx,r_fx,104,1,-0.015767631996083418
2024-05-10,weekly_fx,r_fx,104,1,-0.009106920701240782
2024-05-17,weekly_fx,r_fx,104,1,-0.028955631785168603
2024-05-24,weekly_fx,r_fx,104,1,-0.044500825950597754
2024-05-31,weekly_fx,r_fx,104,1,-0.033324280091665937
2024-06-07,weekly_fx,r_fx,104,1,-0.03736732071707874
2024-06-14,weekly_fx,r_fx,104,1,-0.08512933535387718
2024-06-21,weekly_fx,r_fx,104,1,-0.07714999422482087
2024-06-28,weekly_fx,r_fx,104,1,-0.08071608457135021
2024-07-05,weekly_fx,r_fx,104,1,-0.09126356700254619
2024-07-12,weekly_fx,r_fx,104,1,-0.08241379688261836
2024-07-19,weekly_fx,r_fx,104,1,-0.09255203898850195
2024-07-26,weekly_fx,r_fx,104,1,-0.09523878886665056
2024-08-02,weekly_fx,r_fx,104,1,-0.09811219334064039
2024-08-09,weekly_fx,r_fx,104,1,-0.110556991059432
2024-08-16,weekly_fx,r_fx,104,1,-0.1140225891808902
2024-08-23,weekly_fx,r_fx,104,1,-0.11492385421298516
2024-08-30,weekly_fx,r_fx,104,1,-0.11596814958776958
2024-09-06,weekly_fx,r_fx,104,1,-0.12297801542624165
2024-09-13,weekly_fx,r_fx,104,1,-0.11266993413039292
2024-09-20,weekly_fx,r_fx,104,1,-0.11242348314159546
2024-09-27,weekly_fx,r_fx,104,1,-0.11034065431552174
2024-10-04,weekly_fx,r_fx,104,1,-0.11447079236028815
2024-10-11,weekly_fx,r_fx,104,1,-0.11660139394826818
2024-10-18,weekly_fx,r_fx,104,1,-0.11715394029829251
2024-10-25,weekly_fx,r_fx,104,1,-0.11313874933731745
2024-11-01,weekly_fx,r_fx,104,1,-0.09704200363523136
2024-11-08,weekly_fx,r_fx,104,1,-0.09904022695015155
2024-11-15,weekly_fx,r_fx,104,1,-0.09983565149808274
2024-11-22,weekly_fx,r_fx,104,1,-0.10125417415936956
2024-11-29,weekly_fx,r_fx,104,1,-0.09977261172375278
2024-12-06,weekly_fx,r_fx,104,1,-0.0974496088408274
2024-12-13,weekly_fx,r_fx,104,1,-0.10188457811973795
2024-12-20,weekly_fx,r_fx,104,1,-0.10321002597787743
2024-12-27,weekly_fx,r_fx,104,1,-0.101027532312616
2025-01-03,weekly_fx,r_fx,104,1,-0.10339638029137313
2025-01-10,weekly_fx,r_fx,104,1,-0.10545088963139455
2025-01-17,weekly_fx,r_fx,104,1,-0.10345617465496595
2025-01-24,weekly_fx,r_fx,104,1,-0.10080564461193295
2025-01-31,weekly_fx,r_fx,104,1,-0.095810396735042
2025-02-07,weekly_fx,r_fx,104,1,-0.09380026407556745
2025-02-14,weekly_fx,r_fx,104,1,-0.09542123529516582
2025-02-21,weekly_fx,r_fx,104,1,-0.0976339161362537
2025-02-28,weekly_fx,r_fx,104,1,-0.07937698341680956
2025-03-07,weekly_fx,r_fx,104,1,-0.08364901283738368
2025-03-14,weekly_fx,r_fx,104,1,-0.08392865788632485
2025-03-21,weekly_fx,r_fx,104,1,-0.08030077207706306
2025-03-28,weekly_fx,r_fx,104,1,-0.07106199310633783
2025-04-04,weekly_fx,r_fx,104,1,-0.06195269067094766
2025-04-11,weekly_fx,r_fx,104,1,-0.06047336827621468
2025-04-18,weekly_fx,r_fx,104,1,-0.06531824751822961
2025-04-25,weekly_fx,r_fx,104,1,-0.056057038605496455
2025-05-02,weekly_fx,r_fx,104,1,-0.050295568564608074
2025-05-09,weekly_fx,r_fx,104,1,-0.04986029881616189
2025-05-16,weekly_fx,r_fx,104,1,-0.04794126487581031
2025-05-23,weekly_fx,r_fx,104,1,-0.06567247945726687
2025-05-30,weekly_fx,r_fx,104,1,-0.028634428771128467
2025-06-06,weekly_fx,r_fx,104,1,-0.049157764793767274
2025-06-13,weekly_fx,r_fx,104,1,-0.06706783467828553
2025-06-20,weekly_fx,r_fx,104,1,-0.0055677382491386524
2025-06-27,weekly_fx,r_fx,104,1,-0.011309918631017388
2025-07-04,weekly_fx,r_fx,104,1,-0.016359927416017928
2025-07-11,weekly_fx,r_fx,104,1,-0.023010556935257102
2025-07-18,weekly_fx,r_fx,104,1,-0.020628945306304672
2025-07-25,weekly_fx,r_fx,104,1,-0.02087253863469292
2025-08-01,weekly_fx,r_fx,104,1,-0.09837115683687375
2025-08-08,weekly_fx,r_fx,104,1,-0.11883768274078192
2025-08-15,weekly_fx,r_fx,104,1,-0.10875101062430714
2025-08-22,weekly_fx,r_fx,104,1,-0.08409036955937037
2025-08-29,weekly_fx,r_fx,104,1,-0.13513005022068217
2025-09-05,weekly_fx,r_fx,104,1,-0.15035631295932972
2025-09-12,weekly_fx,r_fx,104,1,-0.15370894048609152
2025-09-19,weekly_fx,r_fx,104,1,-0.15019176557128092
2025-09-26,weekly_fx,r_fx,104,1,-0.07686287550948001
2025-10-03,weekly_fx,r_fx,104,1,-0.031326506968017455
2025-10-10,weekly_fx,r_fx,104,1,-0.04071198527483763
2025-10-17,weekly_fx,r_fx,104,1,-0.036645294110193335
2025-10-24,weekly_fx,r_fx,104,1,-0.03878267030804583
2025-10-31,weekly_fx,r_fx,104,1,-0.03183417018737746
2025-11-07,weekly_fx,r_fx,104,1,-0.02859525482481893
2025-11-14,weekly_fx,r_fx,104,1,-0.026505391426969168
2025-11-21,weekly_fx,r_fx,104,1,-0.014343811610919214
2025-11-28,weekly_fx,r_fx,104,1,-0.009761390131626507
2025-12-05,weekly_fx,r_fx,104,1,-0.01781382553123546
2025-12-12,weekly_fx,r_fx,104,1,0.0006247924750952238
2025-12-19,weekly_fx,r_fx,104,1,-0.005203049736482971
2025-12-26,weekly_fx,r_fx,104,1,-0.009551931218132722
2026-01-02,weekly_fx,r_fx,104,1,-0.021829697343180566
2026-01-09,weekly_fx,r_fx,104,1,-0.0392612655092474
2026-01-16,weekly_fx,r_fx,104,1,-0.07793329387632889
2026-01-23,weekly_fx,r_fx,104,1,-0.14551185533603533
2026-01-30,weekly_fx,r_fx,104,1,-0.10770874991097
2026-02-06,weekly_fx,r_fx,104,1,-0.09406902199325591
2026-02-13,weekly_fx,r_fx,104,1,-0.0949820417069421
2026-02-20,weekly_fx,r_fx,104,1,-0.09277425240449752
2026-02-27,weekly_fx,r_fx,104,1,-0.08235928917704773
2026-03-06,weekly_fx,r_fx,104,1,-0.08881512852503652
2026-03-13,weekly_fx,r_fx,104,1,-0.09655326827827866
2026-03-20,weekly_fx,r_fx,104,1,-0.110924956576749
2026-03-27,weekly_fx,r_fx,104,1,-0.12030084948936526
2026-04-03,weekly_fx,r_fx,104,1,-0.12137230131512725
2026-04-10,weekly_fx,r_fx,104,1,-0.12468083701077702
2026-04-17,weekly_fx,r_fx,104,1,-0.12530610800882824
2026-04-24,weekly_fx,r_fx,104,1,-0.10651664117217642
2026-05-01,weekly_fx,r_fx,104,1,-0.09295209410580785
