date,dataset,variable,window,q,variance_ratio,z_robust,p_robust,reject_5pct_robust
2018-10-03,daily_uci,r_uci,500,4,0.9941302396365607,-0.06656966774882582,0.9469242937922149,False
2018-10-04,daily_uci,r_uci,500,4,0.8950917215135863,-1.278944428335031,0.2009166258789079,False
2018-10-05,daily_uci,r_uci,500,4,0.9159710120968894,-0.9802793694773846,0.3269482354562281,False
2018-10-08,daily_uci,r_uci,500,4,0.9521146143321263,-0.5586467273623889,0.5764028431333266,False
2018-10-09,daily_uci,r_uci,500,4,0.9932196452462599,-0.07508953369273882,0.9401434752182121,False
2018-10-10,daily_uci,r_uci,500,4,1.0144764654787186,0.16032009870481173,0.872628927173642,False
2018-10-11,daily_uci,r_uci,500,4,1.0277961445684458,0.30770602799199626,0.7583060324703228,False
2018-10-12,daily_uci,r_uci,500,4,1.0413675884435574,0.4579526842720145,0.646986435138631,False
2018-10-15,daily_uci,r_uci,500,4,1.0409501776527421,0.4534873066278568,0.6501978815190776,False
2018-10-16,daily_uci,r_uci,500,4,1.0413193541481567,0.4575708299275055,0.6472608044274071,False
2018-10-17,daily_uci,r_uci,500,4,1.0416326032087377,0.4610407152074279,0.6447693942461257,False
2018-10-18,daily_uci,r_uci,500,4,1.0408819116832948,0.4532014915379142,0.6504036585350168,False
2018-10-19,daily_uci,r_uci,500,4,1.0405302306207502,0.4497654693682716,0.6528795587309175,False
2018-10-22,daily_uci,r_uci,500,4,1.0403713579888194,0.4480563559859463,0.6541125249082345,False
2018-10-23,daily_uci,r_uci,500,4,1.0355580811878997,0.396019218046024,0.6920908508588084,False
2018-10-24,daily_uci,r_uci,500,4,1.0361754406953758,0.402949395624907,0.6869854521642575,False
2018-10-25,daily_uci,r_uci,500,4,1.0380927372899351,0.4242793156820711,0.6713621223096096,False
2018-10-26,daily_uci,r_uci,500,4,1.0393806766576594,0.4386234681318456,0.660934389402148,False
2018-10-29,daily_uci,r_uci,500,4,1.0386657549098368,0.43101219583518113,0.6664595027452545,False
2018-10-30,daily_uci,r_uci,500,4,1.0382525419057091,0.4266256094974527,0.6696520416411806,False
2018-10-31,daily_uci,r_uci,500,4,1.0370973249150095,0.4140212270809167,0.6788585611339033,False
2018-11-01,daily_uci,r_uci,500,4,1.037025443244857,0.4131940470436825,0.679464449258125,False
2018-11-02,daily_uci,r_uci,500,4,1.0374001652674214,0.4173689382373388,0.6764085711517176,False
2018-11-05,daily_uci,r_uci,500,4,1.0383226118817925,0.42768918992216687,0.6688774212115076,False
2018-11-06,daily_uci,r_uci,500,4,1.0269990929061363,0.3056554837908534,0.7598669708525918,False
2018-11-07,daily_uci,r_uci,500,4,1.030823734740761,0.34895785295460446,0.7271209514003114,False
2018-11-08,daily_uci,r_uci,500,4,1.0348825381899012,0.39467033253531936,0.6930862002481333,False
2018-11-09,daily_uci,r_uci,500,4,1.0426969944115319,0.48379671007152164,0.6285301501543821,False
2018-11-12,daily_uci,r_uci,500,4,1.045511504611136,0.5156322100283782,0.60611130938798,False
2018-11-13,daily_uci,r_uci,500,4,1.049865398234465,0.5649488375447596,0.5721085641514401,False
2018-11-14,daily_uci,r_uci,500,4,1.0506417955628657,0.5741621014868667,0.5658581125334978,False
2018-11-15,daily_uci,r_uci,500,4,1.0505823513338686,0.5735595600759833,0.566265884007775,False
2018-11-16,daily_uci,r_uci,500,4,1.0506111115754078,0.5738739723107591,0.5660530871151219,False
2018-11-19,daily_uci,r_uci,500,4,0.34242812882708384,-65.15094161651646,0.0,True
2018-11-20,daily_uci,r_uci,500,4,0.57764117587187,-13.653797502821831,0.0,True
2018-11-21,daily_uci,r_uci,500,4,0.8226573127651978,-4.706219908119065,2.52352297458458e-06,True
2018-11-22,daily_uci,r_uci,500,4,1.0671079295419625,1.7803838398489655,0.07501316463089558,False
2018-11-23,daily_uci,r_uci,500,4,1.0675379409281707,1.7919984533407554,0.0731332137629872,False
2018-11-26,daily_uci,r_uci,500,4,1.067664761353116,1.7978511445031025,0.07220059997973216,False
2018-11-27,daily_uci,r_uci,500,4,1.067688995723077,1.7988603689125542,0.07204077098963846,False
2018-11-28,daily_uci,r_uci,500,4,1.0670518562432465,1.7886639547700505,0.07366895128980433,False
2018-11-29,daily_uci,r_uci,500,4,1.0677078570571175,1.808355007561128,0.07055126569182191,False
2018-11-30,daily_uci,r_uci,500,4,1.067817854745083,1.8098543003403698,0.07031838463647078,False
2018-12-03,daily_uci,r_uci,500,4,1.0680669198549932,1.8170334337638672,0.06921199413611268,False
2018-12-04,daily_uci,r_uci,500,4,1.0680454423050068,1.81606748049727,0.06936002139076924,False
2018-12-05,daily_uci,r_uci,500,4,1.0680869034972131,1.8178649025781617,0.06908478381774885,False
2018-12-06,daily_uci,r_uci,500,4,1.0679117156721474,1.8155782660958044,0.06943509005057713,False
2018-12-07,daily_uci,r_uci,500,4,1.0676227514565604,1.8060600149803812,0.07090896565379268,False
2018-12-10,daily_uci,r_uci,500,4,1.066605665659446,1.7754630618984024,0.07582145943300467,False
2018-12-11,daily_uci,r_uci,500,4,1.0655353637710305,1.7525786701867385,0.07967435519372112,False
2018-12-12,daily_uci,r_uci,500,4,1.0656512178961357,1.7546817034504159,0.07931376734725903,False
2018-12-13,daily_uci,r_uci,500,4,1.0656640361706007,1.75509250618876,0.07924348592989117,False
2018-12-14,daily_uci,r_uci,500,4,1.0658346412740973,1.7624965669960824,0.0779854359018648,False
2018-12-17,daily_uci,r_uci,500,4,1.0655712165974427,1.7536963618759789,0.079482549274001,False
2018-12-18,daily_uci,r_uci,500,4,1.0655452162407275,1.7538991273440927,0.07944779316455142,False
2018-12-19,daily_uci,r_uci,500,4,1.0654948846878243,1.7541320628496428,0.07940788084993966,False
2018-12-20,daily_uci,r_uci,500,4,1.0654691662911222,1.7543099927521142,0.07937740445007102,False
2018-12-21,daily_uci,r_uci,500,4,1.0654651554796613,1.75375270037248,0.07947289102993493,False
2018-12-24,daily_uci,r_uci,500,4,1.065267708703422,1.747021115939568,0.08063367536120825,False
2018-12-25,daily_uci,r_uci,500,4,1.065154830933633,1.7458695430607425,0.08083362331942312,False
2018-12-26,daily_uci,r_uci,500,4,1.0651649490708857,1.7459060409421412,0.08082728000906081,False
2018-12-27,daily_uci,r_uci,500,4,1.0651352231353317,1.7453373890842347,0.08092615728921726,False
2018-12-28,daily_uci,r_uci,500,4,1.065067953525769,1.7451052220762837,0.08096655474970493,False
2018-12-29,daily_uci,r_uci,500,4,1.0650166786656003,1.7436684744785482,0.0812169156079805,False
2019-01-04,daily_uci,r_uci,500,4,1.0645685695421487,1.7301972321509334,0.08359504270767482,False
2019-01-05,daily_uci,r_uci,500,4,1.0646513946797096,1.7324492391523547,0.0831936075201436,False
2019-01-07,daily_uci,r_uci,500,4,1.064456354471449,1.7299014435232867,0.08364788534565815,False
2019-01-08,daily_uci,r_uci,500,4,1.0644162740465954,1.7275589878023194,0.08406732100276293,False
2019-01-09,daily_uci,r_uci,500,4,1.0643434306227788,1.7247198903737722,0.08457796471178658,False
2019-01-10,daily_uci,r_uci,500,4,1.0641913852559493,1.7228500505892554,0.08491564503268334,False
2019-01-11,daily_uci,r_uci,500,4,1.0639843295102538,1.7153201018004613,0.08628655503947491,False
2019-01-14,daily_uci,r_uci,500,4,1.0636711031383015,1.7099226166373611,0.08728018359215173,False
2019-01-15,daily_uci,r_uci,500,4,1.0552822237298072,1.5083815715951217,0.13145689676173755,False
2019-01-16,daily_uci,r_uci,500,4,1.056709452304175,1.5408777952865542,0.12334653095168147,False
2019-01-17,daily_uci,r_uci,500,4,0.29101641872877376,-36.238378569556055,0.0,True
2019-01-18,daily_uci,r_uci,500,4,0.5356753850669274,-17.923323817164295,0.0,True
2019-01-21,daily_uci,r_uci,500,4,0.7875794431617381,-4.801952194526861,1.571262099542281e-06,True
2019-01-22,daily_uci,r_uci,500,4,1.0236465689225982,0.49949212080537947,0.6174327361557523,False
2019-01-23,daily_uci,r_uci,500,4,1.0231712885297983,0.4893765892661091,0.6245751070500918,False
2019-01-24,daily_uci,r_uci,500,4,1.023382233904439,0.49382623344532867,0.6214289045149415,False
2019-01-25,daily_uci,r_uci,500,4,1.0248073624714578,0.5239533535906723,0.6003109842946013,False
2019-01-28,daily_uci,r_uci,500,4,1.0254596373005311,0.537725208255439,0.5907667732917672,False
2019-01-29,daily_uci,r_uci,500,4,1.0256971981829515,0.5426744947973572,0.5873539379715984,False
2019-01-30,daily_uci,r_uci,500,4,1.0259161167672162,0.5473078654088582,0.5841672410823602,False
2019-01-31,daily_uci,r_uci,500,4,1.025978245521086,0.548617619617704,0.5832678915272411,False
2019-02-01,daily_uci,r_uci,500,4,1.026037269878901,0.5498606407845495,0.5824149620128054,False
2019-02-04,daily_uci,r_uci,500,4,1.0260482327612812,0.5500884876007647,0.5822586824957909,False
2019-02-05,daily_uci,r_uci,500,4,1.0260998558376706,0.5511801106099493,0.5815102130263055,False
2019-02-06,daily_uci,r_uci,500,4,1.0261241975922728,0.5516956140923155,0.5811569153983469,False
2019-02-07,daily_uci,r_uci,500,4,1.025578370023841,0.540566558872043,0.5888063728189841,False
2019-02-08,daily_uci,r_uci,500,4,1.0261160717329272,0.5519146404665165,0.5810068372196815,False
2019-02-11,daily_uci,r_uci,500,4,1.0266085683858082,0.5623446860997849,0.573881198016273,False
2019-02-12,daily_uci,r_uci,500,4,1.0269036340563067,0.5685992280535832,0.5696281488189061,False
2019-02-13,daily_uci,r_uci,500,4,1.0268879549046832,0.5682740467520854,0.5698488989462942,False
2019-02-14,daily_uci,r_uci,500,4,1.026867088345962,0.5678471081931087,0.5701387891795351,False
2019-02-15,daily_uci,r_uci,500,4,1.0267550512313892,0.5654996484196947,0.5717339633509693,False
2019-02-18,daily_uci,r_uci,500,4,1.0266825213684336,0.5640498920890183,0.5727201780620763,False
2019-02-19,daily_uci,r_uci,500,4,1.0266688310321832,0.5637615384561538,0.5729164304326446,False
2019-02-20,daily_uci,r_uci,500,4,1.0264265532747483,0.5587441954954937,0.5763363124115619,False
2019-02-21,daily_uci,r_uci,500,4,1.0264411082817517,0.5590737628697144,0.5761113800306192,False
2019-02-22,daily_uci,r_uci,500,4,1.0265231090734803,0.5608062072920716,0.5749296546704521,False
2019-02-25,daily_uci,r_uci,500,4,1.0264680245663897,0.5597271800808662,0.5756655400806161,False
2019-02-26,daily_uci,r_uci,500,4,1.0264503901870328,0.5593600674340623,0.5759160085020736,False
2019-02-27,daily_uci,r_uci,500,4,1.0264502652931784,0.5593784272293758,0.5759034810186261,False
2019-02-28,daily_uci,r_uci,500,4,1.0264170455932564,0.5586717551216573,0.5763857591025745,False
2019-03-01,daily_uci,r_uci,500,4,1.02640676514022,0.5584521307665168,0.5765356835576256,False
2019-03-04,daily_uci,r_uci,500,4,1.0263301994045906,0.55691251784244,0.5775872015516308,False
2019-03-05,daily_uci,r_uci,500,4,1.0261523452342203,0.5531971467645107,0.5801284205220563,False
2019-03-06,daily_uci,r_uci,500,4,1.026146827216425,0.5530961938766759,0.580197542792966,False
2019-03-07,daily_uci,r_uci,500,4,1.0261279612211573,0.5526958728029455,0.5804716799461822,False
2019-03-12,daily_uci,r_uci,500,4,0.8380495963615604,-4.488175239105234,7.183582866332472e-06,True
2019-03-13,daily_uci,r_uci,500,4,0.9010547262508846,-2.7390966327955426,0.006160826244840267,True
2019-03-14,daily_uci,r_uci,500,4,0.9644800367217531,-0.9832605087297542,0.32547924110153437,False
2019-03-15,daily_uci,r_uci,500,4,1.0257041841139354,0.7114081024892273,0.4768313794938366,False
2019-03-18,daily_uci,r_uci,500,4,1.0257074888945341,0.7115089171298489,0.47676892703361173,False
2019-03-19,daily_uci,r_uci,500,4,1.0256612566245147,0.7101854992362622,0.4775891118633433,False
2019-03-20,daily_uci,r_uci,500,4,1.025660543817389,0.7101818811595663,0.47759135521449014,False
2019-03-25,daily_uci,r_uci,500,4,1.0256732745766717,0.7105245424975618,0.4773789171661189,False
2019-03-26,daily_uci,r_uci,500,4,1.025691593824542,0.7110376328870027,0.47706091576398135,False
2019-03-27,daily_uci,r_uci,500,4,1.025689686878567,0.7109736900998576,0.4771005396791599,False
2019-03-28,daily_uci,r_uci,500,4,1.0256942766753048,0.7111023899729182,0.47702078908211387,False
2019-03-29,daily_uci,r_uci,500,4,1.0256773469724734,0.710629030492915,0.4773141485510819,False
2019-04-01,daily_uci,r_uci,500,4,1.0256628603900464,0.710225013928415,0.4775646115611947,False
2019-04-02,daily_uci,r_uci,500,4,1.0256463579973394,0.7097660967531345,0.4778491964381839,False
2019-04-03,daily_uci,r_uci,500,4,1.025671432286602,0.7104827209779986,0.47740484227544444,False
2019-04-04,daily_uci,r_uci,500,4,1.0256742837392712,0.7105732938878755,0.47734869721071815,False
2019-04-05,daily_uci,r_uci,500,4,1.025673252591871,0.7105260016425872,0.47737801265779245,False
2019-04-08,daily_uci,r_uci,500,4,1.0256637153338724,0.7103125322183625,0.47751035002700126,False
2019-04-09,daily_uci,r_uci,500,4,1.0256609699511186,0.7102365411392355,0.47755746447200575,False
2019-04-10,daily_uci,r_uci,500,4,1.0256564665289174,0.7100995867283556,0.4776423825845748,False
2019-04-11,daily_uci,r_uci,500,4,1.0256539031157657,0.7100301015878718,0.4776854697656283,False
2019-04-12,daily_uci,r_uci,500,4,1.0255483359242743,0.7070823499293395,0.47951530373324647,False
2019-04-15,daily_uci,r_uci,500,4,1.0256286351710184,0.7092709380231116,0.47815635950133384,False
2019-04-16,daily_uci,r_uci,500,4,1.0256320072575051,0.7094650545554043,0.47803592984349064,False
2019-04-17,daily_uci,r_uci,500,4,1.0256469833492057,0.7099217309063864,0.47775267380347386,False
2019-04-18,daily_uci,r_uci,500,4,1.025648646635877,0.7099891799662176,0.47771084593125934,False
2019-04-19,daily_uci,r_uci,500,4,0.7724470278638568,-9.106786729676626,0.0,True
2019-04-22,daily_uci,r_uci,500,4,0.8522749355217918,-5.8740542904481625,4.2526400179099255e-09,True
2019-04-23,daily_uci,r_uci,500,4,0.9329259742031389,-2.666340212993618,0.007668204897626207,True
2019-04-24,daily_uci,r_uci,500,4,1.0138726774466849,0.5514462572626844,0.5813277982627629,False
2019-04-25,daily_uci,r_uci,500,4,1.0138721252076899,0.5513897459493091,0.5813665284216463,False
2019-04-26,daily_uci,r_uci,500,4,1.0138721965219764,0.5513906356265532,0.5813659186699458,False
2019-04-29,daily_uci,r_uci,500,4,1.0138646408922365,0.5509883099168744,0.5816416882628794,False
2019-04-30,daily_uci,r_uci,500,4,0.8311691889004035,-8.911169063172187,0.0,True
2019-05-01,daily_uci,r_uci,500,4,0.8908002319649467,-5.759402120664224,8.441239041090398e-09,True
2019-05-02,daily_uci,r_uci,500,4,0.9499370346233578,-2.637865493042312,0.008342966637908678,True
2019-05-03,daily_uci,r_uci,500,4,1.00976138796638,0.5143416513109007,0.6070131459827817,False
2019-05-06,daily_uci,r_uci,500,4,1.009760511226457,0.5142970873117562,0.6070442978061765,False
2019-05-07,daily_uci,r_uci,500,4,1.0097577020584352,0.5141297414440621,0.6071612849051449,False
2019-05-08,daily_uci,r_uci,500,4,1.0097604831150553,0.5142724170064633,0.6070615435357127,False
2019-05-10,daily_uci,r_uci,500,4,1.0097653850519355,0.5145180767742643,0.6068898253064727,False
2019-05-13,daily_uci,r_uci,500,4,1.0097706024251454,0.5147985136518315,0.6066938241168418,False
2019-05-14,daily_uci,r_uci,500,4,1.0097678227409475,0.514666570439172,0.6067860375185541,False
2019-05-15,daily_uci,r_uci,500,4,1.0097645570027953,0.5145035113778602,0.6069000060350191,False
2019-05-16,daily_uci,r_uci,500,4,1.0097168713568676,0.512095034543367,0.6085844995370311,False
2019-05-17,daily_uci,r_uci,500,4,1.0097025430478548,0.5113605430054445,0.6090986183747606,False
2019-05-20,daily_uci,r_uci,500,4,1.0096832965248956,0.510344922949029,0.6098098356371988,False
2019-05-21,daily_uci,r_uci,500,4,1.0098402201491097,0.51839643912997,0.6041816986385538,False
2019-05-22,daily_uci,r_uci,500,4,1.0098395351482559,0.5183668840932938,0.6042023153719944,False
2019-05-23,daily_uci,r_uci,500,4,1.0098240033004615,0.5176089722246754,0.6047311205040313,False
2019-05-24,daily_uci,r_uci,500,4,1.009826758392727,0.5177768186339446,0.6046139939498136,False
2019-05-27,daily_uci,r_uci,500,4,1.0098170669840665,0.5172487996460373,0.604982490419016,False
2019-05-28,daily_uci,r_uci,500,4,1.0098067281015168,0.5166893630492762,0.6053730225792129,False
2019-05-29,daily_uci,r_uci,500,4,1.009740787986693,0.5131873780669874,0.6078202542481317,False
2019-05-30,daily_uci,r_uci,500,4,1.0098139650260214,0.5170318978167895,0.6051338920974714,False
2019-05-31,daily_uci,r_uci,500,4,1.0098820649066913,0.5206024358301723,0.6026437521285595,False
2019-06-01,daily_uci,r_uci,500,4,1.0099460863289178,0.5239679087599259,0.6003008605108593,False
2019-06-03,daily_uci,r_uci,500,4,1.0099535032003564,0.5243539681019901,0.6000323668265011,False
2019-06-04,daily_uci,r_uci,500,4,1.0099564152132354,0.5245203931238672,0.599916639550129,False
2019-06-07,daily_uci,r_uci,500,4,1.009956110581976,0.5245114642994813,0.5999228481468908,False
2019-06-10,daily_uci,r_uci,500,4,1.0099465533397698,0.5240625996637382,0.6002350005556623,False
2019-06-11,daily_uci,r_uci,500,4,1.0099497524047076,0.5242283741633481,0.6001197080035383,False
2019-06-12,daily_uci,r_uci,500,4,1.0099500293879256,0.5242385630267354,0.6001126221978681,False
2019-06-13,daily_uci,r_uci,500,4,1.009928683648907,0.5230819057358205,0.6009172566397081,False
2019-06-14,daily_uci,r_uci,500,4,1.0099466827315557,0.5239905216930416,0.6002851323381759,False
2019-06-17,daily_uci,r_uci,500,4,1.0099405340578536,0.5237063404347936,0.6004828049770488,False
2019-06-18,daily_uci,r_uci,500,4,1.0099102957512336,0.5221246801761389,0.6015835236968914,False
2019-06-19,daily_uci,r_uci,500,4,1.0098793860186317,0.5205047056510774,0.6027118489845096,False
2019-06-20,daily_uci,r_uci,500,4,1.0098418659084678,0.5185133037799684,0.604100180353824,False
2019-06-21,daily_uci,r_uci,500,4,1.0099007450670727,0.5216645402680907,0.6019039179376964,False
2019-06-24,daily_uci,r_uci,500,4,1.0099006639933643,0.5216736850492981,0.6018975497006496,False
2019-06-25,daily_uci,r_uci,500,4,1.009900855959172,0.521675208606885,0.6018964887295177,False
2019-06-26,daily_uci,r_uci,500,4,1.009898699777206,0.5215762926634914,0.601965373310736,False
2019-06-27,daily_uci,r_uci,500,4,1.0098962083008662,0.5214389270276227,0.6020610399651369,False
2019-06-28,daily_uci,r_uci,500,4,1.009895295993799,0.521376994613799,0.6021041742954603,False
2019-07-01,daily_uci,r_uci,500,4,1.0098022870683232,0.516424843281673,0.6055577181689697,False
2019-07-02,daily_uci,r_uci,500,4,1.0098596483714903,0.5194573193751532,0.6034418687180936,False
2019-07-03,daily_uci,r_uci,500,4,1.0099110487850362,0.5221619186814229,0.6015575979866701,False
2019-07-04,daily_uci,r_uci,500,4,1.00996274886159,0.5248598564374499,0.5996806176350131,False
2019-07-05,daily_uci,r_uci,500,4,1.0099665223390053,0.525068074373923,0.5995358687568526,False
2019-07-08,daily_uci,r_uci,500,4,1.0099732112840862,0.525412540352282,0.5992964377550802,False
2019-07-09,daily_uci,r_uci,500,4,1.009980964105957,0.5258152293652386,0.5990165920918291,False
2019-07-10,daily_uci,r_uci,500,4,1.0099813445632237,0.5258329690952211,0.5990042653638454,False
2019-07-11,daily_uci,r_uci,500,4,1.0099828670978999,0.5259195767353921,0.5989440863457294,False
2019-07-12,daily_uci,r_uci,500,4,1.0099810150288697,0.5258418821719851,0.598998072016879,False
2019-07-15,daily_uci,r_uci,500,4,1.0099741384059955,0.5254582820702701,0.5992646469147183,False
2019-07-16,daily_uci,r_uci,500,4,1.0099747332906868,0.5254955842123108,0.5992387222091744,False
2019-07-17,daily_uci,r_uci,500,4,1.009975338113071,0.5255191425426476,0.599222349610244,False
2019-07-18,daily_uci,r_uci,500,4,1.0099505940418003,0.524258201972633,0.600098964475617,False
2019-07-19,daily_uci,r_uci,500,4,1.0099517339755169,0.5243145160621054,0.6000598021456307,False
2019-07-22,daily_uci,r_uci,500,4,1.0099536550186337,0.5244267006718676,0.5999817894018382,False
2019-07-23,daily_uci,r_uci,500,4,1.0099582154080817,0.5246714093633076,0.599811635849475,False
2019-07-24,daily_uci,r_uci,500,4,1.0099158409049478,0.522546680042633,0.6012897539289619,False
2019-07-25,daily_uci,r_uci,500,4,1.0098992006409977,0.521644029075266,0.6019182016198787,False
2019-07-26,daily_uci,r_uci,500,4,1.0098909442464872,0.5211898214299535,0.6022345440600085,False
2019-07-29,daily_uci,r_uci,500,4,1.0098844098049093,0.5208853925318006,0.6024466118752805,False
2019-07-30,daily_uci,r_uci,500,4,1.0098826036071107,0.5208133604626994,0.6024967949611342,False
2019-07-31,daily_uci,r_uci,500,4,1.0098019255716606,0.516510755489283,0.6054977289365575,False
2019-08-01,daily_uci,r_uci,500,4,1.009801003776976,0.5164884619742898,0.6055132953958327,False
2019-08-02,daily_uci,r_uci,500,4,1.009789248682735,0.5159033141018449,0.6059219393005424,False
2019-08-05,daily_uci,r_uci,500,4,1.009779864703956,0.5154349006166179,0.6062491494907112,False
2019-08-06,daily_uci,r_uci,500,4,1.0095135578954704,0.5018315648205921,0.6157860075826074,False
2019-08-07,daily_uci,r_uci,500,4,1.0095411561414847,0.5032307193653611,0.6148020692267628,False
2019-08-08,daily_uci,r_uci,500,4,1.009594180754579,0.506031976144895,0.6128342023126518,False
2019-08-09,daily_uci,r_uci,500,4,1.009644207599801,0.508625662938649,0.6110146372250851,False
2019-08-12,daily_uci,r_uci,500,4,1.0096679736473833,0.5098552697703914,0.6101528611849425,False
2019-08-13,daily_uci,r_uci,500,4,1.009672660003641,0.5101001719125494,0.6099812847729043,False
2019-08-14,daily_uci,r_uci,500,4,1.009660882042472,0.5095221391567387,0.6103862841252332,False
2019-08-15,daily_uci,r_uci,500,4,1.009637279120849,0.5082420404673478,0.6112836113199527,False
2019-08-16,daily_uci,r_uci,500,4,1.0096258365456598,0.5076790650989665,0.611678432341612,False
2019-08-19,daily_uci,r_uci,500,4,1.009603705565166,0.5064832601414289,0.6125174382868834,False
2019-08-20,daily_uci,r_uci,500,4,1.0096261034643026,0.5076497207940185,0.6116990149315042,False
2019-08-21,daily_uci,r_uci,500,4,1.0096316894414556,0.5079234169515715,0.6115070517439181,False
2019-08-22,daily_uci,r_uci,500,4,1.0096651381180375,0.5096685550292229,0.6102836863804255,False
2019-08-23,daily_uci,r_uci,500,4,1.0096367321221031,0.5081227353452851,0.6113672719284726,False
2019-08-26,daily_uci,r_uci,500,4,1.0096811655161133,0.5104609384869624,0.6097285737429756,False
2019-08-27,daily_uci,r_uci,500,4,1.0097137717093656,0.5121564681390072,0.6085415068900588,False
2019-08-28,daily_uci,r_uci,500,4,1.0097476501245455,0.5139412980672107,0.6072930327674877,False
2019-08-29,daily_uci,r_uci,500,4,1.0097447870881595,0.5138130022755888,0.6073827364887747,False
2019-08-30,daily_uci,r_uci,500,4,1.0097289167612549,0.5129422550770575,0.607991714415058,False
2019-09-04,daily_uci,r_uci,500,4,1.0097317073749785,0.5130950574325396,0.6078848287333702,False
2019-09-05,daily_uci,r_uci,500,4,1.009702171014365,0.5116157104399929,0.6089199880350489,False
2019-09-06,daily_uci,r_uci,500,4,1.0096874764572918,0.5108154351144885,0.6094803000353959,False
2019-09-07,daily_uci,r_uci,500,4,1.0096457185972247,0.5085676464296205,0.6110553117094935,False
2019-09-09,daily_uci,r_uci,500,4,1.0096528329029957,0.5089346760661718,0.61079801308599,False
2019-09-10,daily_uci,r_uci,500,4,1.0096791363634938,0.5103522314389993,0.6098047163383082,False
2019-09-11,daily_uci,r_uci,500,4,1.009683664196934,0.5106080444617093,0.6096255417906491,False
2019-09-12,daily_uci,r_uci,500,4,1.0096746458546788,0.5101139984606412,0.6099715986469558,False
2019-09-13,daily_uci,r_uci,500,4,1.0096712896300128,0.5099499248388834,0.6100865440875105,False
2019-09-16,daily_uci,r_uci,500,4,1.0096716253675504,0.50997567880543,0.610068500934583,False
2019-09-17,daily_uci,r_uci,500,4,1.00967386548837,0.5100926126544916,0.609986580405951,False
2019-09-18,daily_uci,r_uci,500,4,1.0096703224026313,0.5099319559976064,0.6100991331450039,False
2019-09-19,daily_uci,r_uci,500,4,1.0096687338862154,0.5098445999125584,0.6101603368860653,False
2019-09-20,daily_uci,r_uci,500,4,1.0096636211182577,0.5095570962535707,0.6103617880026997,False
2019-09-23,daily_uci,r_uci,500,4,1.0096599300524218,0.5093428940518628,0.6105118966630032,False
2019-09-24,daily_uci,r_uci,500,4,1.0096537771273126,0.5090608226848031,0.6107095916735217,False
2019-09-25,daily_uci,r_uci,500,4,1.0096329264133346,0.5080287194314619,0.6114332024997922,False
2019-09-26,daily_uci,r_uci,500,4,1.0096403196922685,0.508429581943422,0.6111521114287228,False
2019-09-27,daily_uci,r_uci,500,4,1.009652958992172,0.5090944345181397,0.6106860326992978,False
2019-09-30,daily_uci,r_uci,500,4,1.0096299175097092,0.5078308647661153,0.6115719623936362,False
2019-10-02,daily_uci,r_uci,500,4,1.0096148341768645,0.5070886805644619,0.6120925969573561,False
2019-10-03,daily_uci,r_uci,500,4,1.0096116716755976,0.5068989225864156,0.6122257416896462,False
2019-10-04,daily_uci,r_uci,500,4,1.0096161181749854,0.5071231402884705,0.6120684194762496,False
2019-10-07,daily_uci,r_uci,500,4,1.0095946159590425,0.5060608792310544,0.6128139125687722,False
2019-10-08,daily_uci,r_uci,500,4,1.0095904173608194,0.5058202674354438,0.6129828292430697,False
2019-10-09,daily_uci,r_uci,500,4,1.009589901664863,0.5057897052010605,0.6130042863170759,False
2019-10-10,daily_uci,r_uci,500,4,1.0095903374362651,0.5058123531135508,0.6129883856829479,False
2019-10-11,daily_uci,r_uci,500,4,1.0095824822728152,0.5054138408611087,0.6132681995396692,False
2019-10-14,daily_uci,r_uci,500,4,1.0095828972687375,0.5054663305962095,0.6132313408487844,False
2019-10-15,daily_uci,r_uci,500,4,1.00958928842728,0.5058147838622225,0.6129866791150618,False
2019-10-16,daily_uci,r_uci,500,4,1.0095781800752657,0.5052055551906391,0.6134144689582175,False
2019-10-17,daily_uci,r_uci,500,4,1.0095742928287876,0.5050232397331242,0.6135425133274888,False
2019-10-18,daily_uci,r_uci,500,4,1.009547723459685,0.503582068784643,0.6145550957697088,False
2019-10-21,daily_uci,r_uci,500,4,1.0094815464400486,0.5002115645707351,0.6169261162324979,False
2019-10-22,daily_uci,r_uci,500,4,1.0094822486568935,0.5002498228160707,0.6168991805370516,False
2019-10-23,daily_uci,r_uci,500,4,1.0094692677410424,0.49954042501120877,0.6173987154603442,False
2019-10-24,daily_uci,r_uci,500,4,1.0094722950852173,0.4997070366307833,0.6172813770468366,False
2019-10-25,daily_uci,r_uci,500,4,1.009464048848666,0.4993089909360856,0.6175617221411489,False
2019-10-28,daily_uci,r_uci,500,4,1.0094381292816421,0.497904272435221,0.618551515809336,False
2019-10-29,daily_uci,r_uci,500,4,1.0093912560871245,0.49552832671195124,0.6202272317254074,False
2019-10-30,daily_uci,r_uci,500,4,1.0093917590947616,0.4955532414054465,0.6202096495427081,False
2019-10-31,daily_uci,r_uci,500,4,1.0093458220702598,0.4930857544061086,0.621951996091938,False
2019-11-01,daily_uci,r_uci,500,4,1.0093438373732144,0.4929853778720306,0.6220229191122517,False
2019-11-04,daily_uci,r_uci,500,4,1.00936408306249,0.49403852279768323,0.6212789736537363,False
2019-11-05,daily_uci,r_uci,500,4,1.0093934487977883,0.49557090732732456,0.6201971829157729,False
2019-11-06,daily_uci,r_uci,500,4,1.0093847524868123,0.4951593698967965,0.6204876282292497,False
2019-11-07,daily_uci,r_uci,500,4,1.0093829605785047,0.49505680626365517,0.6205600224197652,False
2019-11-08,daily_uci,r_uci,500,4,1.0093757995678452,0.49471227552975544,0.6208032351731805,False
2019-11-11,daily_uci,r_uci,500,4,1.0093748228757116,0.49465432348320776,0.6208441490277719,False
2019-11-12,daily_uci,r_uci,500,4,1.0093491408643218,0.49326290343967166,0.6218268365119699,False
2019-11-13,daily_uci,r_uci,500,4,1.0093563805285308,0.49363605794739507,0.6215632306576031,False
2019-11-14,daily_uci,r_uci,500,4,1.0093748602059354,0.494602951469852,0.6208804183925594,False
2019-11-15,daily_uci,r_uci,500,4,1.0093905177994458,0.495430569207327,0.620296220836021,False
2019-11-18,daily_uci,r_uci,500,4,1.0094004044472744,0.4959176094304387,0.6199525415371485,False
2019-11-19,daily_uci,r_uci,500,4,1.0093991030719642,0.4958453354231831,0.6200035363532248,False
2019-11-20,daily_uci,r_uci,500,4,1.0093950053713563,0.49565352409075547,0.6201388827159993,False
2019-11-21,daily_uci,r_uci,500,4,1.0093939203294258,0.49560705019455514,0.6201716776725363,False
2019-11-22,daily_uci,r_uci,500,4,1.0093848905535612,0.49510715272226036,0.6205244850843661,False
2019-11-25,daily_uci,r_uci,500,4,1.0093844074807181,0.49508856999522755,0.6205376017052568,False
2019-11-26,daily_uci,r_uci,500,4,1.0093641746145152,0.494081858531575,0.6212483694165643,False
2019-11-27,daily_uci,r_uci,500,4,1.0093483065543216,0.493216071629873,0.6218599231236581,False
2019-11-28,daily_uci,r_uci,500,4,1.0093426140422117,0.49289743154079513,0.6220850622121838,False
2019-11-29,daily_uci,r_uci,500,4,1.0093366466826577,0.4925556601814539,0.6223265842910339,False
2019-12-02,daily_uci,r_uci,500,4,1.0092781650311644,0.48958155191144154,0.6244300334050397,False
2019-12-03,daily_uci,r_uci,500,4,1.0092627690335922,0.48883236880101083,0.6249603797803365,False
2019-12-04,daily_uci,r_uci,500,4,1.0092796107300057,0.4897329248261612,0.6243229001999837,False
2019-12-05,daily_uci,r_uci,500,4,1.0093113772054285,0.49140672449261646,0.6231388091028793,False
2019-12-06,daily_uci,r_uci,500,4,1.0093133229613993,0.49153366916842,0.6230490446959287,False
2019-12-09,daily_uci,r_uci,500,4,1.0093145460080932,0.49161137922766557,0.6229940975584931,False
2019-12-10,daily_uci,r_uci,500,4,1.0093125674487227,0.49150203748935556,0.623071411387476,False
2019-12-11,daily_uci,r_uci,500,4,1.0093106349880776,0.4913952105597113,0.6231469510475207,False
2019-12-12,daily_uci,r_uci,500,4,1.0093131693697726,0.4915246504848369,0.6230554217520576,False
2019-12-13,daily_uci,r_uci,500,4,1.009313576949516,0.4915280184662639,0.6230530402696348,False
2019-12-16,daily_uci,r_uci,500,4,1.0093092775967405,0.49133269554244197,0.6231911586238359,False
2019-12-17,daily_uci,r_uci,500,4,1.0092729518326777,0.4893744441047161,0.6245766254836358,False
2019-12-18,daily_uci,r_uci,500,4,1.0092917351420414,0.49033774265919916,0.6238949235526072,False
2019-12-19,daily_uci,r_uci,500,4,1.0093089613204702,0.4912605440375226,0.6232421823429912,False
2019-12-20,daily_uci,r_uci,500,4,1.0092908561427494,0.4903752898433586,0.6238683588788978,False
2019-12-23,daily_uci,r_uci,500,4,1.009191886402641,0.4851018574574021,0.6276040945400481,False
2019-12-24,daily_uci,r_uci,500,4,1.009192949236678,0.48516333711489673,0.6275604866465976,False
2019-12-25,daily_uci,r_uci,500,4,1.0091961064158819,0.4853406760597258,0.6274347063464565,False
2019-12-26,daily_uci,r_uci,500,4,1.0092252310149954,0.48686206691295747,0.6263560822399199,False
2019-12-27,daily_uci,r_uci,500,4,1.0092145721938468,0.48627077955365844,0.626775193875966,False
2019-12-28,daily_uci,r_uci,500,4,1.0092301227267855,0.4870811091655521,0.6262008530565142,False
2019-12-30,daily_uci,r_uci,500,4,1.0091553715836077,0.48305906175169655,0.6290538006921422,False
2020-01-03,daily_uci,r_uci,500,4,1.0092737442093065,0.48929256345004046,0.624634585173379,False
2020-01-04,daily_uci,r_uci,500,4,1.0093227950141568,0.4919188959268911,0.6227766796034229,False
2020-01-06,daily_uci,r_uci,500,4,1.0093689904746035,0.49435901274864585,0.6210526551411719,False
2020-01-07,daily_uci,r_uci,500,4,1.0093282258763945,0.4923228933975295,0.6224910985833685,False
2020-01-08,daily_uci,r_uci,500,4,1.0093625538467264,0.4941826834419999,0.6211771681399125,False
2020-01-09,daily_uci,r_uci,500,4,1.0093934408801264,0.49582242948551086,0.6200196986180249,False
2020-01-10,daily_uci,r_uci,500,4,1.0094070598861715,0.49651276552993956,0.6195326830986254,False
2020-01-13,daily_uci,r_uci,500,4,1.0093832145412285,0.495209985740356,0.6204519025636155,False
2020-01-14,daily_uci,r_uci,500,4,1.0093477423721107,0.4934410360624328,0.621700993032555,False
2020-01-15,daily_uci,r_uci,500,4,1.009324347344874,0.4921624197724203,0.6226045286880666,False
2020-01-16,daily_uci,r_uci,500,4,1.0092795405673298,0.4898477855837459,0.624241613538147,False
2020-01-17,daily_uci,r_uci,500,4,1.0092484785373246,0.4882167090175408,0.6253963504781197,False
2020-01-20,daily_uci,r_uci,500,4,1.0092031755318709,0.48586266006695683,0.6270645442165526,False
2020-01-21,daily_uci,r_uci,500,4,1.0092610899139702,0.48896717923109617,0.6248649332000487,False
2020-01-22,daily_uci,r_uci,500,4,1.009230275619579,0.48745983576316154,0.6259324990704318,False
2020-01-23,daily_uci,r_uci,500,4,1.008975349672176,0.4739487393469234,0.6355364617967822,False
2020-01-24,daily_uci,r_uci,500,4,1.008995563699719,0.47496052028821695,0.6348151132933819,False
2020-01-27,daily_uci,r_uci,500,4,1.00904247158724,0.4774537767188428,0.6330390283312806,False
2020-01-28,daily_uci,r_uci,500,4,1.0091635953971225,0.48384857847976875,0.6284933362219489,False
2020-01-29,daily_uci,r_uci,500,4,1.0091741816229785,0.48439525129485594,0.6281053879143994,False
2020-01-30,daily_uci,r_uci,500,4,1.0091739613672819,0.48438371499315164,0.6281135736313086,False
2020-01-31,daily_uci,r_uci,500,4,1.009135227316204,0.48229049051895995,0.6295996016744416,False
2020-02-03,daily_uci,r_uci,500,4,1.0091691097688957,0.48407353915547696,0.628333679646524,False
2020-02-04,daily_uci,r_uci,500,4,1.0090094687989746,0.47584744261299716,0.634183067684837,False
2020-02-05,daily_uci,r_uci,500,4,1.0090113222853627,0.4759689706164275,0.634096484203261,False
2020-02-06,daily_uci,r_uci,500,4,1.0090652278525414,0.47884452551573126,0.6320492382676461,False
2020-02-07,daily_uci,r_uci,500,4,1.0091198969927124,0.4817251364212072,0.6300012171600973,False
2020-02-10,daily_uci,r_uci,500,4,1.0091000466402134,0.48075957873591213,0.6306873816366845,False
2020-02-11,daily_uci,r_uci,500,4,1.0090971782715974,0.48059307214425007,0.6308057401988814,False
2020-02-12,daily_uci,r_uci,500,4,1.009088640085484,0.48012714810087553,0.6311369852199624,False
2020-02-13,daily_uci,r_uci,500,4,1.0090846690547466,0.4799442962745052,0.6312670025347022,False
2020-02-14,daily_uci,r_uci,500,4,1.0090694307771337,0.4792031495599893,0.6317941138511389,False
2020-02-17,daily_uci,r_uci,500,4,1.009071054921583,0.4793228361898963,0.6317089787816266,False
2020-02-18,daily_uci,r_uci,500,4,1.0090945480268643,0.48058444477570855,0.6308118730846988,False
2020-02-19,daily_uci,r_uci,500,4,1.0091071207888738,0.4812644804351412,0.6303285382271384,False
2020-02-20,daily_uci,r_uci,500,4,1.0090775924062512,0.47967915648932496,0.6314555512060267,False
2020-02-21,daily_uci,r_uci,500,4,1.0090626957914273,0.47891373110804614,0.6320000021373013,False
2020-02-24,daily_uci,r_uci,500,4,1.0090672319935499,0.47918303138280327,0.6318084247210534,False
2020-02-25,daily_uci,r_uci,500,4,1.0090640453339066,0.4790466256207593,0.6319054592734696,False
2020-02-26,daily_uci,r_uci,500,4,1.0090406584424725,0.47778396947245727,0.6328039719664607,False
2020-02-27,daily_uci,r_uci,500,4,1.0090416817535053,0.47782679186626825,0.6327734904390325,False
2020-02-28,daily_uci,r_uci,500,4,1.009045900737122,0.4780296929579109,0.6326290713272735,False
2020-03-02,daily_uci,r_uci,500,4,1.0090619009711055,0.4788907506261204,0.6320163513576795,False
2020-03-03,daily_uci,r_uci,500,4,1.0090640819478447,0.4790070489697906,0.6319336139822227,False
2020-03-04,daily_uci,r_uci,500,4,1.009063262091162,0.47895660079474134,0.6319695034338464,False
2020-03-05,daily_uci,r_uci,500,4,1.0090631336008833,0.47895973264054953,0.6319672753750079,False
2020-03-06,daily_uci,r_uci,500,4,1.0090644482712026,0.47902946661261314,0.6319176660739709,False
2020-03-09,daily_uci,r_uci,500,4,1.0090537077570791,0.478499334872316,0.632294847574318,False
2020-03-10,daily_uci,r_uci,500,4,1.0090490494168318,0.4782439485507513,0.632476585615616,False
2020-03-11,daily_uci,r_uci,500,4,1.009020599131408,0.47670994727393995,0.6335686785615804,False
2020-03-12,daily_uci,r_uci,500,4,1.009025181052482,0.4769549946493133,0.6333941696859671,False
2020-03-13,daily_uci,r_uci,500,4,1.0090372482579755,0.4776038405117777,0.6329321968923707,False
2020-03-16,daily_uci,r_uci,500,4,1.0090393502222212,0.47773057593559826,0.6328419790422546,False
2020-03-17,daily_uci,r_uci,500,4,1.0090324027304098,0.47738992490573495,0.6330844871945867,False
2020-03-18,daily_uci,r_uci,500,4,1.009030963440116,0.4773378722197115,0.6331215467750324,False
2020-03-19,daily_uci,r_uci,500,4,1.0090176202452694,0.47664446220898354,0.6336153167719039,False
2020-03-20,daily_uci,r_uci,500,4,1.0090085608306667,0.47618350142315824,0.6339436524439852,False
2020-03-24,daily_uci,r_uci,500,4,1.0089873662143207,0.47504587927566033,0.6347542725082636,False
2020-03-25,daily_uci,r_uci,500,4,1.0089117324144214,0.4712093654048552,0.6374912313876056,False
2020-03-26,daily_uci,r_uci,500,4,1.0088682782998242,0.4688761579743068,0.6391581591556619,False
2020-03-27,daily_uci,r_uci,500,4,1.0088642957184166,0.4686539235994082,0.639317026712902,False
2020-03-30,daily_uci,r_uci,500,4,1.00879536204213,0.46497152788603563,0.6419518462544125,False
2020-03-31,daily_uci,r_uci,500,4,1.0088973349292487,0.4703317414827941,0.6381180231276831,False
2020-04-01,daily_uci,r_uci,500,4,1.0089238219442853,0.47176331918606634,0.6370957355717486,False
2020-04-02,daily_uci,r_uci,500,4,1.0089203647947638,0.47155065632785004,0.6372475542003182,False
2020-04-03,daily_uci,r_uci,500,4,1.0089052965766026,0.4707677438954642,0.6378066014445831,False
2020-04-06,daily_uci,r_uci,500,4,1.0088865874089208,0.46976943271745775,0.6385197554345192,False
2020-04-07,daily_uci,r_uci,500,4,1.008974885308427,0.47450389132316523,0.6351406237140496,False
2020-04-08,daily_uci,r_uci,500,4,1.008978686356144,0.47467031883484745,0.6350219767926477,False
2020-04-09,daily_uci,r_uci,500,4,1.0089764310540057,0.4745717476053534,0.635092247533871,False
2020-04-10,daily_uci,r_uci,500,4,1.0089763496613529,0.47452761365540913,0.6351237113840633,False
2020-04-13,daily_uci,r_uci,500,4,1.0089777743224981,0.4746063578517406,0.6350675737563858,False
2020-04-14,daily_uci,r_uci,500,4,1.0089780261580708,0.47461524580742037,0.6350612375640723,False
2020-04-15,daily_uci,r_uci,500,4,1.0089805800536495,0.47472502562005736,0.6349829781261556,False
2020-04-16,daily_uci,r_uci,500,4,1.0089651518282559,0.4739545209597294,0.6355323388165903,False
2020-04-17,daily_uci,r_uci,500,4,1.008915306511288,0.4714266562631898,0.6373360840657338,False
2020-04-20,daily_uci,r_uci,500,4,1.0089374779238185,0.4726059400158337,0.6364943438339283,False
2020-04-21,daily_uci,r_uci,500,4,1.0089745975949602,0.47457592540259774,0.6350892691446728,False
2020-04-22,daily_uci,r_uci,500,4,1.0089780100253165,0.47474596865498125,0.634968048793976,False
2020-04-23,daily_uci,r_uci,500,4,1.008967075341931,0.4741448138470537,0.6353966435750655,False
2020-04-24,daily_uci,r_uci,500,4,1.0089750675138442,0.4745741796858981,0.6350905136810772,False
2020-04-27,daily_uci,r_uci,500,4,1.0089109645118357,0.47115596707533014,0.6375293606320322,False
2020-04-28,daily_uci,r_uci,500,4,1.0089436619766812,0.4729098327409576,0.636277509549396,False
2020-04-29,daily_uci,r_uci,500,4,1.0089581996557262,0.47364472209955516,0.6357532783042035,False
2020-04-30,daily_uci,r_uci,500,4,1.0090204224160448,0.4769340351724339,0.6334090950419924,False
2020-05-01,daily_uci,r_uci,500,4,1.0090350453974628,0.47773840388350725,0.6328364068201218,False
2020-05-04,daily_uci,r_uci,500,4,1.0090501467339037,0.4785228656327553,0.6322781037292704,False
2020-05-05,daily_uci,r_uci,500,4,1.0090528311058131,0.47864736765635857,0.6321895146350889,False
2020-05-06,daily_uci,r_uci,500,4,1.009056011298363,0.4788070428830548,0.6320759058658643,False
2020-05-07,daily_uci,r_uci,500,4,1.0089964641953537,0.4757557953115824,0.634248365761773,False
2020-05-08,daily_uci,r_uci,500,4,1.008968022575999,0.4742248715178854,0.6353395592092843,False
2020-05-11,daily_uci,r_uci,500,4,1.008964189404817,0.4740157162872779,0.6354886999346641,False
2020-05-12,daily_uci,r_uci,500,4,1.0089610635600579,0.4738499875519958,0.6356068853608339,False
2020-05-13,daily_uci,r_uci,500,4,1.0089488446961459,0.473175061877418,0.6360882880686318,False
2020-05-14,daily_uci,r_uci,500,4,1.0088528597059736,0.4682215032615095,0.6396261962577245,False
2020-05-15,daily_uci,r_uci,500,4,1.0088499238084467,0.46806402089320964,0.6397388076998956,False
2020-05-18,daily_uci,r_uci,500,4,1.008837104962169,0.467364344605023,0.6402392278949904,False
2020-05-19,daily_uci,r_uci,500,4,1.0087534467141943,0.4629021232247642,0.6434345255425611,False
2020-05-20,daily_uci,r_uci,500,4,1.008720689527361,0.46125073747479856,0.6446187238693253,False
2020-05-21,daily_uci,r_uci,500,4,1.0087265827824001,0.4615592841401759,0.6443973983735463,False
2020-05-22,daily_uci,r_uci,500,4,1.0087032510178628,0.46033697064537393,0.6452743682641149,False
2020-05-25,daily_uci,r_uci,500,4,1.0086743637386202,0.4588054373479997,0.6463738897949638,False
2020-05-26,daily_uci,r_uci,500,4,1.0086537930115966,0.4577142687443954,0.647157735405816,False
2020-05-27,daily_uci,r_uci,500,4,1.008678946399981,0.45906137626298377,0.6461900917612455,False
2020-05-28,daily_uci,r_uci,500,4,1.0086965686892215,0.46000597772272644,0.6455119298132965,False
2020-05-29,daily_uci,r_uci,500,4,1.0087121955411928,0.46080807880678587,0.6449363050761949,False
2020-06-01,daily_uci,r_uci,500,4,1.0087188414607946,0.46115536235027393,0.6446871443575803,False
2020-06-02,daily_uci,r_uci,500,4,1.008712208526257,0.460833290292272,0.6449182155978992,False
2020-06-03,daily_uci,r_uci,500,4,1.0087047963946394,0.4604141404060901,0.6452189868805345,False
2020-06-04,daily_uci,r_uci,500,4,1.0086976780880534,0.4600288095942723,0.6454955416703749,False
2020-06-05,daily_uci,r_uci,500,4,1.0086941731042578,0.45987142226951294,0.6456085138280234,False
2020-06-08,daily_uci,r_uci,500,4,1.0086909909313446,0.4596947279894475,0.6457353542042938,False
2020-06-09,daily_uci,r_uci,500,4,1.0086875751930522,0.4595264267091841,0.6458561792279136,False
2020-06-10,daily_uci,r_uci,500,4,1.008686202837736,0.45945462400337306,0.6459077298890987,False
2020-06-11,daily_uci,r_uci,500,4,1.0086099380524969,0.4555380984665588,0.6487221650829453,False
2020-06-12,daily_uci,r_uci,500,4,1.0085608643982245,0.452917167191961,0.6506083887148866,False
2020-06-15,daily_uci,r_uci,500,4,1.0085408079062064,0.451860653332361,0.6513693714744888,False
2020-06-16,daily_uci,r_uci,500,4,1.008513956583883,0.4504042175201971,0.6524190044609257,False
2020-06-17,daily_uci,r_uci,500,4,1.008590355418992,0.45448917429046687,0.6494767820031728,False
2020-06-18,daily_uci,r_uci,500,4,1.008576112829624,0.4537093907929316,0.6500380069848202,False
2020-06-19,daily_uci,r_uci,500,4,1.0085945599533552,0.4546682091278398,0.6493479552939496,False
2020-06-22,daily_uci,r_uci,500,4,1.008575354035156,0.4536668125326887,0.6500686570871361,False
2020-06-23,daily_uci,r_uci,500,4,1.0085617435265117,0.452934023968524,0.6505962501132125,False
2020-06-24,daily_uci,r_uci,500,4,1.008538394330993,0.4517004071132035,0.6514848249136893,False
2020-06-25,daily_uci,r_uci,500,4,1.008553851469676,0.4525529329874215,0.6508706971933711,False
2020-06-26,daily_uci,r_uci,500,4,1.0085379665862049,0.4516945806856265,0.6514890228681831,False
2020-06-29,daily_uci,r_uci,500,4,1.0085265390695817,0.4511001459486759,0.6519173725081442,False
2020-06-30,daily_uci,r_uci,500,4,1.0085536211896866,0.45256613602246654,0.6508611880831281,False
2020-07-01,daily_uci,r_uci,500,4,1.008552228198152,0.4525022596666323,0.6509071937380388,False
2020-07-02,daily_uci,r_uci,500,4,1.0085446245153853,0.4520910716296734,0.6512033754404813,False
2020-07-03,daily_uci,r_uci,500,4,1.0085446027558893,0.4520909103294615,0.651203491636992,False
2020-07-06,daily_uci,r_uci,500,4,1.0085431457277558,0.451997766892298,0.6512705911807888,False
2020-07-07,daily_uci,r_uci,500,4,1.0085513202949934,0.4524250117788246,0.6509628317451823,False
2020-07-08,daily_uci,r_uci,500,4,1.008550308120025,0.4523887244848587,0.6509889684413857,False
2020-07-09,daily_uci,r_uci,500,4,1.0085433141823037,0.4520343570536096,0.6512442316799059,False
2020-07-10,daily_uci,r_uci,500,4,1.0085289026127595,0.45125171663359637,0.6518081397644135,False
2020-07-13,daily_uci,r_uci,500,4,1.0085093586895078,0.45017914369376505,0.6525812735194658,False
2020-07-14,daily_uci,r_uci,500,4,1.0084724139825985,0.4482684270777032,0.6539594839726877,False
2020-07-15,daily_uci,r_uci,500,4,1.0084552490896128,0.4473203178402687,0.6546437990441694,False
2020-07-16,daily_uci,r_uci,500,4,1.0084301670826405,0.4459631216776237,0.6556238850986484,False
2020-07-17,daily_uci,r_uci,500,4,1.0084130843127097,0.445053706695801,0.6562809424200322,False
2020-07-20,daily_uci,r_uci,500,4,1.0084693785433656,0.4480467522730219,0.6541194557643033,False
2020-07-21,daily_uci,r_uci,500,4,1.008479384655799,0.4485909617739323,0.6537267549546271,False
2020-07-22,daily_uci,r_uci,500,4,1.0084752185682373,0.448356212926496,0.6538961376415366,False
2020-07-23,daily_uci,r_uci,500,4,1.008481822608232,0.4486948045238803,0.6536518330601553,False
2020-07-24,daily_uci,r_uci,500,4,1.008487088827399,0.4489695770927239,0.6534536032113063,False
2020-07-27,daily_uci,r_uci,500,4,1.0084909421645734,0.4491895535961338,0.6532949226463949,False
2020-07-28,daily_uci,r_uci,500,4,1.0084620558368935,0.4476533121840103,0.654403421227193,False
2020-07-29,daily_uci,r_uci,500,4,1.008440647946882,0.4464933812065168,0.6552408926105646,False
2020-07-30,daily_uci,r_uci,500,4,1.0084247954691907,0.445662841198774,0.6558408099539241,False
2020-08-03,daily_uci,r_uci,500,4,1.0084117565259547,0.44488404250171854,0.6564035551867651,False
2020-08-05,daily_uci,r_uci,500,4,1.008411123163375,0.4448563482454215,0.6564235701256655,False
2020-08-06,daily_uci,r_uci,500,4,1.0083701933795712,0.442730155026075,0.6579609282364405,False
2020-08-07,daily_uci,r_uci,500,4,1.0083605036063048,0.4422423942696302,0.6583138112586635,False
2020-08-10,daily_uci,r_uci,500,4,1.0083557557812834,0.4420190548215798,0.6584754173209548,False
2020-08-11,daily_uci,r_uci,500,4,1.0083277792511256,0.4405386072016704,0.6595470566490875,False
2020-08-12,daily_uci,r_uci,500,4,1.0083445811386875,0.44138354893427456,0.6589353499261983,False
2020-08-13,daily_uci,r_uci,500,4,1.008362830792912,0.44233810680067526,0.6582445595689488,False
2020-08-14,daily_uci,r_uci,500,4,1.0084185586812102,0.44528844076129603,0.6561113202829243,False
2020-08-17,daily_uci,r_uci,500,4,1.008398985867765,0.4442987592654982,0.6568265981634336,False
2020-08-18,daily_uci,r_uci,500,4,1.0083964803864425,0.4441636269444404,0.6569242875015862,False
2020-08-19,daily_uci,r_uci,500,4,1.008393896378182,0.4440425913203986,0.6570117910877213,False
2020-08-20,daily_uci,r_uci,500,4,1.0083951116449996,0.44410674677297124,0.6569654088501,False
2020-08-21,daily_uci,r_uci,500,4,1.0082771453519401,0.4380356735945637,0.6613604236298767,False
2020-08-24,daily_uci,r_uci,500,4,1.0082769386634565,0.4380090485191666,0.6613797241164912,False
2020-08-25,daily_uci,r_uci,500,4,1.0082797366429344,0.43814398587561165,0.661281910502111,False
2020-08-26,daily_uci,r_uci,500,4,1.008271033621225,0.4377513606565923,0.6615665333820078,False
2020-08-27,daily_uci,r_uci,500,4,1.0082331739322075,0.4357163754560425,0.6630425231861259,False
2020-08-28,daily_uci,r_uci,500,4,1.0082341409509203,0.4357783241125218,0.6629975720205326,False
2020-08-29,daily_uci,r_uci,500,4,1.0082448010602594,0.4363002477476329,0.6626189021418489,False
2020-09-02,daily_uci,r_uci,500,4,1.0082508838292832,0.43663309116436894,0.6623774601544983,False
2020-09-03,daily_uci,r_uci,500,4,1.008239133642295,0.43599568913443454,0.6628398572781269,False
2020-09-04,daily_uci,r_uci,500,4,1.0082179608659922,0.4349353017265844,0.6636093897183861,False
2020-09-07,daily_uci,r_uci,500,4,1.0082112870281277,0.4346270156305845,0.6638331822783328,False
2020-09-08,daily_uci,r_uci,500,4,1.0081695623215532,0.4323794111878219,0.6654656795572182,False
2020-09-09,daily_uci,r_uci,500,4,1.0081635886632296,0.43205302783740895,0.6657028729532928,False
2020-09-10,daily_uci,r_uci,500,4,1.0081689747492217,0.43233431383016707,0.6654984512813755,False
2020-09-11,daily_uci,r_uci,500,4,1.0081887852263236,0.4334181265147178,0.6647110342064877,False
2020-09-14,daily_uci,r_uci,500,4,1.0080544588302824,0.42645500289924676,0.6697763295401977,False
2020-09-15,daily_uci,r_uci,500,4,1.0080693370447156,0.42723120041661866,0.6692109381990399,False
2020-09-16,daily_uci,r_uci,500,4,1.0080221031502028,0.4247009711118069,0.6710546757864644,False
2020-09-17,daily_uci,r_uci,500,4,1.0080170378913131,0.42445029583358995,0.6712374469321531,False
2020-09-18,daily_uci,r_uci,500,4,1.0080285002986544,0.4250607832894868,0.6707923652830297,False
2020-09-21,daily_uci,r_uci,500,4,1.0080298078854677,0.4251420443734012,0.6707331298276875,False
2020-09-22,daily_uci,r_uci,500,4,1.0079822744238562,0.4227286183773342,0.6724932730443414,False
2020-09-23,daily_uci,r_uci,500,4,1.0078415191953587,0.4152468864976157,0.6779611786519224,False
2020-09-24,daily_uci,r_uci,500,4,1.0078658094718012,0.4164148881003403,0.6771064359651415,False
2020-09-25,daily_uci,r_uci,500,4,1.0078283105711014,0.41439110763809694,0.6785877002343879,False
2020-09-28,daily_uci,r_uci,500,4,1.0078070805616763,0.41332052873131436,0.6793717912493944,False
2020-09-29,daily_uci,r_uci,500,4,1.007843510482288,0.4151280412882578,0.6780481727446328,False
2020-09-30,daily_uci,r_uci,500,4,1.0078426020572322,0.4150564646654965,0.6781005685417723,False
2020-10-02,daily_uci,r_uci,500,4,1.0078436899865424,0.41512251986256266,0.6780522145046832,False
2020-10-05,daily_uci,r_uci,500,4,1.00779702346162,0.4127257659573722,0.6798075449608656,False
2020-10-06,daily_uci,r_uci,500,4,1.0077512942297164,0.41028011999203834,0.6816004735940939,False
2020-10-07,daily_uci,r_uci,500,4,1.00775031834212,0.41022386110627074,0.6816417387844966,False
2020-10-08,daily_uci,r_uci,500,4,1.00768517921419,0.4068720737428312,0.6841019477248,False
2020-10-09,daily_uci,r_uci,500,4,1.0076545860140018,0.40521591024422016,0.6853188110126593,False
2020-10-12,daily_uci,r_uci,500,4,1.007649231979376,0.40493418836541883,0.6855258870561574,False
2020-10-13,daily_uci,r_uci,500,4,1.0076365849164313,0.40425909492648965,0.6860222019141133,False
2020-10-14,daily_uci,r_uci,500,4,1.0076447485470492,0.404726938215715,0.6856782386961058,False
2020-10-15,daily_uci,r_uci,500,4,1.007625637381331,0.40369087703862117,0.6864400490625333,False
2020-10-16,daily_uci,r_uci,500,4,1.0076326298692313,0.4040681044952791,0.6861626387564304,False
2020-10-19,daily_uci,r_uci,500,4,1.0076341120274992,0.40415081779103207,0.6861018176557867,False
2020-10-20,daily_uci,r_uci,500,4,1.0075391721185911,0.3990930822090719,0.6898246193474857,False
2020-10-21,daily_uci,r_uci,500,4,1.0075481293623478,0.39959659783854706,0.689453662685702,False
2020-10-22,daily_uci,r_uci,500,4,1.007565563138806,0.4005459766334506,0.6887544269244541,False
2020-10-23,daily_uci,r_uci,500,4,1.0075733331026413,0.4009495896409498,0.6884572386777033,False
2020-10-26,daily_uci,r_uci,500,4,1.007551077309903,0.3997597884260121,0.689333450777943,False
2020-10-27,daily_uci,r_uci,500,4,1.0075349591087936,0.39891632455225096,0.689954860258029,False
2020-10-28,daily_uci,r_uci,500,4,1.0074784910288257,0.39603207428504567,0.6920813667303616,False
2020-10-29,daily_uci,r_uci,500,4,1.007457067604927,0.3948797031241918,0.6929316698509129,False
2020-10-30,daily_uci,r_uci,500,4,1.0074372719713,0.39382697952184764,0.6937087840556648,False
2020-11-02,daily_uci,r_uci,500,4,1.007437532694529,0.3938805946349085,0.6936691979087022,False
2020-11-03,daily_uci,r_uci,500,4,1.007425097631781,0.39325678796709623,0.6941298306041805,False
2020-11-04,daily_uci,r_uci,500,4,1.0073923979485313,0.3915060601894326,0.6954232100557505,False
2020-11-05,daily_uci,r_uci,500,4,1.0043623406018758,0.2310182081092857,0.817300656578342,False
2020-11-06,daily_uci,r_uci,500,4,1.0012457337824834,0.06596864502051304,0.9474027887068612,False
2020-11-09,daily_uci,r_uci,500,4,0.9978436453197448,-0.11422812527310394,0.9090569570803912,False
2020-11-10,daily_uci,r_uci,500,4,1.006716061483568,0.35060645915481436,0.7258836100896842,False
2020-11-11,daily_uci,r_uci,500,4,1.0066920678595597,0.34927614457846684,0.7268820059408148,False
2020-11-12,daily_uci,r_uci,500,4,1.0067114451606893,0.3502483038116542,0.7261523585309668,False
2020-11-13,daily_uci,r_uci,500,4,1.0067941376142993,0.3545767362793967,0.7229067069307153,False
2020-11-16,daily_uci,r_uci,500,4,1.0067825336914604,0.3540082042245236,0.7233327347957208,False
2020-11-17,daily_uci,r_uci,500,4,1.0067259978456413,0.3509943126988612,0.7255926151169936,False
2020-11-18,daily_uci,r_uci,500,4,1.006676180871304,0.3483300368787427,0.7275923384808305,False
2020-11-19,daily_uci,r_uci,500,4,1.0067463000424182,0.3519095208745118,0.7249061187414148,False
2020-11-20,daily_uci,r_uci,500,4,1.0067171447681886,0.3504770105008621,0.7259807403726573,False
2020-11-23,daily_uci,r_uci,500,4,1.0066947195725429,0.3493751274336985,0.7268077037005656,False
2020-11-24,daily_uci,r_uci,500,4,1.006623831098417,0.34561768825904776,0.7296300509824611,False
2020-11-25,daily_uci,r_uci,500,4,1.0066185844005127,0.34532725537215103,0.7298483586863478,False
2020-11-26,daily_uci,r_uci,500,4,1.006623964311748,0.34557839917460836,0.7296595818588743,False
2020-11-27,daily_uci,r_uci,500,4,1.0065925855743696,0.3440091173132309,0.7308394294742913,False
2020-11-30,daily_uci,r_uci,500,4,1.006569498315875,0.3427793230098085,0.7317644824417042,False
2020-12-01,daily_uci,r_uci,500,4,1.0065630190539332,0.34253575826704147,0.7319477384891573,False
2020-12-02,daily_uci,r_uci,500,4,1.0065814488165354,0.34345316694186123,0.7312575677233026,False
2020-12-03,daily_uci,r_uci,500,4,1.0065697287244673,0.34288989483258514,0.7316812941883626,False
2020-12-04,daily_uci,r_uci,500,4,1.0065862714167875,0.3437524888578377,0.7310324334873184,False
2020-12-07,daily_uci,r_uci,500,4,1.0065888967509748,0.3438647363931178,0.7309480127533301,False
2020-12-09,daily_uci,r_uci,500,4,1.0065753123637413,0.3431390286321307,0.7314938709653451,False
2020-12-10,daily_uci,r_uci,500,4,1.0065836585253785,0.3435696970842357,0.7311699171136163,False
2020-12-11,daily_uci,r_uci,500,4,1.0065783608421828,0.3433133153508107,0.7313627646849183,False
2020-12-14,daily_uci,r_uci,500,4,1.0065407965312703,0.34142620236461774,0.732782752273536,False
2020-12-15,daily_uci,r_uci,500,4,1.0064322522105802,0.33570101021785825,0.7370963439471891,False
2020-12-16,daily_uci,r_uci,500,4,1.0063580297406802,0.3317656955651483,0.7400661894724689,False
2020-12-17,daily_uci,r_uci,500,4,1.006354326682697,0.3316150265383045,0.7401799715427511,False
2020-12-18,daily_uci,r_uci,500,4,1.006431395169295,0.33562242807471737,0.7371556089369284,False
2020-12-21,daily_uci,r_uci,500,4,1.0063450081268759,0.33122793346100876,0.7404723221281515,False
2020-12-22,daily_uci,r_uci,500,4,1.006305767886823,0.32912001522831597,0.7420649762707399,False
2020-12-24,daily_uci,r_uci,500,4,1.0062896100271783,0.3282447153402286,0.7427266410997526,False
2020-12-25,daily_uci,r_uci,500,4,1.0062935687137053,0.32848844045536235,0.742542383025327,False
2020-12-28,daily_uci,r_uci,500,4,1.0063015387993157,0.32893122220644816,0.7422076743421973,False
2020-12-29,daily_uci,r_uci,500,4,1.0063029776052181,0.3289769352233411,0.7421731216197227,False
2020-12-30,daily_uci,r_uci,500,4,1.0062916678866216,0.3283734536390621,0.7426293121114547,False
2020-12-31,daily_uci,r_uci,500,4,1.006278386568422,0.3277316403940263,0.74311457790125,False
2021-01-04,daily_uci,r_uci,500,4,1.0062225275257928,0.3247667252047996,0.7453576300021574,False
2021-01-05,daily_uci,r_uci,500,4,1.006205047408332,0.32384232609444397,0.7460574098754158,False
2021-01-06,daily_uci,r_uci,500,4,0.908504640201236,-4.777158838563167,1.777893340104697e-06,True
2021-01-07,daily_uci,r_uci,500,4,0.81302343503334,-10.622827950765888,0.0,True
2021-01-08,daily_uci,r_uci,500,4,0.7133828857314612,-16.399107748877398,0.0,True
2021-01-11,daily_uci,r_uci,500,4,0.988206818468703,-1.3658787353346773,0.1719770281509243,False
2021-01-12,daily_uci,r_uci,500,4,0.9882091192537077,-1.3696552293928927,0.17079455044577907,False
2021-01-13,daily_uci,r_uci,500,4,0.989243179366272,-1.251790530381809,0.21064620162963354,False
2021-01-14,daily_uci,r_uci,500,4,0.9892374037697148,-1.265273075677961,0.2057734547062373,False
2021-01-15,daily_uci,r_uci,500,4,0.9893849701944807,-1.2538914455923673,0.20988146475124325,False
2021-01-18,daily_uci,r_uci,500,4,0.9893221244749152,-1.2607312783650824,0.20740568070555776,False
2021-01-19,daily_uci,r_uci,500,4,0.9893678695580463,-1.2574930668912006,0.2085751479922846,False
2021-01-20,daily_uci,r_uci,500,4,0.9893828078949662,-1.254960380892667,0.2094931427582254,False
2021-01-21,daily_uci,r_uci,500,4,0.9894165598191538,-1.2536275984682048,0.20997739506598223,False
2021-01-22,daily_uci,r_uci,500,4,0.9894264106935089,-1.2518485538904465,0.21062505393678954,False
2021-01-25,daily_uci,r_uci,500,4,0.9894001734303378,-1.2530355594057327,0.2101927658778573,False
2021-01-26,daily_uci,r_uci,500,4,0.989325578029656,-1.2657574780974916,0.20559992302182817,False
2021-01-27,daily_uci,r_uci,500,4,0.9888160592554439,-1.318615512600094,0.18729768493950627,False
2021-01-28,daily_uci,r_uci,500,4,0.9886887683129969,-1.333622360710599,0.18232765091509284,False
2021-01-29,daily_uci,r_uci,500,4,0.9883791811000006,-1.3625013936864716,0.17303970461933904,False
2021-02-01,daily_uci,r_uci,500,4,0.9892529485050297,-1.2670119662605477,0.20515101119807477,False
2021-02-02,daily_uci,r_uci,500,4,0.9893959779621732,-1.248274409649747,0.21193058234195905,False
2021-02-03,daily_uci,r_uci,500,4,0.9896626591521466,-1.2111791729113985,0.22582674303857608,False
2021-02-04,daily_uci,r_uci,500,4,0.9897943804867723,-1.189200714473871,0.23436069344357247,False
2021-02-05,daily_uci,r_uci,500,4,0.9898346091259579,-1.1866687683074848,0.23535829884026382,False
2021-02-08,daily_uci,r_uci,500,4,0.9899170441210075,-1.1732046679388664,0.24071374058327466,False
2021-02-09,daily_uci,r_uci,500,4,0.9898515714457047,-1.176658673751194,0.23933176883374463,False
2021-02-10,daily_uci,r_uci,500,4,0.9897601931895768,-1.1732557562567805,0.24069325892144455,False
2021-02-11,daily_uci,r_uci,500,4,0.9904934120028583,-1.078913776048482,0.2806261670411394,False
2021-02-12,daily_uci,r_uci,500,4,0.9917713387608594,-0.9228702651504215,0.35607481799251284,False
2021-02-15,daily_uci,r_uci,500,4,0.9934215291406294,-0.7249313350236326,0.46849415622210167,False
2021-02-16,daily_uci,r_uci,500,4,0.9951353629311294,-0.5257615627634207,0.5990538838669615,False
2021-02-17,daily_uci,r_uci,500,4,0.9972577212063186,-0.28406850174674,0.7763578850002677,False
2021-02-18,daily_uci,r_uci,500,4,1.0004243986812222,0.04165136122748859,0.966776628400708,False
2021-02-19,daily_uci,r_uci,500,4,1.0044233634218802,0.39638799776453704,0.6918188189176573,False
2021-02-22,daily_uci,r_uci,500,4,1.010573336327179,0.8046896971503299,0.4209987664405097,False
2021-02-23,daily_uci,r_uci,500,4,1.0198499216606476,1.3070698299953067,0.19118899661713495,False
2021-02-24,daily_uci,r_uci,500,4,1.031743054508956,1.9026012883645627,0.057092590921411945,False
2021-02-25,daily_uci,r_uci,500,4,0.9899381721703989,-0.606598193512687,0.5441175994025902,False
2021-02-26,daily_uci,r_uci,500,4,0.9466832925196362,-3.190670619714377,0.001419430019303558,True
2021-03-01,daily_uci,r_uci,500,4,0.8910095766430104,-6.212154824857085,5.226288291027004e-10,True
2021-03-02,daily_uci,r_uci,500,4,1.0468174504392846,1.8763911243648415,0.060601592441205776,False
2021-03-03,daily_uci,r_uci,500,4,1.0516079201225639,2.0682416712615264,0.03861730356261095,True
2021-03-04,daily_uci,r_uci,500,4,1.059732197045711,2.3929809596917453,0.01671210833152581,True
2021-03-05,daily_uci,r_uci,500,4,1.056808494981929,2.2693834156671,0.023245019821989565,True
2021-03-09,daily_uci,r_uci,500,4,1.0503780892103791,1.9623785261224804,0.04971843094748585,True
2021-03-10,daily_uci,r_uci,500,4,1.0478705785829554,1.7843335099240198,0.07436948819674649,False
2021-03-11,daily_uci,r_uci,500,4,1.0498985676385515,1.8597920454745118,0.06291495322199969,False
2021-03-12,daily_uci,r_uci,500,4,1.0507376885220543,1.8809904514932039,0.05997321774794462,False
2021-03-15,daily_uci,r_uci,500,4,1.0509084644415105,1.8873097256686584,0.05911867908567303,False
2021-03-16,daily_uci,r_uci,500,4,1.0459205091095065,1.7020686659543987,0.08874249694548264,False
2021-03-17,daily_uci,r_uci,500,4,1.04426015776099,1.6216634183668421,0.10487543560986423,False
2021-03-18,daily_uci,r_uci,500,4,1.0419210722758463,1.5034442082938435,0.132724533794214,False
2021-03-19,daily_uci,r_uci,500,4,1.0418146963240358,1.486294654455788,0.13720120003330893,False
2021-03-23,daily_uci,r_uci,500,4,1.0417700452291299,1.4845318212723682,0.13766788764915106,False
2021-03-24,daily_uci,r_uci,500,4,1.0403642427397446,1.4322723703958256,0.15206588714586444,False
2021-03-25,daily_uci,r_uci,500,4,1.0406400438073822,1.4419808757785006,0.14930776873875162,False
2021-03-26,daily_uci,r_uci,500,4,1.0412644216591755,1.4580152949120957,0.14483632723130424,False
2021-03-27,daily_uci,r_uci,500,4,1.0453179038659854,1.600010914846662,0.10959616205245482,False
2021-03-29,daily_uci,r_uci,500,4,1.046184868198459,1.6265700392214992,0.10382844684216685,False
2021-03-30,daily_uci,r_uci,500,4,1.0506810252030443,1.7807190172980907,0.07495836480301499,False
2021-03-31,daily_uci,r_uci,500,4,1.0533403114504902,1.8735403905613512,0.06099380067928495,False
2021-04-01,daily_uci,r_uci,500,4,1.0547792807944865,1.9237271448263762,0.054388793683193715,False
2021-04-02,daily_uci,r_uci,500,4,1.052785966756464,1.8548517661073616,0.06361739742255845,False
2021-04-05,daily_uci,r_uci,500,4,0.9413478347101667,-2.064217619240109,0.038997087695212596,True
2021-04-06,daily_uci,r_uci,500,4,0.8295853466490658,-6.019664583855496,1.747788580530596e-09,True
2021-04-07,daily_uci,r_uci,500,4,0.7156941422913574,-10.075165609096493,0.0,True
2021-04-08,daily_uci,r_uci,500,4,1.1038506292024215,1.9932795392662968,0.04623084560321389,True
2021-04-09,daily_uci,r_uci,500,4,1.102181606399061,1.9622352493371533,0.04973510181623908,True
2021-04-12,daily_uci,r_uci,500,4,1.1021614376838293,1.9614199967441412,0.04983004920258893,True
2021-04-13,daily_uci,r_uci,500,4,1.102397829326507,1.9655732541172894,0.049347926131794395,True
2021-04-14,daily_uci,r_uci,500,4,0.9053899106457108,-1.8164522860849945,0.06930102083170597,False
2021-04-15,daily_uci,r_uci,500,4,0.7047988043225255,-5.6687954707749375,1.438049057611579e-08,True
2021-04-16,daily_uci,r_uci,500,4,0.5039565694261375,-9.702561774883845,0.0,True
2021-04-19,daily_uci,r_uci,500,4,1.5526487758128713,2.109412464194327,0.03490899455445118,True
2021-04-20,daily_uci,r_uci,500,4,1.5505668228429939,2.1119528602277264,0.03469049276752778,True
2021-04-21,daily_uci,r_uci,500,4,1.5584389999408335,2.144819598732722,0.03196727358288176,True
2021-04-22,daily_uci,r_uci,500,4,1.5635688434719273,2.1652039795375133,0.03037206772608103,True
2021-04-23,daily_uci,r_uci,500,4,1.5546993444910566,2.142306373126819,0.03216883633648315,True
2021-04-26,daily_uci,r_uci,500,4,1.5498961662848971,2.1300776452747137,0.03316520357631081,True
2021-04-27,daily_uci,r_uci,500,4,1.54959123764321,2.1295768190525406,0.03320656653835807,True
2021-04-28,daily_uci,r_uci,500,4,1.5490521120169558,2.1283909765333036,0.03330468067135506,True
2021-04-29,daily_uci,r_uci,500,4,1.5510606893945733,2.13668145781988,0.032623909145872654,True
2021-04-30,daily_uci,r_uci,500,4,1.5389219434039778,2.104811037992145,0.03530775996267721,True
2021-05-03,daily_uci,r_uci,500,4,1.5372446758540035,2.100099242862626,0.035720111919358644,True
2021-05-04,daily_uci,r_uci,500,4,1.5335484657956588,2.0902393440289706,0.03659630491499,True
2021-05-05,daily_uci,r_uci,500,4,1.5334890588115178,2.0900888218708293,0.036609821615655624,True
2021-05-06,daily_uci,r_uci,500,4,1.4608333376209877,1.8963240114017499,0.057917213095661335,False
2021-05-07,daily_uci,r_uci,500,4,1.4495074121465827,1.851145380272091,0.06414864103503692,False
2021-05-10,daily_uci,r_uci,500,4,1.453222855630638,1.8680658012343982,0.061752899676881245,False
2021-05-11,daily_uci,r_uci,500,4,1.463929813350531,1.9131562587485758,0.05572805133801895,False
2021-05-12,daily_uci,r_uci,500,4,1.459595262849057,1.901754399403771,0.05720327035526296,False
2021-05-17,daily_uci,r_uci,500,4,1.4574560102200274,1.895650598987036,0.05800626173305923,False
2021-05-18,daily_uci,r_uci,500,4,1.4528461986437362,1.882689033448936,0.0597425224962147,False
2021-05-19,daily_uci,r_uci,500,4,1.4534742645470882,1.8834984117859472,0.05963285487122172,False
2021-05-20,daily_uci,r_uci,500,4,1.453899347276181,1.8859162197842325,0.059306245439461946,False
2021-05-21,daily_uci,r_uci,500,4,1.451903221907614,1.880917238857079,0.05998317780693996,False
2021-05-24,daily_uci,r_uci,500,4,1.4499330247360815,1.8752688674077929,0.06075574407756412,False
2021-05-25,daily_uci,r_uci,500,4,1.4505889895365587,1.8800907235590714,0.06009571452311002,False
2021-05-26,daily_uci,r_uci,500,4,1.454294612146906,1.8996324781952032,0.05748136695964323,False
2021-05-27,daily_uci,r_uci,500,4,1.458967207622987,1.9213565430629223,0.0546867732207863,False
2021-05-28,daily_uci,r_uci,500,4,1.4550131079831332,1.911621633881379,0.05592474242489387,False
2021-05-31,daily_uci,r_uci,500,4,1.4551819996631454,1.9123317586855308,0.05583365479630764,False
2021-06-01,daily_uci,r_uci,500,4,1.454877479851119,1.9113080034316563,0.05596501115189789,False
2021-06-02,daily_uci,r_uci,500,4,1.4556561130191128,1.913936888669885,0.055628220248279625,False
2021-06-03,daily_uci,r_uci,500,4,1.4556244959765359,1.9138004113247595,0.0556456629387343,False
2021-06-04,daily_uci,r_uci,500,4,1.4558571753135856,1.9146001443701628,0.055543516715766295,False
2021-06-07,daily_uci,r_uci,500,4,1.455882092773121,1.9147331824305438,0.05552653954256459,False
2021-06-08,daily_uci,r_uci,500,4,1.4558856369118507,1.9147441852825071,0.055525135646826485,False
2021-06-09,daily_uci,r_uci,500,4,1.4555577755291884,1.9136521805302908,0.0556646129582834,False
2021-06-10,daily_uci,r_uci,500,4,1.455620160211638,1.913913539297781,0.05563120412652256,False
2021-06-11,daily_uci,r_uci,500,4,1.455776331472311,1.9146003315331843,0.055543492828593166,False
2021-06-14,daily_uci,r_uci,500,4,1.4559403547996748,1.9153797305852605,0.05544409418356944,False
2021-06-15,daily_uci,r_uci,500,4,1.4556136049947237,1.9139623618236619,0.05562496511842774,False
2021-06-16,daily_uci,r_uci,500,4,1.4551261988014519,1.9118936965101125,0.05588983036717865,False
2021-06-17,daily_uci,r_uci,500,4,1.4539334516904046,1.907932201446197,0.056399979661459376,False
2021-06-18,daily_uci,r_uci,500,4,1.4551733216666052,1.9099136304962925,0.05614433477067138,False
2021-06-21,daily_uci,r_uci,500,4,1.4548796247961187,1.9093144621993008,0.0562215377698585,False
2021-06-22,daily_uci,r_uci,500,4,1.4544531948706656,1.9078756938747732,0.05640728448250698,False
2021-06-23,daily_uci,r_uci,500,4,1.4548358021883843,1.9090013780930382,0.05626191389064905,False
2021-06-24,daily_uci,r_uci,500,4,1.4540940425829882,1.9068744478876012,0.05653684776343426,False
2021-06-25,daily_uci,r_uci,500,4,1.4538508479223011,1.9076733616346238,0.05643344674283868,False
2021-06-28,daily_uci,r_uci,500,4,1.353821856284861,1.6099865017937658,0.10740080311534261,False
2021-06-29,daily_uci,r_uci,500,4,1.3685379508577689,1.6713047438257524,0.0946614999192672,False
2021-06-30,daily_uci,r_uci,500,4,1.3979060973933448,1.8052756368551337,0.07103156010500733,False
2021-07-01,daily_uci,r_uci,500,4,1.4338300069962908,1.9682923002996786,0.0490344153705502,True
2021-07-02,daily_uci,r_uci,500,4,1.4340512321335428,1.9703108939202687,0.048802750670862816,True
2021-07-05,daily_uci,r_uci,500,4,1.4338142037238553,1.9692663762019906,0.04892251018571847,True
2021-07-06,daily_uci,r_uci,500,4,1.4330664323610085,1.9688049228141082,0.04897549678436586,True
2021-07-07,daily_uci,r_uci,500,4,1.434678418812952,1.9753974572018027,0.04822306114646979,True
2021-07-08,daily_uci,r_uci,500,4,1.434760496984154,1.9759049244112628,0.04816554636627912,True
2021-07-09,daily_uci,r_uci,500,4,1.4297797184236856,1.9605229544529164,0.04993469771009851,True
2021-07-12,daily_uci,r_uci,500,4,1.4148965269134246,1.9105157302698101,0.056066842996336685,False
2021-07-13,daily_uci,r_uci,500,4,1.4111688879970812,1.8971177263426346,0.057812402164795884,False
2021-07-14,daily_uci,r_uci,500,4,1.4114323538142999,1.8979460263548804,0.05770319239424615,False
2021-07-15,daily_uci,r_uci,500,4,1.4080199040552344,1.8895347385090133,0.05882021253189795,False
2021-07-16,daily_uci,r_uci,500,4,1.4080800924394847,1.8898456043551548,0.05877861230415138,False
2021-07-17,daily_uci,r_uci,500,4,1.396413426782964,1.8512931216619095,0.06412739509816134,False
2021-07-19,daily_uci,r_uci,500,4,1.3973573848345595,1.853809233857263,0.06376645696573391,False
2021-07-23,daily_uci,r_uci,500,4,1.3950892303961158,1.8432738209575223,0.06528904139924285,False
2021-07-24,daily_uci,r_uci,500,4,1.3954842984908287,1.8451655534355116,0.06501345967584093,False
2021-07-26,daily_uci,r_uci,500,4,1.3940282201750198,1.8390405122995397,0.06590922758383977,False
2021-07-27,daily_uci,r_uci,500,4,1.4028568684746359,1.8684676544268801,0.0616969145978119,False
2021-07-28,daily_uci,r_uci,500,4,1.4019588561696557,1.8669322572094902,0.06191104854258578,False
2021-07-29,daily_uci,r_uci,500,4,1.4028075698880118,1.8708728627482811,0.0613627052421708,False
2021-07-30,daily_uci,r_uci,500,4,1.3844834245972737,1.8097459152768613,0.07033519861712878,False
2021-08-02,daily_uci,r_uci,500,4,1.3751667653572721,1.7741300689392427,0.0760416381178266,False
2021-08-03,daily_uci,r_uci,500,4,1.3752937857414138,1.774874628357295,0.07591859042059301,False
2021-08-04,daily_uci,r_uci,500,4,1.3751933531797145,1.7748030296432253,0.07593041593372485,False
2021-08-05,daily_uci,r_uci,500,4,1.3778319391400473,1.7866180564482683,0.07399924130320312,False
2021-08-06,daily_uci,r_uci,500,4,1.3760624152491656,1.7804079151820054,0.07500922734471982,False
2021-08-09,daily_uci,r_uci,500,4,1.376437292104921,1.7815772094037772,0.07481820371539505,False
2021-08-10,daily_uci,r_uci,500,4,1.3720370700939397,1.7697085932580194,0.07677569763851766,False
2021-08-11,daily_uci,r_uci,500,4,1.3520235004000951,1.6962680316961718,0.0898351317385182,False
2021-08-12,daily_uci,r_uci,500,4,1.3513246458464725,1.693166213446559,0.09042383372226515,False
2021-08-13,daily_uci,r_uci,500,4,1.35255747054351,1.6974557133799375,0.08961053709980615,False
2021-08-16,daily_uci,r_uci,500,4,1.355793338576258,1.7168285882407985,0.08601049584301124,False
2021-08-17,daily_uci,r_uci,500,4,1.335117105112366,1.642142609977485,0.1005604529220554,False
2021-08-18,daily_uci,r_uci,500,4,1.3342456633403585,1.6389926837223348,0.10121478341530299,False
2021-08-19,daily_uci,r_uci,500,4,1.3349393884656349,1.6423550153008362,0.10051645183140367,False
2021-08-20,daily_uci,r_uci,500,4,1.3326191391741917,1.634620194893399,0.10212869147671899,False
2021-08-23,daily_uci,r_uci,500,4,1.3322672364741206,1.633863059592938,0.10228760780223234,False
2021-08-24,daily_uci,r_uci,500,4,1.3325464608783588,1.6359563661071732,0.10184871981451482,False
2021-08-25,daily_uci,r_uci,500,4,1.3292613998745895,1.6229373742478586,0.10460279303847964,False
2021-08-26,daily_uci,r_uci,500,4,1.3306430887363767,1.6289965653128955,0.10331374605605226,False
2021-08-27,daily_uci,r_uci,500,4,1.3302780780178627,1.6288331304742523,0.10334834908530333,False
2021-08-30,daily_uci,r_uci,500,4,1.329613981038059,1.6352936354554144,0.10198750714393268,False
2021-08-31,daily_uci,r_uci,500,4,1.334745025441956,1.6608891484060153,0.09673571208038134,False
2021-09-06,daily_uci,r_uci,500,4,1.3391454355170995,1.6825999833007423,0.09245255493832816,False
2021-09-07,daily_uci,r_uci,500,4,1.3419784879352197,1.697544201223677,0.08959382186146048,False
2021-09-08,daily_uci,r_uci,500,4,1.3423402768316501,1.6993463260384747,0.08925394871614367,False
2021-09-09,daily_uci,r_uci,500,4,1.3422878482585296,1.699307865899561,0.08926119127596199,False
2021-09-10,daily_uci,r_uci,500,4,1.3422619152566833,1.6994828263290573,0.08922824770227211,False
2021-09-13,daily_uci,r_uci,500,4,1.3398234213912594,1.6909574074189668,0.09084493772074209,False
2021-09-14,daily_uci,r_uci,500,4,1.3398293304499018,1.6914512922338256,0.09075064302761904,False
2021-09-15,daily_uci,r_uci,500,4,1.3370696492465968,1.6842929397967148,0.09212506918353602,False
2021-09-16,daily_uci,r_uci,500,4,1.3389079804616228,1.6935389185436698,0.09035293342088191,False
2021-09-17,daily_uci,r_uci,500,4,1.339840104628019,1.6977212337961454,0.08956038817498158,False
2021-09-20,daily_uci,r_uci,500,4,1.3401553124171302,1.6996808924098776,0.0891909653487557,False
2021-09-21,daily_uci,r_uci,500,4,1.3402274850281863,1.7000299312315013,0.08912529565090566,False
2021-09-22,daily_uci,r_uci,500,4,1.339490397282864,1.6980282973548004,0.08950242116515827,False
2021-09-23,daily_uci,r_uci,500,4,1.3395229043203827,1.6981402711905358,0.08948129042701192,False
2021-09-24,daily_uci,r_uci,500,4,1.3395629005636909,1.6985397838868461,0.08940593056640878,False
2021-09-27,daily_uci,r_uci,500,4,1.3378667325793967,1.6917761873751866,0.09068865553569716,False
2021-09-28,daily_uci,r_uci,500,4,1.3388549745998348,1.6961862086875559,0.08985062141717814,False
2021-09-29,daily_uci,r_uci,500,4,1.3291215271578487,1.661094804934315,0.09669440768516302,False
2021-09-30,daily_uci,r_uci,500,4,1.3266661424103363,1.6543560587438761,0.09805518900359877,False
2021-10-04,daily_uci,r_uci,500,4,1.3299083122597892,1.671085618800829,0.09470476753457913,False
2021-10-05,daily_uci,r_uci,500,4,1.3304674550199806,1.6754716805134608,0.09384172293486293,False
2021-10-06,daily_uci,r_uci,500,4,1.3094025063326338,1.5998276820460093,0.10963681597178532,False
2021-10-07,daily_uci,r_uci,500,4,1.310158749442147,1.6037700049938548,0.10876475852333778,False
2021-10-08,daily_uci,r_uci,500,4,1.3119920680957706,1.6130413877870184,0.10673551631656997,False
2021-10-11,daily_uci,r_uci,500,4,1.313750872496021,1.6226781722341237,0.10465821987282631,False
2021-10-12,daily_uci,r_uci,500,4,1.3135287255150208,1.6219425846596942,0.10481564229872853,False
2021-10-13,daily_uci,r_uci,500,4,1.3146157520025843,1.6263163430631702,0.10388237686046686,False
2021-10-14,daily_uci,r_uci,500,4,1.3146153645725462,1.6263315455735796,0.10387914452660496,False
2021-10-15,daily_uci,r_uci,500,4,1.3102096120086477,1.6085696728249854,0.10771047005511081,False
2021-10-18,daily_uci,r_uci,500,4,1.3101032990154673,1.6084933869879607,0.1077271633828869,False
2021-10-19,daily_uci,r_uci,500,4,1.309559978559057,1.6081352260137758,0.10780556571987931,False
2021-10-20,daily_uci,r_uci,500,4,1.3076177874250954,1.600927029523265,0.10939308209387222,False
2021-10-21,daily_uci,r_uci,500,4,1.3083758918365032,1.604029895117505,0.10870746313903856,False
2021-10-22,daily_uci,r_uci,500,4,1.3077541770212917,1.6015171310787764,0.10926242879453496,False
2021-10-25,daily_uci,r_uci,500,4,1.3085776547288535,1.604758883660823,0.10854687771786686,False
2021-10-26,daily_uci,r_uci,500,4,1.3080566929648707,1.602976029399757,0.10893994638534821,False
2021-10-27,daily_uci,r_uci,500,4,1.3083695643520288,1.6048741102629274,0.10852151218455197,False
2021-10-28,daily_uci,r_uci,500,4,1.3085402544827827,1.605694970641974,0.10834094688248519,False
2021-10-29,daily_uci,r_uci,500,4,1.3090810351932574,1.6084409976989524,0.10773862871009121,False
2021-11-01,daily_uci,r_uci,500,4,1.3076452495436643,1.6023949682917948,0.10906829680717611,False
2021-11-02,daily_uci,r_uci,500,4,1.3071240636725443,1.60113133826843,0.10934783249829216,False
2021-11-03,daily_uci,r_uci,500,4,1.3050572388229702,1.5931174733757092,0.1111338401496027,False
2021-11-04,daily_uci,r_uci,500,4,1.3048859617178854,1.5923413392926875,0.11130802907662951,False
2021-11-05,daily_uci,r_uci,500,4,1.304878350701981,1.592308880713203,0.11131531849543919,False
2021-11-08,daily_uci,r_uci,500,4,1.3006766797186855,1.5748997989994697,0.11527957507858222,False
2021-11-09,daily_uci,r_uci,500,4,1.2995940015223295,1.5723207518146454,0.11587618273687128,False
2021-11-10,daily_uci,r_uci,500,4,1.3011581985338803,1.5813366406136,0.11380108603496031,False
2021-11-11,daily_uci,r_uci,500,4,1.3025014848883847,1.5917006312193107,0.11145198644378018,False
2021-11-12,daily_uci,r_uci,500,4,1.304222479957361,1.6022288851416444,0.10910500483457541,False
2021-11-15,daily_uci,r_uci,500,4,1.3053965865647557,1.608434695458537,0.10774000801224526,False
2021-11-16,daily_uci,r_uci,500,4,1.3055329755331684,1.610443941825806,0.10730097419447526,False
2021-11-17,daily_uci,r_uci,500,4,1.3050617863852711,1.6087005676059378,0.10768183164077683,False
2021-11-18,daily_uci,r_uci,500,4,1.3055587444652106,1.6110111737691681,0.10717728705268481,False
2021-11-19,daily_uci,r_uci,500,4,1.3049800515659706,1.6108025285932772,0.10722276981003742,False
2021-11-22,daily_uci,r_uci,500,4,1.3041144817072392,1.610165071145147,0.10736182448019504,False
2021-11-23,daily_uci,r_uci,500,4,1.3057014538403098,1.619514086169041,0.10533669819305169,False
2021-11-24,daily_uci,r_uci,500,4,1.3072403158945902,1.6373839991620374,0.10155025940516338,False
2021-11-25,daily_uci,r_uci,500,4,1.3144129688201218,1.6803376903478735,0.09289163179560234,False
2021-11-26,daily_uci,r_uci,500,4,1.3186228594135658,1.718225143314377,0.08575555708288451,False
2021-11-29,daily_uci,r_uci,500,4,1.3354467962478902,1.809493666766125,0.07037434317926672,False
2021-11-30,daily_uci,r_uci,500,4,1.3363195062854873,1.8427395255176946,0.06536705013529898,False
2021-12-01,daily_uci,r_uci,500,4,1.3455680861414137,1.9117498300724096,0.055908289565044234,False
2021-12-02,daily_uci,r_uci,500,4,1.3723917936418624,2.059216555096132,0.039473497948040226,True
2021-12-03,daily_uci,r_uci,500,4,1.4051526392914273,2.2402125258737673,0.02507712886299407,True
2021-12-06,daily_uci,r_uci,500,4,1.4184977474402622,2.313974255809855,0.0206691343408838,True
2021-12-14,daily_uci,r_uci,500,4,1.4181000820906668,2.3126712469060067,0.02074072103996305,True
2021-12-15,daily_uci,r_uci,500,4,1.414479964218837,2.299342726875342,0.021485485402336746,True
2021-12-16,daily_uci,r_uci,500,4,1.4131869957148557,2.29315075318537,0.02183932726363169,True
2021-12-17,daily_uci,r_uci,500,4,1.413242072304283,2.2932460518483198,0.02183384320763282,True
2021-12-20,daily_uci,r_uci,500,4,1.4133748123187144,2.293963418042545,0.021792600107058302,True
2021-12-21,daily_uci,r_uci,500,4,1.4141878201004223,2.29841736362527,0.021538046193793292,True
2021-12-22,daily_uci,r_uci,500,4,1.4146907378863527,2.300069734120089,0.021444269638059676,True
2021-12-23,daily_uci,r_uci,500,4,1.4143485578162969,2.298669141492601,0.021523734093745528,True
2021-12-24,daily_uci,r_uci,500,4,1.4144121503573237,2.2990304271304147,0.021503211582541093,True
2021-12-27,daily_uci,r_uci,500,4,1.4134803426121458,2.2937402140962906,0.0218054253648281,True
2021-12-28,daily_uci,r_uci,500,4,1.4125072958986846,2.2887931103223615,0.022091375976838634,True
2021-12-29,daily_uci,r_uci,500,4,1.4118085614929887,2.2853460707218205,0.022292543526418518,True
2021-12-30,daily_uci,r_uci,500,4,1.4105742112086859,2.280273367618333,0.022591480322461832,True
2022-01-05,daily_uci,r_uci,500,4,1.411188459649458,2.28413344076243,0.022363689791548236,True
2022-01-06,daily_uci,r_uci,500,4,1.4059104558433813,2.26292579025401,0.023640264272948963,True
2022-01-07,daily_uci,r_uci,500,4,1.4047537693952385,2.257471102627987,0.023978653186213617,True
2022-01-08,daily_uci,r_uci,500,4,1.4053990968963903,2.2595632829789882,0.023848368562349842,True
2022-01-10,daily_uci,r_uci,500,4,1.4057909325162603,2.261420388193946,0.023733237426909692,True
2022-01-11,daily_uci,r_uci,500,4,1.3988105581728267,2.235110839260771,0.025410072947871676,True
2022-01-12,daily_uci,r_uci,500,4,1.3980739593244171,2.231797380902101,0.02562835751933168,True
2022-01-13,daily_uci,r_uci,500,4,1.398688264683967,2.2348000181967644,0.0254304806660004,True
2022-01-14,daily_uci,r_uci,500,4,1.3996176942707002,2.2390356208180195,0.02515359854295296,True
2022-01-17,daily_uci,r_uci,500,4,1.4001101665067879,2.240999394100906,0.025026114255427778,True
2022-01-18,daily_uci,r_uci,500,4,1.4000303241370315,2.2405021819223796,0.025058339285929376,True
2022-01-19,daily_uci,r_uci,500,4,1.3993905696933908,2.2369383125057496,0.025290372087143798,True
2022-01-20,daily_uci,r_uci,500,4,1.399424114958148,2.2371673619318604,0.025275403650315997,True
2022-01-21,daily_uci,r_uci,500,4,1.398872046125925,2.234733777095712,0.02543483172053196,True
2022-01-24,daily_uci,r_uci,500,4,1.3995169988747493,2.237564299138181,0.025249481862550605,True
2022-01-25,daily_uci,r_uci,500,4,1.4012115734943473,2.2427363853907947,0.02491381883425836,True
2022-01-26,daily_uci,r_uci,500,4,1.4014798193976024,2.243410306776288,0.02487036786447172,True
2022-01-27,daily_uci,r_uci,500,4,1.401383434026342,2.242998988893004,0.024896879706016728,True
2022-01-28,daily_uci,r_uci,500,4,1.3992696471934238,2.235903203158688,0.025358112454636705,True
2022-01-31,daily_uci,r_uci,500,4,1.3992705362699573,2.2359741413763174,0.025353465058467695,True
2022-02-01,daily_uci,r_uci,500,4,1.3993718124358814,2.2375423645793275,0.025250913687206333,True
2022-02-02,daily_uci,r_uci,500,4,1.401091004487062,2.245724701841295,0.024721646944510844,True
2022-02-03,daily_uci,r_uci,500,4,1.3997428638467595,2.238343629562609,0.025198655005533643,True
2022-02-04,daily_uci,r_uci,500,4,1.398200751493109,2.233649556627005,0.025506140480920036,True
2022-02-07,daily_uci,r_uci,500,4,1.3982044919065129,2.235537001303393,0.025382115271205707,True
2022-02-08,daily_uci,r_uci,500,4,1.3995513445098,2.2430864967835573,0.024891237262368637,True
2022-02-09,daily_uci,r_uci,500,4,1.3989861658120502,2.241526770797312,0.02499197343737669,True
2022-02-10,daily_uci,r_uci,500,4,1.3987422307161628,2.241261467104998,0.02500914337495641,True
2022-02-11,daily_uci,r_uci,500,4,1.397627286462852,2.236294429561229,0.025332491100707566,True
2022-02-14,daily_uci,r_uci,500,4,1.3804620927011608,2.172316962968222,0.029831763420767432,True
2022-02-15,daily_uci,r_uci,500,4,1.3840342066490239,2.1946966456977695,0.028185365513283545,True
2022-02-16,daily_uci,r_uci,500,4,1.3981152971338249,2.2756693813110305,0.02286580527215687,True
2022-02-17,daily_uci,r_uci,500,4,1.4096019634795316,2.3413600901225164,0.019213625805865497,True
2022-02-18,daily_uci,r_uci,500,4,1.4069187343000047,2.3315986455065065,0.01972181515636029,True
2022-02-21,daily_uci,r_uci,500,4,1.4071182859714362,2.3328441012841474,0.019656329083275415,True
2022-02-22,daily_uci,r_uci,500,4,1.4039175753367363,2.318663879325442,0.020413268507047944,True
2022-02-23,daily_uci,r_uci,500,4,1.4013432896745113,2.3095123249093716,0.02091516855778819,True
2022-02-24,daily_uci,r_uci,500,4,1.4013722786841787,2.309682339143255,0.02090574727838801,True
2022-02-25,daily_uci,r_uci,500,4,1.399860385272607,2.3034823605354537,0.021251718507718564,True
2022-02-28,daily_uci,r_uci,500,4,1.3990278034545993,2.300844661240156,0.021400413000287166,True
2022-03-01,daily_uci,r_uci,500,4,1.3960867208607193,2.288991960498618,0.02207981950291238,True
2022-03-02,daily_uci,r_uci,500,4,1.3970003775529272,2.294082772608573,0.021785744709693633,True
2022-03-03,daily_uci,r_uci,500,4,1.3947467060070935,2.2854192422390898,0.022288256780397253,True
2022-03-04,daily_uci,r_uci,500,4,1.3943010795062827,2.283612063336352,0.02239434018585329,True
2022-03-07,daily_uci,r_uci,500,4,1.3942453914653639,2.2831985629003104,0.022418674740309896,True
2022-03-09,daily_uci,r_uci,500,4,1.391592585262307,2.2717293866372428,0.023102860122522495,True
2022-03-10,daily_uci,r_uci,500,4,1.39317513725182,2.2809442025422286,0.022551748851127096,True
2022-03-11,daily_uci,r_uci,500,4,1.3935165650359185,2.285983717727614,0.022255211127163887,True
2022-03-14,daily_uci,r_uci,500,4,1.3959042094706562,2.3024897410978364,0.021307569304641394,True
2022-03-15,daily_uci,r_uci,500,4,1.3978595174016903,2.313325398918614,0.020704755262379804,True
2022-03-16,daily_uci,r_uci,500,4,1.3993115430576446,2.321807741614356,0.02024329022166338,True
2022-03-17,daily_uci,r_uci,500,4,1.3991104071468359,2.3210918184593368,0.020281888861416242,True
2022-03-18,daily_uci,r_uci,500,4,1.3987753969268515,2.3191935014001888,0.02038454668314027,True
2022-03-24,daily_uci,r_uci,500,4,1.398719143939396,2.318773523968028,0.020407319495643117,True
2022-03-25,daily_uci,r_uci,500,4,1.3985709558551265,2.3180883481467167,0.02044452003310515,True
2022-03-28,daily_uci,r_uci,500,4,1.3960415327915534,2.3076527082515224,0.021018460389630844,True
2022-03-29,daily_uci,r_uci,500,4,1.3959755496349513,2.307308313822461,0.02103763837663264,True
2022-03-30,daily_uci,r_uci,500,4,1.3864011521945014,2.273004383855379,0.02302591576165458,True
2022-03-31,daily_uci,r_uci,500,4,1.3894171979940628,2.28908078826768,0.02207465884433346,True
2022-04-01,daily_uci,r_uci,500,4,1.3884866389728672,2.28358067822111,0.022396186398271345,True
2022-04-04,daily_uci,r_uci,500,4,1.3882365418953757,2.2847551589737756,0.022327188312217805,True
2022-04-05,daily_uci,r_uci,500,4,1.3891237226034532,2.2880924223524364,0.02213213944341419,True
2022-04-06,daily_uci,r_uci,500,4,1.388954338778961,2.287151105258024,0.02218700480403779,True
2022-04-07,daily_uci,r_uci,500,4,1.3883199888434405,2.284286207276192,0.022354715965769767,True
2022-04-08,daily_uci,r_uci,500,4,1.38888600505586,2.287271519560889,0.02217997977620967,True
2022-04-11,daily_uci,r_uci,500,4,1.3886028475617356,2.286431763885304,0.02222901184470527,True
2022-04-12,daily_uci,r_uci,500,4,1.3708781180091592,2.2168824465494326,0.026631125571592307,True
2022-04-13,daily_uci,r_uci,500,4,1.3769315413729666,2.254935087375336,0.024137403540664515,True
2022-04-14,daily_uci,r_uci,500,4,1.3865026067501236,2.3134982336390837,0.02069526176287484,True
2022-04-15,daily_uci,r_uci,500,4,1.3973193393823937,2.3809815443083795,0.01726657699447931,True
2022-04-18,daily_uci,r_uci,500,4,1.399783106643903,2.3957100818992214,0.016588205185443128,True
2022-04-19,daily_uci,r_uci,500,4,1.3678255418491343,2.255993846826693,0.024071016489166652,True
2022-04-20,daily_uci,r_uci,500,4,1.3514756049918821,2.1522093241766567,0.03138087159501124,True
2022-04-21,daily_uci,r_uci,500,4,1.3762263814189184,2.2788198444742416,0.022677776758085022,True
2022-04-22,daily_uci,r_uci,500,4,1.2822189218335722,1.646983414530728,0.09956145492173607,False
2022-04-25,daily_uci,r_uci,500,4,1.4219796473873008,2.4459281591517317,0.014447978614650081,True
2022-04-26,daily_uci,r_uci,500,4,1.4985000378622213,2.8762324801834795,0.004024531779439178,True
2022-04-27,daily_uci,r_uci,500,4,1.5516858273216145,3.183746113325407,0.0014538246479238737,True
2022-04-28,daily_uci,r_uci,500,4,1.5476735705530371,3.167088738899655,0.0015397332571427391,True
2022-04-29,daily_uci,r_uci,500,4,1.5486376138119153,3.1725206305266282,0.001511218218521515,True
2022-05-06,daily_uci,r_uci,500,4,1.5482599277215319,3.1707483295459333,0.0015204681039555634,True
2022-05-07,daily_uci,r_uci,500,4,1.5497667358546046,3.1770446563759323,0.001487841244437016,True
2022-05-10,daily_uci,r_uci,500,4,1.5436450612732486,3.154239268209143,0.0016091709550876132,True
2022-05-11,daily_uci,r_uci,500,4,1.543840471054389,3.155937892378455,0.0015998292234116196,True
2022-05-12,daily_uci,r_uci,500,4,1.54431896074606,3.158797587582446,0.0015842147774827176,True
2022-05-13,daily_uci,r_uci,500,4,1.5248371473997333,3.0979695514544368,0.0019485144723903058,True
2022-05-16,daily_uci,r_uci,500,4,1.526265797829217,3.1072892318531644,0.0018881156921572995,True
2022-05-17,daily_uci,r_uci,500,4,1.5298134273599016,3.128505495490859,0.0017569772542078699,True
2022-05-18,daily_uci,r_uci,500,4,1.5324828191027966,3.15588715642936,0.0016001075253715413,True
2022-05-19,daily_uci,r_uci,500,4,1.5306310909393572,3.148127981839466,0.0016431973311210601,True
2022-05-20,daily_uci,r_uci,500,4,1.5202726084050107,3.106541072437363,0.0018929001085230546,True
2022-05-23,daily_uci,r_uci,500,4,1.5205132265343788,3.108123665305949,0.0018827926647224658,True
2022-05-24,daily_uci,r_uci,500,4,1.3929409233767738,2.5384704171740284,0.011133821535228572,True
2022-05-25,daily_uci,r_uci,500,4,1.3884692307002156,2.4523168772778576,0.014193960517289606,True
2022-05-26,daily_uci,r_uci,500,4,1.4004449125347196,2.525105719601299,0.011566348857604769,True
2022-05-27,daily_uci,r_uci,500,4,1.1871406582429433,1.2714752405341911,0.2035596302965137,False
2022-05-30,daily_uci,r_uci,500,4,1.239174398861727,1.611756834643693,0.1070148646468958,False
2022-05-31,daily_uci,r_uci,500,4,1.123930518795765,0.6921834312947034,0.4888221423979511,False
2022-06-01,daily_uci,r_uci,500,4,1.1198023897041078,0.6547403766800372,0.5126349243461568,False
2022-06-02,daily_uci,r_uci,500,4,1.0813691729863901,0.4357077440799497,0.6630487863789742,False
2022-06-03,daily_uci,r_uci,500,4,1.0815864248019642,0.4368032436639938,0.6622540464257827,False
2022-06-06,daily_uci,r_uci,500,4,1.1018429269373236,0.5455163516546401,0.5853984374984103,False
2022-06-07,daily_uci,r_uci,500,4,1.115241282952364,0.6189059591686439,0.5359783125230171,False
2022-06-08,daily_uci,r_uci,500,4,1.116798414506264,0.6274689659321682,0.5303518728465137,False
2022-06-09,daily_uci,r_uci,500,4,1.1140067614331464,0.6140264577667852,0.5391978437977576,False
2022-06-10,daily_uci,r_uci,500,4,1.112592812106115,0.6070627070350428,0.5438092980526767,False
2022-06-13,daily_uci,r_uci,500,4,1.110770861189051,0.5983644972874582,0.5495967494719913,False
2022-06-14,daily_uci,r_uci,500,4,1.1115476769180763,0.6025492709442095,0.546808576412418,False
2022-06-15,daily_uci,r_uci,500,4,1.1115591608584563,0.602610814252472,0.5467676245037163,False
2022-06-16,daily_uci,r_uci,500,4,1.1098383140665276,0.594141985688482,0.5524171511708755,False
2022-06-17,daily_uci,r_uci,500,4,1.1105560275091255,0.5980158515104002,0.5498293562414409,False
2022-06-20,daily_uci,r_uci,500,4,1.111079852816101,0.6008934300676733,0.5479109693831745,False
2022-06-21,daily_uci,r_uci,500,4,1.1098375241851441,0.5963285254529955,0.5509557783355661,False
2022-06-22,daily_uci,r_uci,500,4,1.0915757575577827,0.5050066111253846,0.6135541925706769,False
2022-06-23,daily_uci,r_uci,500,4,1.0920386161488014,0.5073059880890133,0.6119401376700282,False
2022-06-24,daily_uci,r_uci,500,4,1.0927744351349813,0.5113390366866954,0.6091136749702069,False
2022-06-27,daily_uci,r_uci,500,4,1.0955348318238076,0.5265581785985477,0.5985004406972747,False
2022-06-28,daily_uci,r_uci,500,4,1.0951015277581535,0.5247031432690997,0.5997895718792625,False
2022-06-29,daily_uci,r_uci,500,4,1.0956279221863048,0.5276348375649673,0.5977528084390831,False
2022-06-30,daily_uci,r_uci,500,4,1.096548308244867,0.5329339657077021,0.594079292082397,False
2022-07-01,daily_uci,r_uci,500,4,1.0969926513894857,0.5355629795299028,0.5922606201456504,False
2022-07-04,daily_uci,r_uci,500,4,1.09648346581598,0.5330324941291538,0.5940110870647559,False
2022-07-05,daily_uci,r_uci,500,4,1.0965164102727283,0.5332840510753487,0.5938369662904264,False
2022-07-06,daily_uci,r_uci,500,4,1.0971734451056183,0.5369322065644152,0.5913144432901833,False
2022-07-07,daily_uci,r_uci,500,4,1.0757758682114478,0.4280380788421808,0.6686233972525495,False
2022-07-08,daily_uci,r_uci,500,4,1.0665229904515459,0.37657891788261155,0.706486557394209,False
2022-07-13,daily_uci,r_uci,500,4,1.0230089737925827,0.13243953295865493,0.8946366472815637,False
2022-07-14,daily_uci,r_uci,500,4,1.0289173640213065,0.16642051800728966,0.8678260280666499,False
2022-07-15,daily_uci,r_uci,500,4,1.0519708994411348,0.29908669358533735,0.7648738988485575,False
2022-07-16,daily_uci,r_uci,500,4,1.0628094015166882,0.3614590352819751,0.7177563229206942,False
2022-07-18,daily_uci,r_uci,500,4,1.0628462502619052,0.3616672268488707,0.7176007206278017,False
2022-07-19,daily_uci,r_uci,500,4,1.0623374452836605,0.3589856330137427,0.7196058371019798,False
2022-07-20,daily_uci,r_uci,500,4,1.0624190066986332,0.3595071731527966,0.7192157126139125,False
2022-07-21,daily_uci,r_uci,500,4,1.0166903237519636,0.10127260350886967,0.9193340635935949,False
2022-07-22,daily_uci,r_uci,500,4,1.0265794058905897,0.16126824435353385,0.8718821331892812,False
2022-07-25,daily_uci,r_uci,500,4,1.0389109323862578,0.23608998040397827,0.813362848677601,False
2022-07-26,daily_uci,r_uci,500,4,1.0450405646673468,0.27381542287020877,0.7842264706918338,False
2022-07-27,daily_uci,r_uci,500,4,1.0458753365157913,0.278816906948574,0.780385338913095,False
2022-07-28,daily_uci,r_uci,500,4,1.045615160486243,0.2773192022853593,0.7815350162785271,False
2022-07-29,daily_uci,r_uci,500,4,1.0457488708947904,0.278130364427059,0.7809122875123757,False
2022-08-01,daily_uci,r_uci,500,4,1.0443504715523655,0.2700485918773682,0.7871228708874314,False
2022-08-02,daily_uci,r_uci,500,4,1.0437397550382936,0.2664595976723734,0.7898852713018045,False
2022-08-03,daily_uci,r_uci,500,4,1.0407543490286164,0.24903764129708997,0.8033316649077713,False
2022-08-04,daily_uci,r_uci,500,4,1.041266328784679,0.25217455995523796,0.800906140981051,False
2022-08-05,daily_uci,r_uci,500,4,1.0417443788867817,0.255228364091837,0.79854672496116,False
2022-08-08,daily_uci,r_uci,500,4,1.040398761902319,0.24774155078606136,0.8043343809096568,False
2022-08-09,daily_uci,r_uci,500,4,1.0407091903685706,0.24963644460664414,0.802868511963676,False
2022-08-10,daily_uci,r_uci,500,4,1.0398680444721229,0.2451216150972204,0.8063622669426755,False
2022-08-11,daily_uci,r_uci,500,4,1.0275885319511615,0.17144457586364478,0.8638742071350003,False
2022-08-12,daily_uci,r_uci,500,4,1.0272276830295157,0.16944746101786978,0.8654446947050614,False
2022-08-15,daily_uci,r_uci,500,4,1.0302216033070248,0.18806585186660857,0.8508250296814017,False
2022-08-16,daily_uci,r_uci,500,4,1.0366995047213863,0.2283736028130775,0.8193558091609006,False
2022-08-17,daily_uci,r_uci,500,4,1.0223994085281798,0.1413736440423228,0.887574774141475,False
2022-08-18,daily_uci,r_uci,500,4,1.02232067753013,0.1409852582314169,0.8878815882412754,False
2022-08-19,daily_uci,r_uci,500,4,1.0232973541595463,0.14716662893770852,0.8830005000081351,False
2022-08-22,daily_uci,r_uci,500,4,1.017524572644579,0.11129599510299278,0.911381631121807,False
2022-08-23,daily_uci,r_uci,500,4,1.022847119569716,0.1456218672059671,0.8842199044676728,False
2022-08-24,daily_uci,r_uci,500,4,1.0306803136511438,0.19624860326180274,0.8444155877121216,False
2022-08-25,daily_uci,r_uci,500,4,1.0320819651527458,0.20568196819857962,0.8370393446974214,False
2022-08-26,daily_uci,r_uci,500,4,1.0326670998792202,0.21004073922940258,0.8336358768643906,False
2022-08-29,daily_uci,r_uci,500,4,0.9823130750280437,-0.12062122245031909,0.9039910584931465,False
2022-08-30,daily_uci,r_uci,500,4,1.006543305841206,0.04431998993302291,0.9646493376670626,False
2022-08-31,daily_uci,r_uci,500,4,1.045494634970869,0.3081462095464455,0.7579710806644895,False
2022-09-05,daily_uci,r_uci,500,4,1.0821211534353317,0.5577724324156722,0.5769997896032515,False
2022-09-06,daily_uci,r_uci,500,4,1.087943354507916,0.5984583979051259,0.5495341098835815,False
2022-09-07,daily_uci,r_uci,500,4,1.0937590086059301,0.6387933301432618,0.5229573878613651,False
2022-09-08,daily_uci,r_uci,500,4,1.099355773364972,0.6767617102002476,0.4985571557145092,False
2022-09-09,daily_uci,r_uci,500,4,1.100670636813658,0.6872846739571267,0.4919033548100993,False
2022-09-12,daily_uci,r_uci,500,4,1.1019721322560518,0.6973058028635897,0.4856114373017899,False
2022-09-13,daily_uci,r_uci,500,4,1.1037144849726872,0.7099377785148804,0.47774272185504474,False
2022-09-14,daily_uci,r_uci,500,4,1.1070904029175492,0.7330402708779126,0.4635338679491685,False
2022-09-15,daily_uci,r_uci,500,4,1.108218820920804,0.7407575228168424,0.45884047457168675,False
2022-09-16,daily_uci,r_uci,500,4,1.1082629586623285,0.7415874319933707,0.45833734054828446,False
2022-09-19,daily_uci,r_uci,500,4,1.1073247384129588,0.7366333549578675,0.46134534527543636,False
2022-09-20,daily_uci,r_uci,500,4,1.0799090408200733,0.5612439495634244,0.5746312458615956,False
2022-09-21,daily_uci,r_uci,500,4,1.0818166475355546,0.5746654153260331,0.5655176016911148,False
2022-09-22,daily_uci,r_uci,500,4,1.028044963736126,0.20079231207291023,0.8408609745851741,False
2022-09-23,daily_uci,r_uci,500,4,1.0299316318635834,0.21408447934116115,0.8304811789112203,False
2022-09-26,daily_uci,r_uci,500,4,0.9982367378609692,-0.012446169957545624,0.9900696495307837,False
2022-09-27,daily_uci,r_uci,500,4,0.9995173929219798,-0.0034065767107280113,0.997281950294375,False
2022-09-28,daily_uci,r_uci,500,4,1.0048137423440744,0.03397909017075059,0.9728938246978192,False
2022-09-29,daily_uci,r_uci,500,4,0.9921802262544801,-0.05582266378023046,0.9554830800068843,False
2022-09-30,daily_uci,r_uci,500,4,0.9724934313007196,-0.19714766838177125,0.8437119813855678,False
2022-10-03,daily_uci,r_uci,500,4,0.972599188903884,-0.19638555784237086,0.8443083993381812,False
2022-10-04,daily_uci,r_uci,500,4,0.9525546138403803,-0.3438657320772115,0.7309472639195547,False
2022-10-05,daily_uci,r_uci,500,4,0.9523011497127363,-0.3454619659929343,0.7297470989506767,False
2022-10-06,daily_uci,r_uci,500,4,0.9579879312899132,-0.304364050609598,0.7608505528222118,False
2022-10-07,daily_uci,r_uci,500,4,0.9627126800426434,-0.2701639315372871,0.787034139712695,False
2022-10-10,daily_uci,r_uci,500,4,0.962535775924678,-0.27150099950474815,0.786005731071677,False
2022-10-11,daily_uci,r_uci,500,4,0.9627709377432665,-0.2698209230193317,0.7872980253897672,False
2022-10-12,daily_uci,r_uci,500,4,0.9628234629943019,-0.26944301637927237,0.7875887874073064,False
2022-10-13,daily_uci,r_uci,500,4,0.9624223222408181,-0.2724273157019335,0.7852934717900293,False
2022-10-14,daily_uci,r_uci,500,4,0.9555838183345362,-0.32505649861011027,0.7451383116969517,False
2022-10-17,daily_uci,r_uci,500,4,0.9597670833921799,-0.29441341210817207,0.7684420194580939,False
2022-10-18,daily_uci,r_uci,500,4,0.9558500571889342,-0.32439156094320326,0.7456416080085935,False
2022-10-19,daily_uci,r_uci,500,4,0.952617656998154,-0.34898666991032884,0.7270993170621516,False
2022-10-20,daily_uci,r_uci,500,4,0.9564063326412409,-0.321065056238054,0.7481610906221658,False
2022-10-21,daily_uci,r_uci,500,4,0.9542037758633366,-0.3381867216885339,0.7352224815394726,False
2022-10-24,daily_uci,r_uci,500,4,0.9507545632342541,-0.3651681882212231,0.7149858631411341,False
2022-10-25,daily_uci,r_uci,500,4,0.9507611605011947,-0.3651059017530549,0.715032355608821,False
2022-10-26,daily_uci,r_uci,500,4,0.9505891099393697,-0.3663970902749875,0.7140687906388576,False
2022-10-27,daily_uci,r_uci,500,4,0.9519665057592787,-0.35619466157384877,0.7216947895706078,False
2022-10-28,daily_uci,r_uci,500,4,0.9517326150051876,-0.357966610437602,0.7203683010551964,False
2022-10-31,daily_uci,r_uci,500,4,0.945549380878189,-0.40735463102177794,0.6837475436823977,False
2022-11-01,daily_uci,r_uci,500,4,0.9422630837120243,-0.4327589389215299,0.6651899065001063,False
2022-11-02,daily_uci,r_uci,500,4,0.9430106725534526,-0.4271369810049339,0.6692795587284548,False
2022-11-03,daily_uci,r_uci,500,4,0.9435877060615712,-0.42281176333085196,0.6724326044093696,False
2022-11-04,daily_uci,r_uci,500,4,0.9441610021306808,-0.4185131820149825,0.6755719507216646,False
2022-11-07,daily_uci,r_uci,500,4,0.9422274092603975,-0.4343941231578904,0.6640022646131456,False
2022-11-08,daily_uci,r_uci,500,4,0.9337505796106285,-0.5019490908418798,0.6157033322350156,False
2022-11-09,daily_uci,r_uci,500,4,0.9338964257949167,-0.5008303657592719,0.6164905128934093,False
2022-11-10,daily_uci,r_uci,500,4,0.933171003584492,-0.5065189464550495,0.6124923925355223,False
2022-11-11,daily_uci,r_uci,500,4,0.930530432013663,-0.5313366197787032,0.5951855333723304,False
2022-11-14,daily_uci,r_uci,500,4,0.9313189193341246,-0.5252612082379512,0.5994016201655197,False
2022-11-15,daily_uci,r_uci,500,4,0.9315183640284561,-0.5238059847219159,0.6004134904088292,False
2022-11-16,daily_uci,r_uci,500,4,0.91680661781412,-0.6454917672549954,0.5186085517244561,False
2022-11-17,daily_uci,r_uci,500,4,0.8977786936737605,-0.7917404143310408,0.4285120521429815,False
2022-11-18,daily_uci,r_uci,500,4,0.8941783030202556,-0.8145680086534505,0.4153196287645897,False
2022-11-21,daily_uci,r_uci,500,4,0.8953891233999486,-0.8050317741960046,0.4208013443091172,False
2022-11-22,daily_uci,r_uci,500,4,0.8958109355630082,-0.8038038640573467,0.42151025782619667,False
2022-11-23,daily_uci,r_uci,500,4,0.896029855911296,-0.8021126799813283,0.4224877808164267,False
2022-11-24,daily_uci,r_uci,500,4,0.896351662376708,-0.7996196731538364,0.42393118563688503,False
2022-11-25,daily_uci,r_uci,500,4,0.8967469263892275,-0.7965304897120097,0.42572376108367105,False
2022-11-28,daily_uci,r_uci,500,4,0.8939439291094509,-0.8217708180504671,0.41120734521586555,False
2022-11-29,daily_uci,r_uci,500,4,0.8937180885260506,-0.8240981768988952,0.4098837759666265,False
2022-11-30,daily_uci,r_uci,500,4,0.8942912974962544,-0.8196798282874334,0.4123986522883123,False
2022-12-01,daily_uci,r_uci,500,4,0.8949956630907718,-0.8140488905489844,0.41561694339415833,False
2022-12-02,daily_uci,r_uci,500,4,0.8944744546422251,-0.8183521541249467,0.413156133676178,False
2022-12-05,daily_uci,r_uci,500,4,0.8941242605822686,-0.8215174548261865,0.41135158588692233,False
2022-12-06,daily_uci,r_uci,500,4,0.8940723225003517,-0.8220457650496299,0.4110508507926016,False
2022-12-07,daily_uci,r_uci,500,4,0.8940391632415612,-0.8223194572989116,0.41089510567326837,False
2022-12-09,daily_uci,r_uci,500,4,0.8931746846917096,-0.8296235752016745,0.4067516433283176,False
2022-12-12,daily_uci,r_uci,500,4,0.8930416077199297,-0.8309295990580121,0.4060134013933032,False
2022-12-13,daily_uci,r_uci,500,4,0.8931156904066397,-0.830639367855012,0.40617738805187775,False
2022-12-14,daily_uci,r_uci,500,4,0.893637420758608,-0.8265921583085258,0.4084682634967076,False
2022-12-15,daily_uci,r_uci,500,4,0.8937287235456802,-0.8258379184482918,0.40889604109460764,False
2022-12-16,daily_uci,r_uci,500,4,0.8942022925095314,-0.822232176966854,0.4109447689138621,False
2022-12-19,daily_uci,r_uci,500,4,0.8941621407077978,-0.8226833472812509,0.4106880876325252,False
2022-12-20,daily_uci,r_uci,500,4,0.8939776681987832,-0.8244467834954344,0.4096857416878623,False
2022-12-21,daily_uci,r_uci,500,4,0.892968864933341,-0.8333650773339051,0.4046388641425498,False
2022-12-22,daily_uci,r_uci,500,4,0.8927038457631264,-0.835484081676246,0.403445205918342,False
2022-12-23,daily_uci,r_uci,500,4,0.889943848393275,-0.8602160830772062,0.38966994069335903,False
2022-12-26,daily_uci,r_uci,500,4,0.8904858123907539,-0.8558340421554672,0.39208958249166725,False
2022-12-27,daily_uci,r_uci,500,4,0.8922188794257775,-0.8421460777125723,0.39970619216215564,False
2022-12-28,daily_uci,r_uci,500,4,0.8934864133079127,-0.8321874287848291,0.4053031585660438,False
2022-12-29,daily_uci,r_uci,500,4,0.8934907093710139,-0.8321534064702758,0.40532235974085173,False
2022-12-30,daily_uci,r_uci,500,4,0.8936239458468036,-0.8309740948895372,0.4059882638199661,False
2023-01-04,daily_uci,r_uci,500,4,0.8937076022322507,-0.8303635523614797,0.4063332661764587,False
2023-01-05,daily_uci,r_uci,500,4,0.8931108725619815,-0.8358735701239927,0.40322603249560074,False
2023-01-06,daily_uci,r_uci,500,4,0.8937021938570874,-0.8313100694469998,0.40579848761662163,False
2023-01-07,daily_uci,r_uci,500,4,0.8331614103074235,-1.4460850174053723,0.14815335751579295,False
2023-01-09,daily_uci,r_uci,500,4,0.8664905836616906,-1.1569972862388407,0.2472734690849876,False
2023-01-10,daily_uci,r_uci,500,4,0.8945853170826948,-0.9134812119970458,0.36098951045236394,False
2023-01-11,daily_uci,r_uci,500,4,0.9062897349160132,-0.8123972075387539,0.41656374805310126,False
2023-01-12,daily_uci,r_uci,500,4,0.8650615474332339,-1.231253523380088,0.21822805871425688,False
2023-01-13,daily_uci,r_uci,500,4,0.8956570223967175,-0.952011000142723,0.3410914031592118,False
2023-01-16,daily_uci,r_uci,500,4,0.917670990410226,-0.7474723808767486,0.4547784684504834,False
2023-01-17,daily_uci,r_uci,500,4,0.9376925801558628,-0.5660785232453942,0.5713404022794062,False
2023-01-18,daily_uci,r_uci,500,4,0.9384548921887758,-0.5591952836850677,0.5760284515541292,False
2023-01-19,daily_uci,r_uci,500,4,0.9387790387856526,-0.5560591487324733,0.5781704204348201,False
2023-01-20,daily_uci,r_uci,500,4,0.9409924340449352,-0.5362422320027784,0.5917911495248829,False
2023-01-23,daily_uci,r_uci,500,4,0.9269678703654164,-0.6752072735637763,0.4995440861373386,False
2023-01-24,daily_uci,r_uci,500,4,0.9204921068420955,-0.7309851115915806,0.46478824695261123,False
2023-01-25,daily_uci,r_uci,500,4,0.9201064161542652,-0.7345060658998277,0.4626403645615098,False
2023-01-26,daily_uci,r_uci,500,4,0.9204085281339978,-0.7317187002288311,0.4643402800894223,False
2023-01-27,daily_uci,r_uci,500,4,0.9218312160228633,-0.7187000219356171,0.4723257698019796,False
2023-01-30,daily_uci,r_uci,500,4,0.9218069142270904,-0.7189229050499272,0.47218842271970773,False
2023-01-31,daily_uci,r_uci,500,4,0.9220973489157698,-0.716413558762162,0.4737360252064442,False
2023-02-01,daily_uci,r_uci,500,4,0.9223868565505499,-0.7140370564295218,0.4752042656559401,False
2023-02-02,daily_uci,r_uci,500,4,0.9231314425628583,-0.7072930585462016,0.4793843783407219,False
2023-02-03,daily_uci,r_uci,500,4,0.9235094178817655,-0.7037848884116781,0.481566745936568,False
2023-02-06,daily_uci,r_uci,500,4,0.9237672336166166,-0.7011597321360403,0.48320333666900916,False
2023-02-07,daily_uci,r_uci,500,4,0.9232128159339001,-0.706461697312095,0.4799010642775916,False
2023-02-08,daily_uci,r_uci,500,4,0.9230216441924907,-0.7079273199556663,0.4789903929866326,False
2023-02-09,daily_uci,r_uci,500,4,0.9223540997206667,-0.7142816320841319,0.47505304780047086,False
2023-02-10,daily_uci,r_uci,500,4,0.9223294133055007,-0.7145033255497357,0.47491600051967353,False
2023-02-13,daily_uci,r_uci,500,4,0.9221690427770733,-0.7159114157792886,0.4740460490451981,False
2023-02-14,daily_uci,r_uci,500,4,0.921876216288897,-0.7185315057103094,0.47242962902699404,False
2023-02-15,daily_uci,r_uci,500,4,0.9213464055706989,-0.7233199263449929,0.4694833533799805,False
2023-02-16,daily_uci,r_uci,500,4,0.919748597448648,-0.7380285127874974,0.4604971227743795,False
2023-02-17,daily_uci,r_uci,500,4,0.9170547564541022,-0.7627770681637932,0.4455963594389667,False
2023-02-20,daily_uci,r_uci,500,4,0.8889535109884508,-1.0570977620342321,0.29046697249274445,False
2023-02-21,daily_uci,r_uci,500,4,0.8911948664448403,-1.0342716238719603,0.3010091986096666,False
2023-02-22,daily_uci,r_uci,500,4,0.8929916200739847,-1.0164752867515294,0.3094031100990544,False
2023-02-23,daily_uci,r_uci,500,4,0.8949963797980147,-0.9969761009172176,0.3187761105354039,False
2023-02-24,daily_uci,r_uci,500,4,0.8861312412851969,-1.080914747317844,0.27973503799925936,False
2023-02-27,daily_uci,r_uci,500,4,0.8731040108706517,-1.2034985903662314,0.22878343653293975,False
2023-02-28,daily_uci,r_uci,500,4,0.8568236470772135,-1.3578730719486043,0.17450396327709772,False
2023-03-01,daily_uci,r_uci,500,4,0.8362995397854271,-1.5607175868272998,0.11859039984657738,False
2023-03-02,daily_uci,r_uci,500,4,0.8304121636237307,-1.6154459804528323,0.10621414968753662,False
2023-03-03,daily_uci,r_uci,500,4,0.8262186280089802,-1.6523821301022497,0.09845667606926001,False
2023-03-06,daily_uci,r_uci,500,4,0.8303646465873432,-1.6084979677287892,0.10772616093969378,False
2023-03-07,daily_uci,r_uci,500,4,0.8265270561583317,-1.6449888195875384,0.09997211674223982,False
2023-03-09,daily_uci,r_uci,500,4,0.8246141654720366,-1.6663543347091805,0.09564286049992643,False
2023-03-10,daily_uci,r_uci,500,4,0.8247465886737814,-1.6604279580158625,0.09682838962437113,False
2023-03-11,daily_uci,r_uci,500,4,0.8312919527653826,-1.5856654191717443,0.11281522760758156,False
2023-03-13,daily_uci,r_uci,500,4,0.8314617098491064,-1.5840633571151572,0.1131793019588303,False
2023-03-14,daily_uci,r_uci,500,4,0.8301384972514828,-1.5965603901969943,0.11036373419806211,False
2023-03-15,daily_uci,r_uci,500,4,0.8312161740595467,-1.5861698667862179,0.11270078135807582,False
2023-03-16,daily_uci,r_uci,500,4,0.8341643234139697,-1.551683421856845,0.12073799133344432,False
2023-03-17,daily_uci,r_uci,500,4,0.8375706273255766,-1.5133512131384115,0.13019047039072862,False
2023-03-23,daily_uci,r_uci,500,4,0.8373113566924072,-1.5160992499699644,0.12949425794812908,False
2023-03-24,daily_uci,r_uci,500,4,0.8388980993381415,-1.4995952324999131,0.1337192833977332,False
2023-03-25,daily_uci,r_uci,500,4,0.8365183802649189,-1.5218224168023249,0.12805358299824454,False
2023-03-27,daily_uci,r_uci,500,4,0.8399387634141111,-1.4847016102290647,0.13762288499419295,False
2023-03-28,daily_uci,r_uci,500,4,0.8415093464595149,-1.4694225330955533,0.14171821927276973,False
2023-03-29,daily_uci,r_uci,500,4,0.8430560051773697,-1.4483426466000064,0.14752124623570428,False
2023-03-30,daily_uci,r_uci,500,4,0.8438661682329631,-1.4399343943739646,0.1498859610845784,False
2023-03-31,daily_uci,r_uci,500,4,0.8403726655698579,-1.4722988766330927,0.14094018653449547,False
2023-04-03,daily_uci,r_uci,500,4,0.8399686298028911,-1.4697310619092638,0.14163460653213256,False
2023-04-04,daily_uci,r_uci,500,4,0.8371054184711406,-1.4960368397237171,0.13464405530365742,False
2023-04-05,daily_uci,r_uci,500,4,0.8343096092166593,-1.5166328246114753,0.12935941312576738,False
2023-04-06,daily_uci,r_uci,500,4,0.8315092328508267,-1.5418828431468676,0.12310206586533479,False
2023-04-07,daily_uci,r_uci,500,4,0.8320906357943144,-1.5323096617546015,0.12544603801525533,False
2023-04-10,daily_uci,r_uci,500,4,0.8327347038442928,-1.5246508580506222,0.12734620497886473,False
2023-04-11,daily_uci,r_uci,500,4,0.8327807560680107,-1.5237315828056617,0.1275757765500951,False
2023-04-12,daily_uci,r_uci,500,4,0.8328629216020493,-1.5229480936860957,0.12777169210507977,False
2023-04-13,daily_uci,r_uci,500,4,0.8347299629771882,-1.503447853230303,0.13272359450082782,False
2023-04-14,daily_uci,r_uci,500,4,0.8356019040945818,-1.493536685443865,0.13529675879646286,False
2023-04-17,daily_uci,r_uci,500,4,0.8355933502946449,-1.4934842574015037,0.1353104720597973,False
2023-04-18,daily_uci,r_uci,500,4,0.8262170265819877,-1.603059202125069,0.1089215841636959,False
2023-04-19,daily_uci,r_uci,500,4,0.8275949620809963,-1.5899203041998657,0.11185277028098373,False
2023-04-20,daily_uci,r_uci,500,4,0.8306723658400392,-1.559368973795485,0.11890907529992023,False
2023-04-25,daily_uci,r_uci,500,4,0.8343887880201463,-1.5250202648570264,0.12725404320878897,False
2023-04-26,daily_uci,r_uci,500,4,0.8343418253573849,-1.5252270834103212,0.127202467572618,False
2023-04-27,daily_uci,r_uci,500,4,0.8349605567851007,-1.519005801805534,0.12876103560207808,False
2023-04-28,daily_uci,r_uci,500,4,0.8345462132389665,-1.5227185747890501,0.12782912879719155,False
2023-05-01,daily_uci,r_uci,500,4,0.8334657318910788,-1.532692195214017,0.1253517131127062,False
2023-05-02,daily_uci,r_uci,500,4,0.8332167409957978,-1.5346712047803068,0.12486461241701052,False
2023-05-03,daily_uci,r_uci,500,4,0.8338362726590357,-1.5284180643548946,0.12640877255337157,False
2023-05-04,daily_uci,r_uci,500,4,0.8340433122892138,-1.5264256926381654,0.1269038831157152,False
2023-05-05,daily_uci,r_uci,500,4,0.8338630341120947,-1.528573493211152,0.12637021133420157,False
2023-05-08,daily_uci,r_uci,500,4,0.8343310357027053,-1.5229215230523394,0.1277783403310251,False
2023-05-10,daily_uci,r_uci,500,4,0.831903714008675,-1.5499265461561185,0.12115914725257548,False
2023-05-11,daily_uci,r_uci,500,4,0.8328512628063177,-1.5411662501858978,0.12327632922126952,False
2023-05-12,daily_uci,r_uci,500,4,0.834675880265073,-1.5243290547159354,0.1274265326723374,False
2023-05-15,daily_uci,r_uci,500,4,0.8367401920668444,-1.5055313819869978,0.13218751491877745,False
2023-05-16,daily_uci,r_uci,500,4,0.8376362637736713,-1.4956687637184614,0.13473999408608317,False
2023-05-17,daily_uci,r_uci,500,4,0.8373344358854399,-1.4984304724012696,0.13402144421188056,False
2023-05-18,daily_uci,r_uci,500,4,0.8376103803042728,-1.4957427689367297,0.13472070042914597,False
2023-05-19,daily_uci,r_uci,500,4,0.8367196103120539,-1.5041049561673285,0.13255434438164815,False
2023-05-22,daily_uci,r_uci,500,4,0.8405724509503277,-1.4592526417046825,0.1444955847942455,False
2023-05-23,daily_uci,r_uci,500,4,0.8412693921949012,-1.4518376410522744,0.14654675496290914,False
2023-05-24,daily_uci,r_uci,500,4,0.8414361344116048,-1.4495632616196166,0.14718034714590877,False
2023-05-25,daily_uci,r_uci,500,4,0.8415288285013088,-1.4482802170779763,0.1475386980553115,False
2023-05-26,daily_uci,r_uci,500,4,0.8421143325532195,-1.4425589905951945,0.1491447427096082,False
2023-05-29,daily_uci,r_uci,500,4,0.8422469156290154,-1.4409827105219375,0.14958956734750473,False
2023-05-30,daily_uci,r_uci,500,4,0.8428069270321494,-1.4348108868305662,0.1513409947395823,False
2023-05-31,daily_uci,r_uci,500,4,0.8427904888447633,-1.435386346159464,0.15117703462455268,False
2023-06-01,daily_uci,r_uci,500,4,0.8425390900160492,-1.4376804501214029,0.15052474257242965,False
2023-06-02,daily_uci,r_uci,500,4,0.8418086265719394,-1.4438657250905025,0.1487767495603214,False
2023-06-05,daily_uci,r_uci,500,4,0.8411903090662114,-1.449165186879653,0.14729145707949476,False
2023-06-06,daily_uci,r_uci,500,4,0.8412298762840883,-1.4483815182055353,0.14751038069546207,False
2023-06-07,daily_uci,r_uci,500,4,0.8414578485336639,-1.445546329818977,0.14830448941576813,False
2023-06-08,daily_uci,r_uci,500,4,0.841519913232331,-1.4449498151535618,0.1484719824049896,False
2023-06-09,daily_uci,r_uci,500,4,0.841864724485913,-1.4413764712588382,0.14947835373312435,False
2023-06-12,daily_uci,r_uci,500,4,0.8417989591849874,-1.4419396642111353,0.14931939542408101,False
2023-06-13,daily_uci,r_uci,500,4,0.8417875887670033,-1.4418976723432047,0.1493312429599607,False
2023-06-14,daily_uci,r_uci,500,4,0.8417897036853655,-1.442057413633158,0.14928617756753115,False
2023-06-15,daily_uci,r_uci,500,4,0.8414043553072358,-1.4464236991213446,0.14805839867018777,False
2023-06-16,daily_uci,r_uci,500,4,0.8415345867539988,-1.4453936320091063,0.14834735107855113,False
2023-06-19,daily_uci,r_uci,500,4,0.8416251143795058,-1.4445512244956429,0.14858398158977404,False
2023-06-20,daily_uci,r_uci,500,4,0.8417697027713283,-1.443249529019975,0.1489501917880225,False
2023-06-21,daily_uci,r_uci,500,4,0.8416202383106225,-1.444540203234011,0.14858707934822757,False
2023-06-22,daily_uci,r_uci,500,4,0.841609087937911,-1.4447532360653774,0.14852721070583175,False
2023-06-23,daily_uci,r_uci,500,4,0.8415525018625231,-1.445434708526923,0.14833582013458702,False
2023-06-26,daily_uci,r_uci,500,4,0.8415193674461902,-1.4456336334966742,0.14827998787413832,False
2023-06-27,daily_uci,r_uci,500,4,0.8405573009107872,-1.4559464536015851,0.14540742258491535,False
2023-07-03,daily_uci,r_uci,500,4,0.8408805430226208,-1.4530617148283043,0.14620661968354987,False
2023-07-04,daily_uci,r_uci,500,4,0.8410780911630187,-1.4516789189145949,0.1465909036287787,False
2023-07-05,daily_uci,r_uci,500,4,0.8413291877918753,-1.4491083216011147,0.14730733445095767,False
2023-07-06,daily_uci,r_uci,500,4,0.8413185721875917,-1.4492042440776312,0.14728055266546436,False
2023-07-07,daily_uci,r_uci,500,4,0.8411664817646999,-1.4504473128183526,0.1469338215082363,False
2023-07-10,daily_uci,r_uci,500,4,0.8394173817231244,-1.466403251881572,0.14253846095350342,False
2023-07-11,daily_uci,r_uci,500,4,0.8363555334052882,-1.4942895312273021,0.13509996019213366,False
2023-07-12,daily_uci,r_uci,500,4,0.8316695070199049,-1.5368521564204323,0.12432951782460244,False
2023-07-13,daily_uci,r_uci,500,4,0.8356495771375425,-1.4867333309474435,0.1370852558435962,False
2023-07-14,daily_uci,r_uci,500,4,0.8360105720082962,-1.4829125250608013,0.13809765324390466,False
2023-07-17,daily_uci,r_uci,500,4,0.836276646233025,-1.4803174485111863,0.13878854888900194,False
2023-07-18,daily_uci,r_uci,500,4,0.834572307495488,-1.50079850477708,0.13340768554507298,False
2023-07-19,daily_uci,r_uci,500,4,0.8354269593386904,-1.4955197818400614,0.13477884113881533,False
2023-07-20,daily_uci,r_uci,500,4,0.8383581339714222,-1.4693300488712884,0.14174329031256527,False
2023-07-21,daily_uci,r_uci,500,4,0.8419633611472334,-1.436097598145779,0.1509745714648556,False
2023-07-24,daily_uci,r_uci,500,4,0.8425065986526643,-1.4312093610658774,0.15237022148558665,False
2023-07-25,daily_uci,r_uci,500,4,0.8425153284024623,-1.4313570607703583,0.15232790807706698,False
2023-07-26,daily_uci,r_uci,500,4,0.8420198100087212,-1.437065421354079,0.15069940536733073,False
2023-07-27,daily_uci,r_uci,500,4,0.8429678558384888,-1.4261539350382746,0.15382391309373533,False
2023-07-28,daily_uci,r_uci,500,4,0.8434850634323006,-1.42104323078533,0.1553041919927567,False
2023-07-31,daily_uci,r_uci,500,4,0.8428252655354082,-1.4285488532006987,0.15313394370448807,False
2023-08-01,daily_uci,r_uci,500,4,0.843895372638122,-1.4188131798054768,0.155953489180922,False
2023-08-02,daily_uci,r_uci,500,4,0.8442228762482571,-1.4156821339671377,0.15686859157054722,False
2023-08-03,daily_uci,r_uci,500,4,0.8454255006698101,-1.40339006519459,0.16050055390745888,False
2023-08-04,daily_uci,r_uci,500,4,0.8455228396441856,-1.4024309322064918,0.16078660186766047,False
2023-08-07,daily_uci,r_uci,500,4,0.8447850625883081,-1.4110195049033147,0.1582388628677882,False
2023-08-08,daily_uci,r_uci,500,4,0.8442947063549231,-1.4156943253268268,0.15686502055670748,False
2023-08-09,daily_uci,r_uci,500,4,0.844253815437019,-1.4161202095786003,0.15674031198863192,False
2023-08-10,daily_uci,r_uci,500,4,0.8435777521429415,-1.4227726948467658,0.15480205925842472,False
2023-08-11,daily_uci,r_uci,500,4,0.8436220650357678,-1.423076886778233,0.15471386780777996,False
2023-08-14,daily_uci,r_uci,500,4,0.8434588109863758,-1.4246957229651762,0.15424517600201582,False
2023-08-15,daily_uci,r_uci,500,4,0.8452604476472101,-1.4051171626586576,0.15998644137611429,False
2023-08-16,daily_uci,r_uci,500,4,0.8451163497504973,-1.4061218113700489,0.15968795662820723,False
2023-08-17,daily_uci,r_uci,500,4,0.8445793210370562,-1.4123455543769867,0.15784823927486658,False
2023-08-18,daily_uci,r_uci,500,4,0.844467908670956,-1.4134541531195486,0.15752223261743103,False
2023-08-21,daily_uci,r_uci,500,4,0.8427555644359233,-1.4317084818687895,0.15222726797268904,False
2023-08-22,daily_uci,r_uci,500,4,0.8432759115360522,-1.426438483261305,0.1537418120316454,False
2023-08-23,daily_uci,r_uci,500,4,0.8426589521039318,-1.4326207408282585,0.1519662511543418,False
2023-08-24,daily_uci,r_uci,500,4,0.8432278625725016,-1.4263846816460994,0.1537573329259425,False
2023-08-25,daily_uci,r_uci,500,4,0.8436933700989013,-1.42062307945879,0.1554263652495782,False
2023-08-28,daily_uci,r_uci,500,4,0.8431610908522583,-1.4255031138635443,0.15401182064368601,False
2023-08-29,daily_uci,r_uci,500,4,0.8432030892274532,-1.4252531115788811,0.15408404861060898,False
2023-08-31,daily_uci,r_uci,500,4,0.8427971167135538,-1.4296558336723868,0.15281582225122348,False
2023-09-04,daily_uci,r_uci,500,4,0.845372636631217,-1.4019493938290577,0.1609303590959308,False
2023-09-05,daily_uci,r_uci,500,4,0.8454900106073415,-1.4010323993678064,0.161204384754571,False
2023-09-06,daily_uci,r_uci,500,4,0.846027701958534,-1.3961500099676623,0.16266932675168455,False
2023-09-07,daily_uci,r_uci,500,4,0.8463470232841523,-1.3932657934830959,0.1635394305117619,False
2023-09-08,daily_uci,r_uci,500,4,0.8463589122277134,-1.3929173841904412,0.16364477485898155,False
2023-09-11,daily_uci,r_uci,500,4,0.846303840288648,-1.393373835967611,0.16350677338466602,False
2023-09-12,daily_uci,r_uci,500,4,0.845298960022284,-1.4024890035240394,0.16076927196416912,False
2023-09-13,daily_uci,r_uci,500,4,0.8444642237017934,-1.4099426938022621,0.15855660479304046,False
2023-09-14,daily_uci,r_uci,500,4,0.8439907773098251,-1.413918519714498,0.15738582761178188,False
2023-09-15,daily_uci,r_uci,500,4,0.8440897378866522,-1.411204329571468,0.15818437392136042,False
2023-09-18,daily_uci,r_uci,500,4,0.8434662652963688,-1.418129568855594,0.1561529398865562,False
2023-09-19,daily_uci,r_uci,500,4,0.8434692206356749,-1.4180709670336185,0.15617004658742384,False
2023-09-20,daily_uci,r_uci,500,4,0.843496765982101,-1.4178124323041625,0.15624553350417614,False
2023-09-21,daily_uci,r_uci,500,4,0.843399960847263,-1.4187081020261654,0.15598413415285295,False
2023-09-22,daily_uci,r_uci,500,4,0.8433728296270803,-1.4189891468271707,0.15590218024154923,False
2023-09-25,daily_uci,r_uci,500,4,0.8428133591187841,-1.424230784566963,0.15437967621678128,False
2023-09-26,daily_uci,r_uci,500,4,0.8425578668062377,-1.4266837948221585,0.15367105871683706,False
2023-09-27,daily_uci,r_uci,500,4,0.8427191018580542,-1.4252226124343832,0.15409286185645632,False
2023-09-28,daily_uci,r_uci,500,4,0.8424268175751783,-1.4273502373556242,0.1534789668368859,False
2023-09-29,daily_uci,r_uci,500,4,0.8424889967351442,-1.4267953839347765,0.1536388821256005,False
2023-10-03,daily_uci,r_uci,500,4,0.8431168981459625,-1.4214582450350113,0.15518358410566901,False
2023-10-04,daily_uci,r_uci,500,4,0.8442113904858327,-1.4115456612540374,0.1580837818295815,False
2023-10-05,daily_uci,r_uci,500,4,0.8441970209646811,-1.4120285428703552,0.15794155704883361,False
2023-10-06,daily_uci,r_uci,500,4,0.8443419929573026,-1.4108058961536878,0.15830185547627518,False
2023-10-09,daily_uci,r_uci,500,4,0.8442769144745917,-1.4120597561751862,0.15793236702299374,False
2023-10-10,daily_uci,r_uci,500,4,0.8431360494201385,-1.42354667284235,0.15457774222617005,False
2023-10-11,daily_uci,r_uci,500,4,0.8427740051936704,-1.426332687292434,0.15377233358636677,False
2023-10-12,daily_uci,r_uci,500,4,0.8421313141302533,-1.4321278215866853,0.15210724355144878,False
2023-10-13,daily_uci,r_uci,500,4,0.8430591276593307,-1.422612709435778,0.15484845761388044,False
2023-10-16,daily_uci,r_uci,500,4,0.8425749594600631,-1.426441566154556,0.1537409227029729,False
2023-10-17,daily_uci,r_uci,500,4,0.8423856813905738,-1.4279525081950855,0.15330552857695334,False
2023-10-18,daily_uci,r_uci,500,4,0.8419897056435989,-1.4315292938023105,0.1522785775913964,False
2023-10-19,daily_uci,r_uci,500,4,0.8443555946351254,-1.406639243366499,0.15953439013203186,False
2023-10-20,daily_uci,r_uci,500,4,0.844378394085401,-1.4063573321944998,0.15961804352283693,False
2023-10-23,daily_uci,r_uci,500,4,0.8444914310703748,-1.4053553986768101,0.15991562246985547,False
2023-10-24,daily_uci,r_uci,500,4,0.8445136044810028,-1.40488239382487,0.16005625280996894,False
2023-10-25,daily_uci,r_uci,500,4,0.8442514156400661,-1.408110228634794,0.15909843269469204,False
2023-10-26,daily_uci,r_uci,500,4,0.8439497112102423,-1.4125905001199703,0.15777616390215643,False
2023-10-27,daily_uci,r_uci,500,4,0.844007705043471,-1.4120374833198848,0.1579389247016767,False
2023-10-30,daily_uci,r_uci,500,4,0.8445100864718319,-1.4063993470224698,0.15960557407806908,False
2023-10-31,daily_uci,r_uci,500,4,0.8440838364538993,-1.4107544285294196,0.15831703596959157,False
2023-11-01,daily_uci,r_uci,500,4,0.8446499995618708,-1.4051124512897466,0.15998784213386696,False
2023-11-02,daily_uci,r_uci,500,4,0.8450324173004762,-1.401512992706157,0.1610607250221019,False
2023-11-03,daily_uci,r_uci,500,4,0.844907251835889,-1.4029083803530187,0.16064416154344197,False
2023-11-06,daily_uci,r_uci,500,4,0.8447226934803418,-1.405007865760169,0.16001893930406919,False
2023-11-07,daily_uci,r_uci,500,4,0.8441777722672053,-1.4112960319069747,0.15815734404031856,False
2023-11-08,daily_uci,r_uci,500,4,0.8441357402147605,-1.4116488003355019,0.15805339577842226,False
2023-11-09,daily_uci,r_uci,500,4,0.8445484861793978,-1.4085040028249056,0.15898188252621015,False
2023-11-10,daily_uci,r_uci,500,4,0.844733722422155,-1.408644650999386,0.1589402688284296,False
2023-11-13,daily_uci,r_uci,500,4,0.8446746006006376,-1.4092920201063375,0.1587488374511956,False
2023-11-14,daily_uci,r_uci,500,4,0.8448143772925197,-1.410009597004981,0.15853684915103994,False
2023-11-15,daily_uci,r_uci,500,4,0.8446303280277511,-1.411593104199912,0.15806980400051907,False
2023-11-16,daily_uci,r_uci,500,4,0.8448588214530952,-1.4093154439959301,0.15874191412327687,False
2023-11-17,daily_uci,r_uci,500,4,0.8446058368665925,-1.4118481494047121,0.15799467761097197,False
2023-11-20,daily_uci,r_uci,500,4,0.8444867104772955,-1.4128467065782955,0.1577008017399737,False
2023-11-21,daily_uci,r_uci,500,4,0.844173139011913,-1.4148218866737612,0.1571207252574114,False
2023-11-22,daily_uci,r_uci,500,4,0.8439697138459412,-1.4157878764266805,0.15683762022759096,False
2023-11-23,daily_uci,r_uci,500,4,0.8438662774163802,-1.4167468408182313,0.15655695684803028,False
2023-11-24,daily_uci,r_uci,500,4,0.8440134020452343,-1.414778331970358,0.15713349906344165,False
2023-11-27,daily_uci,r_uci,500,4,0.8441754244046625,-1.4128022530860842,0.1577138756110732,False
2023-11-28,daily_uci,r_uci,500,4,0.8440785508197867,-1.413602917266288,0.15747852425986775,False
2023-11-29,daily_uci,r_uci,500,4,0.8435366344504649,-1.418971905549505,0.1559072069337497,False
2023-11-30,daily_uci,r_uci,500,4,0.8434941773127589,-1.4193659242491035,0.15579236154036513,False
2023-12-01,daily_uci,r_uci,500,4,0.8431505127310915,-1.4226591150208368,0.15483499815666435,False
2023-12-04,daily_uci,r_uci,500,4,0.8415392761973892,-1.4374221062356145,0.15059809117109868,False
2023-12-05,daily_uci,r_uci,500,4,0.8396050420208137,-1.4546803828335062,0.14575776592646505,False
2023-12-06,daily_uci,r_uci,500,4,0.8361376635262583,-1.48614739872744,0.13724013734274654,False
2023-12-07,daily_uci,r_uci,500,4,0.8338700451174791,-1.505661512766719,0.13215408877773815,False
2023-12-11,daily_uci,r_uci,500,4,0.8293668557018369,-1.5468236538719504,0.12190577477777054,False
2023-12-12,daily_uci,r_uci,500,4,0.8227438173116965,-1.6050583840558974,0.10848095662076473,False
2023-12-13,daily_uci,r_uci,500,4,0.8136955080597936,-1.6873890967751295,0.09152855897783496,False
2023-12-14,daily_uci,r_uci,500,4,0.8093302260784035,-1.7259471859082145,0.0843569146637515,False
2023-12-15,daily_uci,r_uci,500,4,0.8101368406633866,-1.7138203284926283,0.086561728747935,False
2023-12-18,daily_uci,r_uci,500,4,0.8120845138347565,-1.6929286620185362,0.09046904687244073,False
2023-12-19,daily_uci,r_uci,500,4,0.8121128967739399,-1.6926634024426659,0.09051955520518984,False
2023-12-20,daily_uci,r_uci,500,4,0.8119558527898993,-1.6943321974986818,0.0902021755884701,False
2023-12-21,daily_uci,r_uci,500,4,0.8119876020063342,-1.6939203445826612,0.09028042044023543,False
2023-12-22,daily_uci,r_uci,500,4,0.8121263224769745,-1.6926098346963092,0.09052975784433137,False
2023-12-25,daily_uci,r_uci,500,4,0.8125442472277556,-1.6882543319209153,0.09136241762483066,False
2023-12-26,daily_uci,r_uci,500,4,0.8123252038808378,-1.6909694881103243,0.09084263028144801,False
2023-12-27,daily_uci,r_uci,500,4,0.8123417916163526,-1.6908229559453585,0.09087062143715352,False
2023-12-28,daily_uci,r_uci,500,4,0.8122720953900154,-1.6912638584239308,0.09078641945399735,False
2023-12-29,daily_uci,r_uci,500,4,0.8122486518029327,-1.6915401710609992,0.09073368224638712,False
2024-01-03,daily_uci,r_uci,500,4,0.8125592126602088,-1.6885161297612996,0.09131219533678614,False
2024-01-04,daily_uci,r_uci,500,4,0.811896586313677,-1.6963784742505326,0.08981422758494562,False
2024-01-05,daily_uci,r_uci,500,4,0.8117755822181628,-1.6974607375058208,0.08960958798174379,False
2024-01-06,daily_uci,r_uci,500,4,0.8115969810129147,-1.6990743171696687,0.08930518179866187,False
2024-01-08,daily_uci,r_uci,500,4,0.8117405971729688,-1.698223103747454,0.08946566156537772,False
2024-01-09,daily_uci,r_uci,500,4,0.8121815457353349,-1.6928740181241506,0.09047944981453915,False
2024-01-10,daily_uci,r_uci,500,4,0.8121822054389006,-1.6926150473234836,0.09052876499445217,False
2024-01-11,daily_uci,r_uci,500,4,0.8126258863636526,-1.6878553260164415,0.09143900408659689,False
2024-01-12,daily_uci,r_uci,500,4,0.8124275795303135,-1.689874633821565,0.09105194143792694,False
2024-01-15,daily_uci,r_uci,500,4,0.8122442026321962,-1.6918461371368303,0.09067531411629282,False
2024-01-16,daily_uci,r_uci,500,4,0.811528014274482,-1.699015483747508,0.08931626623461808,False
2024-01-17,daily_uci,r_uci,500,4,0.8119086726477218,-1.695619472565598,0.08995796763076824,False
2024-01-18,daily_uci,r_uci,500,4,0.8119721491581731,-1.6946842700921092,0.09013533122623207,False
2024-01-19,daily_uci,r_uci,500,4,0.8119702759849291,-1.6946978465618536,0.09013275440158441,False
2024-01-22,daily_uci,r_uci,500,4,0.8117380378020255,-1.69693561662354,0.08970883345717118,False
2024-01-23,daily_uci,r_uci,500,4,0.8114218483784763,-1.7007577003383003,0.0889884952464659,False
2024-01-24,daily_uci,r_uci,500,4,0.8111919781097084,-1.7039074698792829,0.08839837525929672,False
2024-01-25,daily_uci,r_uci,500,4,0.8113376250472694,-1.7025908152812745,0.08864467010227495,False
2024-01-26,daily_uci,r_uci,500,4,0.8114406954093772,-1.7015649538413753,0.08883695192754759,False
2024-01-29,daily_uci,r_uci,500,4,0.8112718170327848,-1.7032375578783174,0.08852362070652386,False
2024-01-30,daily_uci,r_uci,500,4,0.8112442763331219,-1.7037362664566686,0.08843036952294914,False
2024-01-31,daily_uci,r_uci,500,4,0.8112687573811805,-1.7034193706839453,0.08848961520440257,False
2024-02-01,daily_uci,r_uci,500,4,0.8112406157248665,-1.703571721521165,0.08846112825370422,False
2024-02-02,daily_uci,r_uci,500,4,0.8110016432309491,-1.7056000301764929,0.08808257376580508,False
2024-02-05,daily_uci,r_uci,500,4,0.8109147024536755,-1.7063548159108168,0.08794203784473043,False
2024-02-06,daily_uci,r_uci,500,4,0.810840833741308,-1.7070260751943482,0.08781720594616704,False
2024-02-07,daily_uci,r_uci,500,4,0.8105639206089946,-1.7095124307586491,0.0873560710993333,False
2024-02-08,daily_uci,r_uci,500,4,0.8100238516745435,-1.7150087589384144,0.08634362106264981,False
2024-02-09,daily_uci,r_uci,500,4,0.8094853018896896,-1.7198076908785562,0.08546740415460863,False
2024-02-12,daily_uci,r_uci,500,4,0.809730670182438,-1.7168280583634115,0.08601059268731137,False
2024-02-13,daily_uci,r_uci,500,4,0.8097530968719565,-1.7165664699373255,0.08605841327637709,False
2024-02-14,daily_uci,r_uci,500,4,0.8098808754060371,-1.7157054235702067,0.08621597161114725,False
2024-02-15,daily_uci,r_uci,500,4,0.808495458199051,-1.729405202653678,0.08373659953014378,False
2024-02-16,daily_uci,r_uci,500,4,0.8072356729888697,-1.7406801540633736,0.08173965890121893,False
2024-02-19,daily_uci,r_uci,500,4,0.8048854407569372,-1.7616630057051075,0.07812625180074217,False
2024-02-20,daily_uci,r_uci,500,4,0.8056242508793201,-1.749186595517678,0.08025877037120277,False
2024-02-21,daily_uci,r_uci,500,4,0.8061023274933413,-1.7433977822136202,0.08126415543788434,False
2024-02-22,daily_uci,r_uci,500,4,0.8061704625624603,-1.7423248242105915,0.08145162201723744,False
2024-02-23,daily_uci,r_uci,500,4,0.8061404050179188,-1.7425980992482801,0.08140384229000874,False
2024-02-26,daily_uci,r_uci,500,4,0.8062960259551218,-1.7406908446737228,0.08173778395221287,False
2024-02-27,daily_uci,r_uci,500,4,0.8063269522975463,-1.7404154600270707,0.08178609280595572,False
2024-02-28,daily_uci,r_uci,500,4,0.8067120130976233,-1.7359098427337056,0.08257977715775455,False
2024-02-29,daily_uci,r_uci,500,4,0.8070747966322003,-1.7322290965955895,0.08323278039255522,False
2024-03-01,daily_uci,r_uci,500,4,0.8069535384183287,-1.7336974717313787,0.08297177536395428,False
2024-03-04,daily_uci,r_uci,500,4,0.8070682137551011,-1.732054285412615,0.08326389749755703,False
2024-03-05,daily_uci,r_uci,500,4,0.8071903015754011,-1.7309194542307242,0.08346613131595526,False
2024-03-07,daily_uci,r_uci,500,4,0.807645449471478,-1.7258380699106808,0.08437654875649203,False
2024-03-11,daily_uci,r_uci,500,4,0.8074380192500701,-1.7278194200433692,0.08402060455157301,False
2024-03-12,daily_uci,r_uci,500,4,0.8076860553353825,-1.7256478411594887,0.08441078694272441,False
2024-03-13,daily_uci,r_uci,500,4,0.8075234790468739,-1.7270262608586853,0.0841629472904244,False
2024-03-14,daily_uci,r_uci,500,4,0.8071644691802325,-1.730214048249643,0.08359203932397552,False
2024-03-15,daily_uci,r_uci,500,4,0.8067513640369407,-1.7329644328185954,0.08310199068352309,False
2024-03-18,daily_uci,r_uci,500,4,0.8064168238528437,-1.7360050815341879,0.08256293606461806,False
2024-03-19,daily_uci,r_uci,500,4,0.8065584659487364,-1.733868369261363,0.082941441303787,False
2024-03-20,daily_uci,r_uci,500,4,0.8067450671657187,-1.7317637945560809,0.08331562689800198,False
2024-03-25,daily_uci,r_uci,500,4,0.8067922195894811,-1.731349156829366,0.08338950895066799,False
2024-03-26,daily_uci,r_uci,500,4,0.8067701440887198,-1.7314614270409185,0.08336949889211609,False
2024-03-27,daily_uci,r_uci,500,4,0.80680501227592,-1.731209363286163,0.0834144299639279,False
2024-03-28,daily_uci,r_uci,500,4,0.8067851227967053,-1.7312888534996584,0.08340025849343191,False
2024-03-29,daily_uci,r_uci,500,4,0.8067208724236724,-1.7320007203168313,0.0832734341895125,False
2024-04-01,daily_uci,r_uci,500,4,0.8058795721191049,-1.7394256278625237,0.08195992360007565,False
2024-04-02,daily_uci,r_uci,500,4,0.8055102589074586,-1.7424279604432495,0.08143358688469582,False
2024-04-03,daily_uci,r_uci,500,4,0.8053737182032982,-1.7437770319179617,0.08119797698166753,False
2024-04-04,daily_uci,r_uci,500,4,0.8066023489385803,-1.7300584798231933,0.08361982744365237,False
2024-04-05,daily_uci,r_uci,500,4,0.8067081203559223,-1.728662847678125,0.08386945434248605,False
2024-04-08,daily_uci,r_uci,500,4,0.8067862823123005,-1.7276300661176478,0.08405456885735263,False
2024-04-09,daily_uci,r_uci,500,4,0.8070079475353094,-1.7255143467339003,0.08443482055384566,False
2024-04-13,daily_uci,r_uci,500,4,0.8069545580514144,-1.7259313590052139,0.08435976229262798,False
2024-04-15,daily_uci,r_uci,500,4,0.8068575164459412,-1.727227794363738,0.0841267609970271,False
2024-04-16,daily_uci,r_uci,500,4,0.8060273070326054,-1.7343106083046782,0.08286298623851152,False
2024-04-17,daily_uci,r_uci,500,4,0.8039612080225714,-1.7530829894468392,0.07958776295144543,False
2024-04-18,daily_uci,r_uci,500,4,0.8013538474094247,-1.7764730197800147,0.07565498505604307,False
2024-04-19,daily_uci,r_uci,500,4,0.8010331173154746,-1.7746528851440175,0.07595521924457893,False
2024-04-22,daily_uci,r_uci,500,4,0.8006351866208737,-1.77785054169853,0.07542840501303716,False
2024-04-23,daily_uci,r_uci,500,4,0.8004998030460071,-1.778961290516636,0.07524610848520097,False
2024-04-24,daily_uci,r_uci,500,4,0.7968192572631012,-1.811675666614314,0.07003632564235218,False
2024-04-25,daily_uci,r_uci,500,4,0.7860793872596623,-1.9074861896247828,0.05645765772609557,False
2024-04-26,daily_uci,r_uci,500,4,0.7393400846860475,-2.325384883993601,0.020051389028059807,True
2024-04-29,daily_uci,r_uci,500,4,0.7043616534298908,-2.660150314635201,0.007810578506653565,True
2024-04-30,daily_uci,r_uci,500,4,0.6848834857515733,-2.8869660867316216,0.0038897615412027964,True
2024-05-01,daily_uci,r_uci,500,4,0.7102365541732066,-2.5045798836221445,0.0122596917122193,True
2024-05-02,daily_uci,r_uci,500,4,0.7103024484535938,-2.503308980760516,0.012303807732307659,True
2024-05-03,daily_uci,r_uci,500,4,0.7103174854636628,-2.5025034155881367,0.012331843557958022,True
2024-05-06,daily_uci,r_uci,500,4,0.7104759889217148,-2.5002631196363923,0.012410109604684472,True
2024-05-07,daily_uci,r_uci,500,4,0.7109146801307472,-2.4950770816394505,0.01259297710427898,True
2024-05-08,daily_uci,r_uci,500,4,0.7108318031179941,-2.495896150421004,0.012563937802949177,True
2024-05-10,daily_uci,r_uci,500,4,0.7108090176277234,-2.4959259440488917,0.012562882616784288,True
2024-05-13,daily_uci,r_uci,500,4,0.7107107813381108,-2.4967708886326943,0.01253299028040944,True
2024-05-14,daily_uci,r_uci,500,4,0.7089225071457861,-2.5097807654893645,0.01208061370687008,True
2024-05-15,daily_uci,r_uci,500,4,0.7081972566033021,-2.5157420145351703,0.011878209459214917,True
2024-05-16,daily_uci,r_uci,500,4,0.7068530503783763,-2.5273998055872777,0.011491060681604104,True
2024-05-17,daily_uci,r_uci,500,4,0.7077557475813607,-2.5069870076873015,0.012176518729886565,True
2024-05-20,daily_uci,r_uci,500,4,0.7077868999416063,-2.5061345905067656,0.012205914810206941,True
2024-05-21,daily_uci,r_uci,500,4,0.7077497827053124,-2.5065261083773986,0.012192405299532805,True
2024-05-22,daily_uci,r_uci,500,4,0.7086918145238162,-2.495857499998499,0.012565306782749142,True
2024-05-23,daily_uci,r_uci,500,4,0.7055229472807595,-2.5218802180304936,0.011672944894691506,True
2024-05-24,daily_uci,r_uci,500,4,0.7049230388402598,-2.527473906079058,0.011488636091968818,True
2024-05-27,daily_uci,r_uci,500,4,0.7006783958456206,-2.564343858583577,0.010337107812318669,True
2024-05-28,daily_uci,r_uci,500,4,0.7190822794184171,-2.397473818573058,0.016508560706157027,True
2024-05-29,daily_uci,r_uci,500,4,0.698117382232893,-2.5858858086943477,0.009712910325705426,True
2024-05-30,daily_uci,r_uci,500,4,0.6977487930205428,-2.5900102126243274,0.009597308468815902,True
2024-05-31,daily_uci,r_uci,500,4,0.7484646380371207,-2.304957655387112,0.02116894506549505,True
2024-06-03,daily_uci,r_uci,500,4,0.7487851378702145,-2.307425703664022,0.021031099680558496,True
2024-06-04,daily_uci,r_uci,500,4,0.7871240262830832,-1.9835491727658683,0.04730612016675306,True
2024-06-05,daily_uci,r_uci,500,4,0.7783827773421566,-2.0727182877368726,0.03819850480678477,True
2024-06-06,daily_uci,r_uci,500,4,0.7850535343393757,-1.9693971916020996,0.04890749800406424,True
2024-06-07,daily_uci,r_uci,500,4,0.7848160522616756,-1.9724028177452695,0.04856364044083494,True
2024-06-10,daily_uci,r_uci,500,4,0.7853183597752192,-1.966830052003624,0.04920280674354416,True
2024-06-11,daily_uci,r_uci,500,4,0.7867598432173045,-1.9506375989473799,0.051100171228131375,False
2024-06-12,daily_uci,r_uci,500,4,0.7869223302428866,-1.9486313194286589,0.05133946911276399,False
2024-06-13,daily_uci,r_uci,500,4,0.7875054293411996,-1.9413873152404344,0.05221131572702031,False
2024-06-14,daily_uci,r_uci,500,4,0.7878484697367949,-1.938539965062767,0.05255737988891318,False
2024-06-19,daily_uci,r_uci,500,4,0.7886645748219672,-1.9283879056282314,0.05380689503958913,False
2024-06-20,daily_uci,r_uci,500,4,0.7882460824620017,-1.9323041322254284,0.05332197870039668,False
2024-06-21,daily_uci,r_uci,500,4,0.7877473269787223,-1.9368802945604218,0.052759977754979426,False
2024-06-24,daily_uci,r_uci,500,4,0.7864420622950129,-1.9478336107000112,0.051434875676813485,False
2024-06-25,daily_uci,r_uci,500,4,0.7857742604887981,-1.9541964068367592,0.05067799410041851,False
2024-06-26,daily_uci,r_uci,500,4,0.7857213189240382,-1.9548038249667843,0.05060622954192273,False
2024-06-27,daily_uci,r_uci,500,4,0.7872344035558645,-1.9420450217848917,0.05213165021987187,False
2024-06-28,daily_uci,r_uci,500,4,0.7942039158575241,-1.8573874161589192,0.06325605550581881,False
2024-07-01,daily_uci,r_uci,500,4,0.7934354820854677,-1.8654215342731408,0.062122341239497336,False
2024-07-02,daily_uci,r_uci,500,4,0.7928378352940106,-1.8715796248251457,0.06126478444536776,False
2024-07-03,daily_uci,r_uci,500,4,0.791937517620358,-1.8797456805093666,0.06014274668333219,False
2024-07-04,daily_uci,r_uci,500,4,0.7922407502710844,-1.8761528334552409,0.060634296612111616,False
2024-07-05,daily_uci,r_uci,500,4,0.7922099522922649,-1.8764833277805422,0.060588941931680296,False
2024-07-08,daily_uci,r_uci,500,4,0.7925069730247128,-1.873565727955417,0.060990305483316076,False
2024-07-09,daily_uci,r_uci,500,4,0.7922739405009949,-1.8751313662072522,0.060774653371778564,False
2024-07-10,daily_uci,r_uci,500,4,0.7902596062117551,-1.8926623472605681,0.05840278670751786,False
2024-07-11,daily_uci,r_uci,500,4,0.7899408160231488,-1.8953400559410731,0.058047364683905256,False
2024-07-12,daily_uci,r_uci,500,4,0.7853015193264552,-1.9372477535310488,0.052715065449825405,False
2024-07-15,daily_uci,r_uci,500,4,0.7928700056151979,-1.8945039305669358,0.05815815314348449,False
2024-07-16,daily_uci,r_uci,500,4,0.7816495056545872,-2.020400848892117,0.043341825450885274,True
2024-07-17,daily_uci,r_uci,500,4,0.8003308755613693,-1.785178311626175,0.07423239872246068,False
2024-07-18,daily_uci,r_uci,500,4,0.8004605794619777,-1.7840476479552698,0.07441592302150779,False
2024-07-19,daily_uci,r_uci,500,4,0.8006040545473622,-1.7832500129289823,0.07454561448376462,False
2024-07-22,daily_uci,r_uci,500,4,0.8002574174833679,-1.7865909955115227,0.07400361812139766,False
2024-07-23,daily_uci,r_uci,500,4,0.7926172361593273,-1.8550128165847033,0.0635943963790011,False
2024-07-24,daily_uci,r_uci,500,4,0.7854097752863549,-1.9195597658809294,0.05491353025991419,False
2024-07-25,daily_uci,r_uci,500,4,0.7761361898609972,-2.0027381785038756,0.04520539858828476,True
2024-07-26,daily_uci,r_uci,500,4,0.8007773447384074,-1.7176575197766235,0.08585910203905889,False
2024-07-29,daily_uci,r_uci,500,4,0.8000728445409985,-1.724067648551888,0.08469563153890536,False
2024-07-30,daily_uci,r_uci,500,4,0.7999304008243194,-1.725268473772058,0.08447910067661102,False
2024-07-31,daily_uci,r_uci,500,4,0.8012098304520787,-1.7107416033750698,0.08712882396706312,False
2024-08-01,daily_uci,r_uci,500,4,0.8013968597769621,-1.7092133645633083,0.08741143417318553,False
2024-08-02,daily_uci,r_uci,500,4,0.8017486846885867,-1.705901874914551,0.08802635063393471,False
2024-08-05,daily_uci,r_uci,500,4,0.8010849459455642,-1.7119639602483263,0.08690331030721565,False
2024-08-06,daily_uci,r_uci,500,4,0.8015127812129783,-1.7062994052290155,0.087952348779198,False
2024-08-07,daily_uci,r_uci,500,4,0.8011258173782094,-1.7092592853712985,0.08740293148315414,False
2024-08-08,daily_uci,r_uci,500,4,0.8015912321565948,-1.701248829959684,0.08889627214107043,False
2024-08-09,daily_uci,r_uci,500,4,0.8012330574229527,-1.7043432667653071,0.08831697623356805,False
2024-08-12,daily_uci,r_uci,500,4,0.7993728184750828,-1.7197703532853068,0.08547419361989461,False
2024-08-13,daily_uci,r_uci,500,4,0.8014978655661856,-1.69914864093431,0.08929118050840801,False
2024-08-14,daily_uci,r_uci,500,4,0.79972916651735,-1.7147629134970341,0.08638870360067319,False
2024-08-15,daily_uci,r_uci,500,4,0.7997757831975385,-1.7144945320658538,0.08643794043674502,False
2024-08-16,daily_uci,r_uci,500,4,0.8023175228528164,-1.678766598014981,0.09319754075579323,False
2024-08-19,daily_uci,r_uci,500,4,0.8031367457525499,-1.6674274309708426,0.0954294431631566,False
2024-08-20,daily_uci,r_uci,500,4,0.8015107733131249,-1.6814806994606626,0.09266958225287225,False
2024-08-21,daily_uci,r_uci,500,4,0.8003970527179393,-1.6909134889249877,0.0908533266493119,False
2024-08-22,daily_uci,r_uci,500,4,0.8107168686010625,-1.5878902529835461,0.11231115792865198,False
2024-08-23,daily_uci,r_uci,500,4,0.803574476602669,-1.6456962670584818,0.09982630796456893,False
2024-08-26,daily_uci,r_uci,500,4,0.7931543875362198,-1.7328813096440456,0.08311676693626358,False
2024-08-27,daily_uci,r_uci,500,4,0.7924036090752219,-1.7336358404631755,0.08298271702866655,False
2024-08-28,daily_uci,r_uci,500,4,0.7915720085637431,-1.7361561333268498,0.08253623126027154,False
2024-08-29,daily_uci,r_uci,500,4,0.7667322799805202,-1.9421740500863283,0.05211603344426674,False
2024-08-30,daily_uci,r_uci,500,4,0.7438673587777668,-2.147301534784436,0.03176928372722987,True
2024-09-04,daily_uci,r_uci,500,4,0.7083502537430639,-2.486212867240345,0.01291107115131962,True
2024-09-05,daily_uci,r_uci,500,4,0.7201224897960636,-2.245511035098642,0.02473534462311222,True
2024-09-06,daily_uci,r_uci,500,4,0.712876948643973,-2.298607452472514,0.02152723998790096,True
2024-09-09,daily_uci,r_uci,500,4,0.70506541900313,-2.360900193499642,0.018230636322133176,True
2024-09-10,daily_uci,r_uci,500,4,0.7032110960239195,-2.3630111996145753,0.018127121782141042,True
2024-09-11,daily_uci,r_uci,500,4,0.7008392271903562,-2.375844109496675,0.017508858222567536,True
2024-09-12,daily_uci,r_uci,500,4,0.698179522519302,-2.393541463136962,0.016686595169282725,True
2024-09-13,daily_uci,r_uci,500,4,0.6948847438804145,-2.4197238188440475,0.015532298847694692,True
2024-09-16,daily_uci,r_uci,500,4,0.6924154916887033,-2.4336393551305053,0.014947880226897636,True
2024-09-17,daily_uci,r_uci,500,4,0.6921814200197487,-2.430778672668045,0.015066414895333224,True
2024-09-18,daily_uci,r_uci,500,4,0.6919041075156981,-2.4300542992451932,0.015096560937521986,True
2024-09-19,daily_uci,r_uci,500,4,0.6903975402562147,-2.442004666567536,0.014605957821938853,True
2024-09-20,daily_uci,r_uci,500,4,0.6880579344741271,-2.4604634095336833,0.013875772033211664,True
2024-09-23,daily_uci,r_uci,500,4,0.68682234980677,-2.4700252696427563,0.013510350810814975,True
2024-09-24,daily_uci,r_uci,500,4,0.6837667615620796,-2.50203216935717,0.012348270411128182,True
2024-09-25,daily_uci,r_uci,500,4,0.7008370874526009,-2.4456913450460447,0.014457471014441392,True
2024-09-26,daily_uci,r_uci,500,4,0.6986732133035218,-2.4645590528283403,0.013718195623521279,True
2024-09-27,daily_uci,r_uci,500,4,0.7446217159708008,-2.1508204986251176,0.03149037049178105,True
2024-09-30,daily_uci,r_uci,500,4,0.7391309142116878,-2.2009442555273293,0.027739970413594994,True
2024-10-02,daily_uci,r_uci,500,4,0.7710472944740793,-1.866840984974848,0.06192379715518981,False
2024-10-03,daily_uci,r_uci,500,4,0.7708667833012195,-1.8691414988653021,0.061603130744430024,False
2024-10-04,daily_uci,r_uci,500,4,0.7709116637239112,-1.8690765842371189,0.06161216024752103,False
2024-10-07,daily_uci,r_uci,500,4,0.7788558649928138,-1.8553428181740144,0.0635472873933054,False
2024-10-08,daily_uci,r_uci,500,4,0.8015327615358874,-1.686331510263462,0.0917319651049966,False
2024-10-09,daily_uci,r_uci,500,4,0.7907945199547812,-1.7776667797405017,0.0754585988230283,False
2024-10-10,daily_uci,r_uci,500,4,0.8144774774925256,-1.5176650778429832,0.12909885198727777,False
2024-10-11,daily_uci,r_uci,500,4,0.8150423145275361,-1.5123536602509382,0.13044391685655699,False
2024-10-14,daily_uci,r_uci,500,4,0.8153653785867472,-1.507889110681576,0.13158291008615963,False
2024-10-15,daily_uci,r_uci,500,4,0.8155448535571986,-1.5060787533920583,0.13204695810581835,False
2024-10-16,daily_uci,r_uci,500,4,0.8158043227818389,-1.5032738744052432,0.1327684342633586,False
2024-10-17,daily_uci,r_uci,500,4,0.8112520734116989,-1.5404774167517592,0.12344402344176819,False
2024-10-18,daily_uci,r_uci,500,4,0.8055806450189773,-1.5866408014439453,0.11259402095791393,False
2024-10-21,daily_uci,r_uci,500,4,0.8047741990982252,-1.5942759765183414,0.11087423594933776,False
2024-10-22,daily_uci,r_uci,500,4,0.8177641661209877,-1.4737867371122604,0.1405390203980652,False
2024-10-23,daily_uci,r_uci,500,4,0.8107144370066925,-1.5308887395562059,0.12579689268104488,False
2024-10-24,daily_uci,r_uci,500,4,0.8155030238695615,-1.4851053531644691,0.13751591826355503,False
2024-10-25,daily_uci,r_uci,500,4,0.8185083355692891,-1.452721007276277,0.14630123188904176,False
2024-10-28,daily_uci,r_uci,500,4,0.818448527535887,-1.453245889846865,0.1461554950137507,False
2024-10-29,daily_uci,r_uci,500,4,0.8228286190414316,-1.416115808184664,0.1567416004320461,False
2024-10-30,daily_uci,r_uci,500,4,0.8269556411917387,-1.369931097963283,0.1707084110769297,False
2024-10-31,daily_uci,r_uci,500,4,0.8269597790420876,-1.3699271846127747,0.1707096327846318,False
2024-11-01,daily_uci,r_uci,500,4,0.8230060760393227,-1.4015906472574962,0.16103752147737516,False
2024-11-04,daily_uci,r_uci,500,4,0.8226393222429496,-1.4045257721682094,0.16016234275864205,False
2024-11-05,daily_uci,r_uci,500,4,0.8220222930030208,-1.4096795446971058,0.15863432736880156,False
2024-11-06,daily_uci,r_uci,500,4,0.8350713777958481,-1.297728654619981,0.19438059347201442,False
2024-11-07,daily_uci,r_uci,500,4,0.8401696960466928,-1.2470458014987111,0.21238070406235732,False
2024-11-08,daily_uci,r_uci,500,4,0.8381180200166004,-1.263175067746016,0.2065262708816178,False
2024-11-11,daily_uci,r_uci,500,4,0.8374933284884213,-1.2680615328996279,0.2047759772302613,False
2024-11-12,daily_uci,r_uci,500,4,0.8369041732050221,-1.272650349621939,0.20314214343744297,False
2024-11-13,daily_uci,r_uci,500,4,0.8419524775411174,-1.2357642687353267,0.21654620027091998,False
2024-11-14,daily_uci,r_uci,500,4,0.843928945690413,-1.2011468940077321,0.2296942252655576,False
2024-11-15,daily_uci,r_uci,500,4,0.8417373328744276,-1.2181316100877564,0.2231739633861558,False
2024-11-18,daily_uci,r_uci,500,4,0.8412614275665949,-1.2229220494269488,0.22135913960668674,False
2024-11-19,daily_uci,r_uci,500,4,0.8566647077876084,-1.0871307834511745,0.2769790150577165,False
2024-11-20,daily_uci,r_uci,500,4,0.856622886783875,-1.087470546833574,0.2768289083056765,False
2024-11-21,daily_uci,r_uci,500,4,0.8545007255519816,-1.1053878134202226,0.2689915820336872,False
2024-11-22,daily_uci,r_uci,500,4,0.8800078161553045,-0.9874578388538955,0.3234182419015128,False
2024-11-25,daily_uci,r_uci,500,4,0.9120708697560206,-0.722000592402151,0.470294113305044,False
2024-11-26,daily_uci,r_uci,500,4,0.9236191082832425,-0.622352087480181,0.5337103779826791,False
2024-11-27,daily_uci,r_uci,500,4,0.9220120502252681,-0.6355133167322856,0.5250936843422596,False
2024-11-28,daily_uci,r_uci,500,4,0.9276197035328154,-0.5843386764197962,0.5589924758559439,False
2024-11-29,daily_uci,r_uci,500,4,0.9248586911297116,-0.6068080948677064,0.543978275427669,False
2024-12-02,daily_uci,r_uci,500,4,0.9245932551099487,-0.6089770063904714,0.5425396799332591,False
2024-12-03,daily_uci,r_uci,500,4,0.9231847806378255,-0.6208237621831413,0.5347155868743334,False
2024-12-04,daily_uci,r_uci,500,4,0.9315928463445237,-0.5491107598442466,0.5829294415649064,False
2024-12-05,daily_uci,r_uci,500,4,0.9340014485708618,-0.5280703347680267,0.5974505196428954,False
2024-12-06,daily_uci,r_uci,500,4,0.9338378653543715,-0.5297965369899639,0.5962530065112515,False
2024-12-10,daily_uci,r_uci,500,4,0.9335809913484288,-0.5318395778277777,0.5948371085630679,False
2024-12-11,daily_uci,r_uci,500,4,0.9346728766504374,-0.5229979887528694,0.6009756528657917,False
2024-12-12,daily_uci,r_uci,500,4,0.9364479455100033,-0.5077831126773569,0.6116054540883127,False
2024-12-13,daily_uci,r_uci,500,4,0.9367614871372246,-0.5049797854916094,0.6135730339880172,False
2024-12-14,daily_uci,r_uci,500,4,0.9359568287443383,-0.5114470676592537,0.6090380440506025,False
2024-12-16,daily_uci,r_uci,500,4,0.9371167193295643,-0.5015227512703344,0.6160032700949034,False
2024-12-17,daily_uci,r_uci,500,4,0.9378034049939262,-0.49554341258313156,0.6202165856707302,False
2024-12-18,daily_uci,r_uci,500,4,0.9379316144626739,-0.494164697994193,0.621189868975744,False
2024-12-19,daily_uci,r_uci,500,4,0.9379044883015349,-0.4943810406803811,0.62103710112223,False
2024-12-20,daily_uci,r_uci,500,4,0.9375490366844638,-0.49722160675347427,0.619032786292951,False
2024-12-23,daily_uci,r_uci,500,4,0.9376760245408724,-0.49619178169933065,0.6197591087416789,False
2024-12-24,daily_uci,r_uci,500,4,0.9379785963086352,-0.49350410931922734,0.621656436984017,False
2024-12-25,daily_uci,r_uci,500,4,0.936792671421401,-0.5027595305936813,0.6151333497091671,False
2024-12-26,daily_uci,r_uci,500,4,0.9388286950904521,-0.48527186984349985,0.6274835068997562,False
2024-12-27,daily_uci,r_uci,500,4,0.9363865104637007,-0.5047228667254932,0.6137534979613899,False
2025-01-03,daily_uci,r_uci,500,4,0.9421558750747565,-0.45579694874890603,0.6485359984714976,False
2025-01-04,daily_uci,r_uci,500,4,0.9422851935289343,-0.4547190636455529,0.649311364215289,False
2025-01-06,daily_uci,r_uci,500,4,0.94235116880541,-0.4541959373932121,0.6496878068472274,False
2025-01-07,daily_uci,r_uci,500,4,0.9423795359100999,-0.4539969199855431,0.6498310436407304,False
2025-01-08,daily_uci,r_uci,500,4,0.9416286536221949,-0.45991534869735906,0.6455769827449263,False
2025-01-09,daily_uci,r_uci,500,4,0.9401397522454625,-0.4720016920668723,0.6369255808298195,False
2025-01-10,daily_uci,r_uci,500,4,0.8574946933421665,-1.124005578280192,0.2610106594783428,False
2025-01-13,daily_uci,r_uci,500,4,0.774973732045338,-1.8118858154344786,0.0700038415705122,False
2025-01-14,daily_uci,r_uci,500,4,0.7035192740058062,-2.4025581110802334,0.016280847578629798,True
2025-01-15,daily_uci,r_uci,500,4,0.9092760213125212,-0.5575671379401922,0.57714000170178,False
2025-01-16,daily_uci,r_uci,500,4,0.7870653071192392,-1.3085345199314138,0.19069207400808508,False
2025-01-17,daily_uci,r_uci,500,4,0.6641106718608603,-2.0669337841887394,0.03874039378075489,True
2025-01-20,daily_uci,r_uci,500,4,0.5777631539883635,-3.4903303382924755,0.00048242382308405496,True
2025-01-21,daily_uci,r_uci,500,4,0.6813619262773017,-2.201360177198189,0.027710535836157346,True
2025-01-22,daily_uci,r_uci,500,4,0.6763940941210016,-2.235966649562808,0.025353955837020603,True
2025-01-23,daily_uci,r_uci,500,4,0.6807453273743685,-2.248161089383181,0.02456591983673495,True
2025-01-24,daily_uci,r_uci,500,4,0.6967284129585553,-2.034662509172842,0.041884842983621384,True
2025-01-27,daily_uci,r_uci,500,4,0.6753247508252411,-2.1776407263769224,0.02943279498501572,True
2025-01-28,daily_uci,r_uci,500,4,0.6737037492056588,-2.1944562270001895,0.02820262751694047,True
2025-01-29,daily_uci,r_uci,500,4,0.6759187657425891,-2.224001917464046,0.026148315235255737,True
2025-01-30,daily_uci,r_uci,500,4,0.7646694707745038,-2.4340420774468035,0.014931259248647688,True
2025-01-31,daily_uci,r_uci,500,4,0.7960840820641572,-2.0307947620314724,0.04227581861298968,True
2025-02-03,daily_uci,r_uci,500,4,0.7986550594978793,-1.998018501195198,0.04571465436129496,True
2025-02-04,daily_uci,r_uci,500,4,0.7954217648848801,-2.0310621938283226,0.04224868595798448,True
2025-02-05,daily_uci,r_uci,500,4,0.7902761853871588,-2.0816809339479367,0.03737162327954979,True
2025-02-06,daily_uci,r_uci,500,4,0.7835529089595656,-2.1486408227554175,0.03166288302127418,True
2025-02-07,daily_uci,r_uci,500,4,0.7807866410430857,-2.177232608281389,0.029463216498409883,True
2025-02-10,daily_uci,r_uci,500,4,0.7805193171623762,-2.1757203897052286,0.029576174618951567,True
2025-02-11,daily_uci,r_uci,500,4,0.7820953294461929,-2.1581662646684023,0.030914907254015356,True
2025-02-12,daily_uci,r_uci,500,4,0.7820750019853425,-2.156608810348008,0.031036157486186378,True
2025-02-13,daily_uci,r_uci,500,4,0.7815810016389105,-2.1617280882991783,0.030639141267583492,True
2025-02-14,daily_uci,r_uci,500,4,0.7804277780270773,-2.1690660357423286,0.03007767081629864,True
2025-02-17,daily_uci,r_uci,500,4,0.7815474277660144,-2.1577263534402995,0.030949113747455126,True
2025-02-18,daily_uci,r_uci,500,4,0.7830846933148211,-2.1395212074044085,0.03239348024795552,True
2025-02-19,daily_uci,r_uci,500,4,0.7823692574292992,-2.1480185478854277,0.03171228203186982,True
2025-02-20,daily_uci,r_uci,500,4,0.7823946390988799,-2.1476471016479084,0.03174180061149601,True
2025-02-21,daily_uci,r_uci,500,4,0.7835345219191887,-2.1360685218819273,0.032673829063761595,True
2025-02-24,daily_uci,r_uci,500,4,0.7240645679141315,-2.7231227362661037,0.006466802794518056,True
2025-02-25,daily_uci,r_uci,500,4,0.6796276049903729,-3.169770936792189,0.0015255915358569627,True
2025-02-26,daily_uci,r_uci,500,4,0.6320780218609124,-3.815407930317854,0.00013595814284528274,True
2025-02-27,daily_uci,r_uci,500,4,0.8092292604647773,-1.7305773957635868,0.0835271661823278,False
2025-02-28,daily_uci,r_uci,500,4,0.8119596416071985,-1.6938203849497835,0.09029941925649454,False
2025-03-03,daily_uci,r_uci,500,4,0.8117248202340288,-1.6961193503746508,0.08986327976835429,False
2025-03-04,daily_uci,r_uci,500,4,0.8117536486462258,-1.696458696327976,0.0897990459055733,False
2025-03-05,daily_uci,r_uci,500,4,0.7994217706358371,-1.8061149938465504,0.07090037923735348,False
2025-03-06,daily_uci,r_uci,500,4,0.7847823925220393,-1.938928951078688,0.05250999011764068,False
2025-03-07,daily_uci,r_uci,500,4,0.7742082798323341,-2.0479420025364328,0.040565682602011766,True
2025-03-11,daily_uci,r_uci,500,4,0.8200072480840869,-1.5532230482472638,0.12036985684634938,False
2025-03-12,daily_uci,r_uci,500,4,0.8164377568999585,-1.583289620271285,0.11335546763521243,False
2025-03-13,daily_uci,r_uci,500,4,0.809974414180274,-1.6364639690704592,0.10174252063501799,False
2025-03-14,daily_uci,r_uci,500,4,0.8069821504490557,-1.660350263834174,0.09684400948186078,False
2025-03-17,daily_uci,r_uci,500,4,0.8015898941235798,-1.7069581171289374,0.08782983738017025,False
2025-03-18,daily_uci,r_uci,500,4,0.8036519174991007,-1.677768115379848,0.093392376102164,False
2025-03-19,daily_uci,r_uci,500,4,0.8036996266723834,-1.6772589080651323,0.0934918642089908,False
2025-03-20,daily_uci,r_uci,500,4,0.8051235045820583,-1.6657266182586792,0.0957678777582589,False
2025-03-24,daily_uci,r_uci,500,4,0.800350778416249,-1.7112155867265302,0.08704132237513917,False
2025-03-25,daily_uci,r_uci,500,4,0.799769619249668,-1.7159854014089677,0.0861647143972708,False
2025-03-26,daily_uci,r_uci,500,4,0.8006832924015673,-1.7068343110387953,0.0878528531093179,False
2025-03-27,daily_uci,r_uci,500,4,0.8026323264445505,-1.690315344520726,0.09096764102398214,False
2025-03-28,daily_uci,r_uci,500,4,0.802435351918918,-1.6923509123959917,0.09057908583899987,False
2025-04-01,daily_uci,r_uci,500,4,0.8027566698397378,-1.686069113838651,0.09178248813835888,False
2025-04-02,daily_uci,r_uci,500,4,0.8034129317773292,-1.6798135484550845,0.09299359826829878,False
2025-04-03,daily_uci,r_uci,500,4,0.8030548290694154,-1.6827371803253286,0.09242598076280961,False
2025-04-04,daily_uci,r_uci,500,4,0.8034991850777231,-1.6773352614392993,0.09347694099305803,False
2025-04-07,daily_uci,r_uci,500,4,0.8000109111550604,-1.7077264647412167,0.0876871091839071,False
2025-04-08,daily_uci,r_uci,500,4,0.7985718923071919,-1.7204593811732103,0.08534897103236427,False
2025-04-09,daily_uci,r_uci,500,4,0.7976092452518297,-1.7251937523262837,0.08449256124557514,False
2025-04-10,daily_uci,r_uci,500,4,0.7987762809688143,-1.7102455170894957,0.08722048198289034,False
2025-04-11,daily_uci,r_uci,500,4,0.7988009514626562,-1.7099650511095597,0.08727233592942651,False
2025-04-14,daily_uci,r_uci,500,4,0.798689714849191,-1.7114254337586101,0.08700260538392546,False
2025-04-15,daily_uci,r_uci,500,4,0.7987551345925594,-1.7111290062868538,0.08705730060647032,False
2025-04-16,daily_uci,r_uci,500,4,0.798139177110549,-1.716898505422971,0.08599771803575118,False
2025-04-17,daily_uci,r_uci,500,4,0.7973716031442013,-1.7255573898822425,0.08442707069450583,False
2025-04-18,daily_uci,r_uci,500,4,0.7969794390140152,-1.7299947389093469,0.08363121520552852,False
2025-04-21,daily_uci,r_uci,500,4,0.7975107858922792,-1.7244102547025795,0.08463380762694461,False
2025-04-22,daily_uci,r_uci,500,4,0.7979866169342563,-1.7200724742883748,0.08541926846548553,False
2025-04-23,daily_uci,r_uci,500,4,0.7496893685749368,-2.1337481656663693,0.03286340101102603,True
2025-04-24,daily_uci,r_uci,500,4,0.7263081510016821,-2.339686220133496,0.019299947283030194,True
2025-04-25,daily_uci,r_uci,500,4,0.6871644566341633,-2.682267214844526,0.007312502411326749,True
2025-04-28,daily_uci,r_uci,500,4,0.7935536549295935,-1.9044228592097876,0.056855134430126464,False
2025-04-29,daily_uci,r_uci,500,4,0.8051511526757521,-1.7824442090088808,0.0746768216155762,False
2025-04-30,daily_uci,r_uci,500,4,0.7994133060270694,-1.8319752990708484,0.06695510078482036,False
2025-05-01,daily_uci,r_uci,500,4,0.7969055380734725,-1.851343630009038,0.06412013308274744,False
2025-05-02,daily_uci,r_uci,500,4,0.7955343623369702,-1.8637369476788652,0.06235865408301389,False
2025-05-05,daily_uci,r_uci,500,4,0.7934362442055088,-1.8806243511600333,0.06002303681838317,False
2025-05-06,daily_uci,r_uci,500,4,0.792745153927201,-1.8865573565616576,0.059219886968843616,False
2025-05-07,daily_uci,r_uci,500,4,0.7915087863886134,-1.8979779493500148,0.057698986842929845,False
2025-05-08,daily_uci,r_uci,500,4,0.7941161963680861,-1.8694530610806233,0.061559808269864735,False
2025-05-12,daily_uci,r_uci,500,4,0.794012528142179,-1.8702019352401804,0.06145578108817662,False
2025-05-13,daily_uci,r_uci,500,4,0.7817453486322694,-1.9818988541592568,0.04749056222493819,True
2025-05-14,daily_uci,r_uci,500,4,0.7708114311576618,-2.093271807155406,0.036324897863774464,True
2025-05-15,daily_uci,r_uci,500,4,0.7454618829111033,-2.3305872809879125,0.019775132802116735,True
2025-05-16,daily_uci,r_uci,500,4,0.7555546428606805,-2.136475145267639,0.03264070475510761,True
2025-05-19,daily_uci,r_uci,500,4,0.752690379383835,-2.163589800935575,0.030495844978504216,True
2025-05-20,daily_uci,r_uci,500,4,0.7519104890292635,-2.17030454414741,0.029983782608946852,True
2025-05-21,daily_uci,r_uci,500,4,0.754259949942632,-2.1422939188576158,0.03216983788484229,True
2025-05-22,daily_uci,r_uci,500,4,0.7544874205014408,-2.139530479329816,0.03239273017567923,True
2025-05-23,daily_uci,r_uci,500,4,0.7541646548116869,-2.143182268390299,0.03209846551767703,True
2025-05-26,daily_uci,r_uci,500,4,0.7531417086382561,-2.1539953791918807,0.031240534292749533,True
2025-05-27,daily_uci,r_uci,500,4,0.7526432677437116,-2.157254560505431,0.030985835391503347,True
2025-05-28,daily_uci,r_uci,500,4,0.7498722110470099,-2.182629307510685,0.029063119704822782,True
2025-05-29,daily_uci,r_uci,500,4,0.7485753782339495,-2.1897857665866023,0.028539777474450467,True
2025-05-30,daily_uci,r_uci,500,4,0.7445108672158576,-2.2246920113086177,0.026101920935032386,True
2025-06-02,daily_uci,r_uci,500,4,0.7404151270585021,-2.260058915401314,0.023817594563035893,True
2025-06-03,daily_uci,r_uci,500,4,0.7394306196753291,-2.2694863398246015,0.02323876699487948,True
2025-06-04,daily_uci,r_uci,500,4,0.7420408619793724,-2.238962801797851,0.025158336599788056,True
2025-06-05,daily_uci,r_uci,500,4,0.7398649274208106,-2.2667870105508907,0.02340324001098626,True
2025-06-09,daily_uci,r_uci,500,4,0.7403016697762642,-2.256648619720966,0.024030039756250066,True
2025-06-10,daily_uci,r_uci,500,4,0.7411965061322626,-2.2485406150425926,0.024541738282939374,True
2025-06-11,daily_uci,r_uci,500,4,0.7424150649822963,-2.238404747926462,0.02519467269766129,True
2025-06-12,daily_uci,r_uci,500,4,0.7422209528826851,-2.2383350276453657,0.025199215527013763,True
2025-06-13,daily_uci,r_uci,500,4,0.7398784155464246,-2.265382844496367,0.023489196170032756,True
2025-06-16,daily_uci,r_uci,500,4,0.7404942022492661,-2.259832006653843,0.023831679132810146,True
2025-06-17,daily_uci,r_uci,500,4,0.743099753938353,-2.231733847908527,0.025632558756828683,True
2025-06-18,daily_uci,r_uci,500,4,0.7419261519059417,-2.244697704289653,0.024787545530060573,True
2025-06-19,daily_uci,r_uci,500,4,0.7366037537978771,-2.291444241078913,0.021937733297165307,True
2025-06-20,daily_uci,r_uci,500,4,0.7365291811257573,-2.2923758902054368,0.02188396203323517,True
2025-06-23,daily_uci,r_uci,500,4,0.7372360290645785,-2.2867828004090103,0.022208503896837595,True
2025-06-24,daily_uci,r_uci,500,4,0.7460695663815257,-2.1801334416826377,0.029247571516383575,True
2025-06-25,daily_uci,r_uci,500,4,0.7460497509569406,-2.178947095973618,0.029335598553234643,True
2025-06-26,daily_uci,r_uci,500,4,0.7456871173420611,-2.1819145127137225,0.029115842551604265,True
2025-06-27,daily_uci,r_uci,500,4,0.7457676089718629,-2.1812055350688313,0.029168217618355197,True
2025-06-30,daily_uci,r_uci,500,4,0.7466971588416407,-2.1713529499185498,0.0299045025947533,True
2025-07-01,daily_uci,r_uci,500,4,0.7410028124129427,-2.2210480200730576,0.0263477091198705,True
2025-07-02,daily_uci,r_uci,500,4,0.7352323019422264,-2.2723548714156676,0.023065085104255756,True
2025-07-03,daily_uci,r_uci,500,4,0.7317953516373101,-2.3055374067538668,0.021136494270184825,True
2025-07-04,daily_uci,r_uci,500,4,0.746796175060192,-2.1302918975873775,0.033147522066934165,True
2025-07-07,daily_uci,r_uci,500,4,0.7470413213135738,-2.132203147252165,0.032990149856370055,True
2025-07-08,daily_uci,r_uci,500,4,0.7494712306107227,-2.109426300025275,0.03490780134671723,True
2025-07-09,daily_uci,r_uci,500,4,0.7517300339517529,-2.0878627976803217,0.036810212879363036,True
2025-07-10,daily_uci,r_uci,500,4,0.7546229924488586,-2.0627619425881916,0.03913525150676356,True
2025-07-11,daily_uci,r_uci,500,4,0.7547674321097146,-2.0621985048224434,0.03918884101134523,True
2025-07-14,daily_uci,r_uci,500,4,0.7548020023904003,-2.0620032694806887,0.03920742470163274,True
2025-07-15,daily_uci,r_uci,500,4,0.752974278635192,-2.081907061514984,0.037350959656247795,True
2025-07-16,daily_uci,r_uci,500,4,0.7536231304309656,-2.0756707882807843,0.037924409443136575,True
2025-07-17,daily_uci,r_uci,500,4,0.7392472430713355,-2.19602563615086,0.028090108510240075,True
2025-07-18,daily_uci,r_uci,500,4,0.697982095081178,-2.5448780014829135,0.010931592334585627,True
2025-07-21,daily_uci,r_uci,500,4,0.6446528617893034,-3.000648738551658,0.002694051433780764,True
2025-07-22,daily_uci,r_uci,500,4,0.6156850427885451,-3.578473267913756,0.00034560720959664337,True
2025-07-23,daily_uci,r_uci,500,4,0.6246076712818218,-3.4345503414254455,0.000593537815374745,True
2025-07-24,daily_uci,r_uci,500,4,0.6268035876808319,-3.4040121588592522,0.000664037974749565,True
2025-07-25,daily_uci,r_uci,500,4,0.6205734512712499,-3.466682557256018,0.0005269237824265804,True
2025-07-28,daily_uci,r_uci,500,4,0.6183721493381844,-3.497763863037392,0.0004691763436732721,True
2025-07-29,daily_uci,r_uci,500,4,0.6191268067791487,-3.5032123112518203,0.00045968291103481995,True
2025-07-30,daily_uci,r_uci,500,4,0.6360783786009079,-3.2974168762946685,0.000975785529969464,True
2025-07-31,daily_uci,r_uci,500,4,0.6166869966261741,-3.4773278630238726,0.0005064381239212601,True
2025-08-01,daily_uci,r_uci,500,4,0.6065482908645536,-3.57002201847768,0.00035695122303214255,True
2025-08-04,daily_uci,r_uci,500,4,0.6083329638700017,-3.571587666396334,0.00035482373648321186,True
2025-08-05,daily_uci,r_uci,500,4,0.6150154152681657,-3.4735057173046893,0.000513706418703519,True
2025-08-06,daily_uci,r_uci,500,4,0.6107846119801762,-3.5162462196936275,0.0004376948728965768,True
2025-08-07,daily_uci,r_uci,500,4,0.6104421254352655,-3.5191700926653073,0.0004328990671191857,True
2025-08-08,daily_uci,r_uci,500,4,0.6106988743019092,-3.5189868523123,0.0004331981755014702,True
2025-08-11,daily_uci,r_uci,500,4,0.62349942276417,-3.3857080357419576,0.0007099487411286187,True
2025-08-12,daily_uci,r_uci,500,4,0.6222486161366818,-3.409666669512322,0.0006504232183768277,True
2025-08-13,daily_uci,r_uci,500,4,0.6166301826674657,-3.4688279112320686,0.0005227341733897717,True
2025-08-14,daily_uci,r_uci,500,4,0.6226920083882667,-3.414146702488203,0.0006398211446629887,True
2025-08-15,daily_uci,r_uci,500,4,0.6258356251230353,-3.3784927155883144,0.0007288436338404036,True
2025-08-18,daily_uci,r_uci,500,4,0.6297675398107265,-3.34133575387532,0.0008337633051829219,True
2025-08-19,daily_uci,r_uci,500,4,0.6293183932397148,-3.3498074379001443,0.0008086775774986954,True
2025-08-20,daily_uci,r_uci,500,4,0.6366382724786336,-3.3369070065497524,0.0008471628829764821,True
2025-08-21,daily_uci,r_uci,500,4,0.6397969859638559,-3.3571468246886784,0.0007875128122469821,True
2025-08-22,daily_uci,r_uci,500,4,0.6416419381388635,-3.3817394221274855,0.0007202843433875561,True
2025-08-25,daily_uci,r_uci,500,4,0.6632626189742358,-3.161247992065442,0.0015709468817250993,True
2025-08-26,daily_uci,r_uci,500,4,0.6644311749441333,-3.1594516468898894,0.001580663268192506,True
2025-08-27,daily_uci,r_uci,500,4,0.672622240752667,-3.0827569799452137,0.00205092566131726,True
2025-08-28,daily_uci,r_uci,500,4,0.6704522454496163,-3.1139359035325795,0.0018460958956176832,True
2025-08-29,daily_uci,r_uci,500,4,0.6766574940749975,-3.0589431782701917,0.0022211927508206664,True
2025-09-02,daily_uci,r_uci,500,4,0.6742996595408168,-3.0786032844820737,0.0020797342454417223,True
2025-09-03,daily_uci,r_uci,500,4,0.6658916324942745,-3.1641572366419606,0.0015553274363013792,True
2025-09-04,daily_uci,r_uci,500,4,0.6595157696441645,-3.2199147482566683,0.001282287238068669,True
2025-09-05,daily_uci,r_uci,500,4,0.6616360790203399,-3.198729726097566,0.0013803450911964443,True
2025-09-08,daily_uci,r_uci,500,4,0.6692953899771409,-3.1117529130270802,0.0018598009024046736,True
2025-09-09,daily_uci,r_uci,500,4,0.674409023040842,-3.0627958826255277,0.0021927957568708134,True
2025-09-10,daily_uci,r_uci,500,4,0.6708212074908053,-3.0902839373647324,0.0019996523339547156,True
2025-09-11,daily_uci,r_uci,500,4,0.6700939387877274,-3.0979773335858822,0.0019484633064303924,True
2025-09-12,daily_uci,r_uci,500,4,0.6694427671477386,-3.10492777033535,0.001903254956249878,True
2025-09-15,daily_uci,r_uci,500,4,0.6749382531444571,-3.0358550812631027,0.0023985461669739916,True
2025-09-16,daily_uci,r_uci,500,4,0.6753825664211053,-3.033786326381427,0.002415054147927087,True
2025-09-17,daily_uci,r_uci,500,4,0.6747311778819526,-3.0417549505973893,0.0023520328754726982,True
2025-09-18,daily_uci,r_uci,500,4,0.6771615471376179,-3.030456844604892,0.0024418408005122405,True
2025-09-19,daily_uci,r_uci,500,4,0.6852303305563902,-2.9185263784266313,0.0035169011823494856,True
2025-09-22,daily_uci,r_uci,500,4,0.6854297381693419,-2.9158244641259836,0.00354750027980133,True
2025-09-23,daily_uci,r_uci,500,4,0.6866247545456047,-2.9033471060571907,0.003691971927877402,True
2025-09-24,daily_uci,r_uci,500,4,0.6860834901930046,-2.90386652428183,0.00368585260255605,True
2025-09-25,daily_uci,r_uci,500,4,0.6777992923551377,-2.998508275719221,0.0027130478800896363,True
2025-09-26,daily_uci,r_uci,500,4,0.6809002580548487,-2.9716283797460563,0.002962249987440435,True
2025-09-29,daily_uci,r_uci,500,4,0.6883328390597078,-2.90210635584249,0.00370662674908373,True
2025-09-30,daily_uci,r_uci,500,4,0.6652548743817165,-3.119039841920455,0.0018144142494720406,True
2025-10-02,daily_uci,r_uci,500,4,0.6548302842195293,-3.1944512356265364,0.0014009695122114696,True
2025-10-03,daily_uci,r_uci,500,4,0.6524151386296648,-3.221150250535632,0.0012767719310353698,True
2025-10-06,daily_uci,r_uci,500,4,0.659867289727666,-3.124755372886037,0.0017795298160530049,True
2025-10-07,daily_uci,r_uci,500,4,0.6534753295654798,-3.188309922154068,0.001431070620776298,True
2025-10-08,daily_uci,r_uci,500,4,0.6561795273785889,-3.1632836246234746,0.0015600026824551527,True
2025-10-09,daily_uci,r_uci,500,4,0.656222929706855,-3.1666116331889373,0.0015422613792186457,True
2025-10-10,daily_uci,r_uci,500,4,0.660126359923348,-3.178984246551012,0.0014779212324795843,True
2025-10-13,daily_uci,r_uci,500,4,0.6756150856465115,-2.9671095946452906,0.0030061378437806763,True
2025-10-14,daily_uci,r_uci,500,4,0.6811546368767759,-2.919013621814617,0.003511408793253512,True
2025-10-15,daily_uci,r_uci,500,4,0.6890307827528354,-2.849142798120383,0.004383720009873082,True
2025-10-16,daily_uci,r_uci,500,4,0.6818816265516381,-2.9250150299760356,0.003444395868085426,True
2025-10-17,daily_uci,r_uci,500,4,0.6808128452252842,-2.9327633694824042,0.003359598417812082,True
2025-10-20,daily_uci,r_uci,500,4,0.6771436912581924,-2.9727303053155123,0.0029516367878830163,True
2025-10-21,daily_uci,r_uci,500,4,0.6897348638274133,-2.857349206576205,0.004271955624062684,True
2025-10-22,daily_uci,r_uci,500,4,0.6972862757841756,-2.779422437825928,0.005445565642355321,True
2025-10-23,daily_uci,r_uci,500,4,0.70463417906508,-2.700702800775725,0.006919313813799732,True
2025-10-24,daily_uci,r_uci,500,4,0.692269254959388,-2.8144080681217574,0.004886715259898811,True
2025-10-27,daily_uci,r_uci,500,4,0.683579668855798,-2.898274526031115,0.003752219950339919,True
2025-10-28,daily_uci,r_uci,500,4,0.6842321916754143,-2.9294709891802033,0.003395395063561457,True
2025-10-29,daily_uci,r_uci,500,4,0.6996783717537828,-2.7485109192268493,0.005986664084216109,True
2025-10-30,daily_uci,r_uci,500,4,0.6919581811052852,-2.8201411043277695,0.004800253637078589,True
2025-10-31,daily_uci,r_uci,500,4,0.6902811047557664,-2.846459367806254,0.004420837062350413,True
2025-11-03,daily_uci,r_uci,500,4,0.6721770923760022,-3.086413007192129,0.0020258721626926768,True
2025-11-04,daily_uci,r_uci,500,4,0.6806358237684628,-3.0053749500681035,0.00265253641525387,True
2025-11-05,daily_uci,r_uci,500,4,0.6810639076556202,-2.999890820446979,0.0027007639562182106,True
2025-11-06,daily_uci,r_uci,500,4,0.6960407457982528,-2.867010101706279,0.0041436978605680075,True
2025-11-07,daily_uci,r_uci,500,4,0.6833982337101694,-2.999926228273705,0.002700450025838963,True
2025-11-10,daily_uci,r_uci,500,4,0.6664669923927846,-3.1457523769760924,0.0016566019837511714,True
2025-11-11,daily_uci,r_uci,500,4,0.6625122874323092,-3.1884079701021286,0.0014305853999154738,True
2025-11-12,daily_uci,r_uci,500,4,0.6343240040483745,-3.509227537067008,0.0004494102534187139,True
2025-11-13,daily_uci,r_uci,500,4,0.6445690157595192,-3.556626402690588,0.00037564777537868466,True
2025-11-14,daily_uci,r_uci,500,4,0.6478291800971324,-3.611396302955675,0.0003045528571237188,True
2025-11-17,daily_uci,r_uci,500,4,0.6712835243945604,-3.51183770270159,0.00044501967408927534,True
2025-11-18,daily_uci,r_uci,500,4,0.6768804564703627,-3.416041787099116,0.0006353849601699046,True
2025-11-19,daily_uci,r_uci,500,4,0.6737146741349992,-3.4780563327736114,0.0005050637698840177,True
2025-11-20,daily_uci,r_uci,500,4,0.6766948133991998,-3.44028488517821,0.0005811021695165675,True
2025-11-21,daily_uci,r_uci,500,4,0.6808174883539237,-3.3958002429357332,0.0006842827909223637,True
2025-11-24,daily_uci,r_uci,500,4,0.6832249038876185,-3.3672442598809833,0.0007592340882618398,True
2025-11-25,daily_uci,r_uci,500,4,0.677935249178156,-3.464812642608625,0.0005306009953376378,True
2025-11-26,daily_uci,r_uci,500,4,0.6835484240035665,-3.392154599452567,0.0006934530108766435,True
2025-11-27,daily_uci,r_uci,500,4,0.6867917521106964,-3.352093718643965,0.0008020286362382389,True
2025-11-28,daily_uci,r_uci,500,4,0.6815077850519079,-3.4086135030336364,0.0006529391613512292,True
2025-12-01,daily_uci,r_uci,500,4,0.676514211998054,-3.4684089260571054,0.0005235499517310949,True
2025-12-02,daily_uci,r_uci,500,4,0.6860780451582542,-3.3390430448152206,0.0008406753647762777,True
2025-12-03,daily_uci,r_uci,500,4,0.6878112386199394,-3.3162609415005595,0.0009123060213744871,True
2025-12-04,daily_uci,r_uci,500,4,0.6878249818330648,-3.3264629078245016,0.0008795572518347505,True
2025-12-05,daily_uci,r_uci,500,4,0.6637099713110766,-3.6655914544321186,0.00024676760402031483,True
2025-12-09,daily_uci,r_uci,500,4,0.6702585488618067,-3.5841752355240466,0.00033814501495621485,True
2025-12-10,daily_uci,r_uci,500,4,0.675667412004231,-3.5177195600486013,0.0004352720997702342,True
2025-12-11,daily_uci,r_uci,500,4,0.6771400745499963,-3.5057447465708833,0.00045533165965339073,True
2025-12-12,daily_uci,r_uci,500,4,0.683707085418405,-3.426795625239973,0.0006107485543809243,True
2025-12-15,daily_uci,r_uci,500,4,0.6836762886337697,-3.4276148847388668,0.0006089085979359421,True
2025-12-16,daily_uci,r_uci,500,4,0.6893078478736892,-3.3755045285686527,0.0007368047945419676,True
2025-12-17,daily_uci,r_uci,500,4,0.6925326279927092,-3.3421759565401636,0.0008312434889410358,True
2025-12-18,daily_uci,r_uci,500,4,0.6948717710937118,-3.301749289207489,0.0009608391064701571,True
2025-12-19,daily_uci,r_uci,500,4,0.6933043881204615,-3.3283735378019306,0.000873546544333248,True
2025-12-22,daily_uci,r_uci,500,4,0.6933004998026278,-3.3350250582242893,0.0008529171307192218,True
2025-12-23,daily_uci,r_uci,500,4,0.6872458026081122,-3.4238705705091443,0.0006173601665908635,True
2025-12-24,daily_uci,r_uci,500,4,0.6832372614556753,-3.467242703963284,0.0005258268774273045,True
2025-12-25,daily_uci,r_uci,500,4,0.7067508738407527,-3.179871977086798,0.0014734013064272578,True
2025-12-26,daily_uci,r_uci,500,4,0.6969692110870531,-3.272546254691224,0.0010658343131311199,True
2025-12-29,daily_uci,r_uci,500,4,0.6982199447508006,-3.1911632135073167,0.0014170120737353464,True
2025-12-30,daily_uci,r_uci,500,4,0.6903965585850756,-3.2688353395582643,0.0010799112652455367,True
2026-01-05,daily_uci,r_uci,500,4,0.6922838319587659,-3.2488998303157706,0.001158522669414408,True
2026-01-06,daily_uci,r_uci,500,4,0.6877779005150141,-3.3298379595205136,0.0008689653821505328,True
2026-01-07,daily_uci,r_uci,500,4,0.6883403889718754,-3.328656419389207,0.0008726598623660653,True
2026-01-08,daily_uci,r_uci,500,4,0.6894578108783611,-3.2591221725091204,0.0011175752982555132,True
2026-01-09,daily_uci,r_uci,500,4,0.6831355286632254,-3.318281726134922,0.0009057308085498317,True
2026-01-12,daily_uci,r_uci,500,4,0.6885493891972226,-3.259626787256381,0.001115589059036859,True
2026-01-13,daily_uci,r_uci,500,4,0.7045990117182224,-3.0776817569777415,0.0020861757418990656,True
2026-01-14,daily_uci,r_uci,500,4,0.6981927990500472,-3.16396274781344,0.0015563671501905851,True
2026-01-15,daily_uci,r_uci,500,4,0.686732926077696,-3.271204478558115,0.0010709044846934912,True
2026-01-16,daily_uci,r_uci,500,4,0.6898573354509693,-3.2133757380333914,0.0013118454936196233,True
2026-01-19,daily_uci,r_uci,500,4,0.6944176771720879,-3.1717921738225288,0.0015150138428854376,True
2026-01-20,daily_uci,r_uci,500,4,0.709788001478278,-3.0313330524096833,0.0024347652157099553,True
2026-01-21,daily_uci,r_uci,500,4,0.722757074199485,-2.9460449302518255,0.0032186564307161714,True
2026-01-22,daily_uci,r_uci,500,4,0.733823476573029,-2.7947538851648277,0.005193923980463255,True
2026-01-23,daily_uci,r_uci,500,4,0.7338793941438787,-2.794215536734133,0.005202579024883525,True
2026-01-26,daily_uci,r_uci,500,4,0.7245885025885003,-2.9218166022979486,0.003479963871896974,True
2026-01-27,daily_uci,r_uci,500,4,0.7244843452140218,-2.9437176800208547,0.0032429567653051716,True
2026-01-28,daily_uci,r_uci,500,4,0.7226916804811481,-2.9929472440607063,0.0027629750547604193,True
2026-01-29,daily_uci,r_uci,500,4,0.732165921369033,-2.8673255953509997,0.004139568917412184,True
2026-01-30,daily_uci,r_uci,500,4,0.731640305722835,-2.8789621874222764,0.003989861689845053,True
2026-02-02,daily_uci,r_uci,500,4,0.7287696930056792,-2.911605472149691,0.003595764874108731,True
2026-02-03,daily_uci,r_uci,500,4,0.7323108137526899,-2.8664192552758,0.0041514404668909766,True
2026-02-04,daily_uci,r_uci,500,4,0.7353298658938927,-2.8278530291179824,0.004686131494698653,True
2026-02-05,daily_uci,r_uci,500,4,0.7349866197417517,-2.8340392980746953,0.004596367928433542,True
2026-02-06,daily_uci,r_uci,500,4,0.7341433328083777,-2.843632996516175,0.004460239041906844,True
2026-02-09,daily_uci,r_uci,500,4,0.7309939919384978,-2.89046160621674,0.003846765165615551,True
2026-02-10,daily_uci,r_uci,500,4,0.7113955853978876,-3.0647254821377325,0.00217869874370491,True
2026-02-11,daily_uci,r_uci,500,4,0.712294406926494,-3.042291344545928,0.0023478452862624177,True
2026-02-12,daily_uci,r_uci,500,4,0.7104597801634291,-3.0515188165313325,0.0022768677703650653,True
2026-02-13,daily_uci,r_uci,500,4,0.7213849592493671,-2.9319717944232737,0.0033681733555677162,True
2026-02-16,daily_uci,r_uci,500,4,0.7198957631237461,-2.9487850772539033,0.0031902575339408656,True
2026-02-17,daily_uci,r_uci,500,4,0.7206294320024201,-2.942867896874112,0.0032518714854035125,True
2026-02-18,daily_uci,r_uci,500,4,0.7253996889949093,-2.8937806027208217,0.0038063402004211433,True
2026-02-19,daily_uci,r_uci,500,4,0.717845251230046,-2.985565929353476,0.002830541145315335,True
2026-02-20,daily_uci,r_uci,500,4,0.722568312036597,-2.895292360193127,0.003788055461545925,True
2026-02-23,daily_uci,r_uci,500,4,0.7228680402799997,-2.8898352710676893,0.0038544374574713824,True
2026-02-24,daily_uci,r_uci,500,4,0.7210875445471044,-2.9078243489058995,0.0036395270142728364,True
2026-02-25,daily_uci,r_uci,500,4,0.7221732111357905,-2.8922678707352016,0.003824716969005326,True
2026-02-26,daily_uci,r_uci,500,4,0.709148455873022,-3.116163107737648,0.0018322089936257946,True
2026-02-27,daily_uci,r_uci,500,4,0.7177431812770064,-3.0135478472428368,0.0025821232077483103,True
2026-03-02,daily_uci,r_uci,500,4,0.722136351103431,-2.962702255308778,0.00304951391098629,True
2026-03-03,daily_uci,r_uci,500,4,0.72858608085387,-2.918594757546095,0.0035161299161798887,True
2026-03-04,daily_uci,r_uci,500,4,0.733127845609886,-2.752895092666397,0.005907082176063616,True
2026-03-05,daily_uci,r_uci,500,4,0.7325012791953199,-2.6616495743794553,0.007775878436074413,True
2026-03-06,daily_uci,r_uci,500,4,0.7442157172243838,-2.535709385798304,0.011221981889680155,True
2026-03-10,daily_uci,r_uci,500,4,0.7421897893256149,-2.5492975153201383,0.010794017218553886,True
2026-03-11,daily_uci,r_uci,500,4,0.7477824353494973,-2.4952707342278475,0.012586105978151574,True
2026-03-12,daily_uci,r_uci,500,4,0.7154290165564072,-2.9606640507371966,0.0030697658598775046,True
2026-03-13,daily_uci,r_uci,500,4,0.7268508453094371,-2.8285239700922267,0.004676319899691972,True
2026-03-16,daily_uci,r_uci,500,4,0.6939548824104782,-2.905037749797757,0.0036720880876990325,True
2026-03-17,daily_uci,r_uci,500,4,0.6770974536443127,-2.5732555837873115,0.010074677833898038,True
2026-03-18,daily_uci,r_uci,500,4,0.6760354479149719,-2.551952358515989,0.01071211653378934,True
2026-03-19,daily_uci,r_uci,500,4,0.6747400746774711,-2.561823278986683,0.010412428556517472,True
2026-03-24,daily_uci,r_uci,500,4,0.6511575097048361,-2.797620345834384,0.0051480584841137045,True
2026-03-25,daily_uci,r_uci,500,4,0.6676187775979856,-2.6575876989847793,0.007870211074473499,True
2026-03-26,daily_uci,r_uci,500,4,0.6768963581416562,-2.582203603260142,0.00981716487394002,True
2026-03-27,daily_uci,r_uci,500,4,0.6864519907849783,-2.501126621053512,0.012379890723554388,True
2026-03-30,daily_uci,r_uci,500,4,0.6862932487051845,-2.5024271001350407,0.012334502472343578,True
2026-03-31,daily_uci,r_uci,500,4,0.6856650720750127,-2.5138350623225696,0.011942627279279305,True
2026-04-01,daily_uci,r_uci,500,4,0.686122267195717,-2.5100799352427896,0.012070383501707527,True
2026-04-02,daily_uci,r_uci,500,4,0.686689225915875,-2.505374675811659,0.012232173889767939,True
2026-04-03,daily_uci,r_uci,500,4,0.6837899803350629,-2.558407693607914,0.010515273234251943,True
2026-04-06,daily_uci,r_uci,500,4,0.6859358906846399,-2.5409021557408082,0.011056685657427012,True
2026-04-07,daily_uci,r_uci,500,4,0.6898812923941229,-2.5125363773256253,0.011986674633190697,True
2026-04-08,daily_uci,r_uci,500,4,0.6949238679813067,-2.469826788471741,0.01351784880543283,True
2026-04-09,daily_uci,r_uci,500,4,0.69315694809308,-2.5007995628926496,0.01239132869322801,True
2026-04-10,daily_uci,r_uci,500,4,0.6951677232493991,-2.484659561780674,0.012967537963668896,True
2026-04-13,daily_uci,r_uci,500,4,0.6942040206920825,-2.4924404947064374,0.012686858688284675,True
2026-04-14,daily_uci,r_uci,500,4,0.6934305112322756,-2.4989187810718767,0.01245728577884786,True
2026-04-15,daily_uci,r_uci,500,4,0.6864630855309977,-2.5754138403108726,0.01001202141425761,True
2026-04-16,daily_uci,r_uci,500,4,0.6893240553537197,-2.5427520714207117,0.010998323818864897,True
2026-04-17,daily_uci,r_uci,500,4,0.6905549875878004,-2.5327086337692784,0.011318499090726686,True
2026-04-20,daily_uci,r_uci,500,4,0.6665967230073557,-2.831685258020388,0.004630340185718618,True
2026-04-21,daily_uci,r_uci,500,4,0.654152403889237,-2.803793291506467,0.005050527355685341,True
2026-04-22,daily_uci,r_uci,500,4,0.6491258897389844,-2.7144408701492457,0.006638775065664015,True
2026-04-23,daily_uci,r_uci,500,4,0.6316586607612588,-2.7283217989777913,0.006365747424041501,True
2026-04-24,daily_uci,r_uci,500,4,0.6368976274835878,-2.688909944380888,0.007168575545762446,True
2026-04-27,daily_uci,r_uci,500,4,0.6374714016953381,-2.681987332170999,0.007318623107257061,True
2026-04-28,daily_uci,r_uci,500,4,0.6141675707239351,-2.9363267673567646,0.0033212426420565766,True
2026-04-29,daily_uci,r_uci,500,4,0.6218858493155882,-2.8757178355715474,0.004031098855975079,True
2026-04-30,daily_uci,r_uci,500,4,0.6330342954798716,-2.789872557654582,0.005272879237458339,True
2018-10-03,daily_fx,r_fx,500,4,0.9920966726299145,-0.9722059594643248,0.33094809640292233,False
2018-10-04,daily_fx,r_fx,500,4,0.9920842415922616,-0.9736962146404275,0.3302073973718276,False
2018-10-05,daily_fx,r_fx,500,4,0.992073329794353,-0.9767068761281761,0.328714290019436,False
2018-10-08,daily_fx,r_fx,500,4,0.9920602147099339,-0.9783180577768825,0.3279170414886061,False
2018-10-09,daily_fx,r_fx,500,4,0.992074624163148,-0.9763720706395779,0.3288801167925013,False
2018-10-10,daily_fx,r_fx,500,4,0.9920783522790135,-0.9775766514469102,0.3282837498808613,False
2018-10-11,daily_fx,r_fx,500,4,0.9920767268475889,-0.9777773476878823,0.32818445688677245,False
2018-10-12,daily_fx,r_fx,500,4,0.9920904716746342,-0.9760810214773008,0.3290243154201793,False
2018-10-15,daily_fx,r_fx,500,4,0.9921058341048521,-0.9741845595967166,0.3299649097313955,False
2018-10-16,daily_fx,r_fx,500,4,0.9921020018301929,-0.9714806586801258,0.33130897997129205,False
2018-10-17,daily_fx,r_fx,500,4,0.9920832805913224,-0.9755582077288913,0.32928344337292126,False
2018-10-18,daily_fx,r_fx,500,4,0.9920722593920298,-0.9769165587764103,0.32861046330829247,False
2018-10-19,daily_fx,r_fx,500,4,0.9920612316140939,-0.9782749494516271,0.32793835609881095,False
2018-10-22,daily_fx,r_fx,500,4,0.9920750266465979,-0.9765735959556661,0.3287802962437094,False
2018-10-23,daily_fx,r_fx,500,4,0.9920711162821362,-0.9764947826695579,0.32881933210422254,False
2018-10-24,daily_fx,r_fx,500,4,0.9920531243203019,-0.9787120874051128,0.3277222579509935,False
2018-10-25,daily_fx,r_fx,500,4,0.9920494851225992,-0.9791607741992916,0.32750054678947826,False
2018-10-26,daily_fx,r_fx,500,4,0.9920458453231329,-0.979608559887785,0.32727937798567885,False
2018-10-29,daily_fx,r_fx,500,4,0.9920602047327277,-0.9778386522683222,0.32815413077952726,False
2018-10-30,daily_fx,r_fx,500,4,0.9920622579645143,-0.977958268118129,0.3280949645279687,False
2018-10-31,daily_fx,r_fx,500,4,0.9920508642114569,-0.9793633242226818,0.32740049194785437,False
2018-11-01,daily_fx,r_fx,500,4,0.9920753517834159,-0.9763474396566707,0.3288923184838817,False
2018-11-02,daily_fx,r_fx,500,4,0.9920997863896687,-0.9733391308938086,0.3303847802688513,False
2018-11-05,daily_fx,r_fx,500,4,0.9921355179469143,-0.9689413019201799,0.33257447675980956,False
2018-11-06,daily_fx,r_fx,500,4,0.9921949743182498,-0.9658578864873303,0.3341152979641753,False
2018-11-07,daily_fx,r_fx,500,4,0.9921814656727517,-0.9675309508189165,0.3332786764764486,False
2018-11-08,daily_fx,r_fx,500,4,0.9922035787850012,-0.9647956029893613,0.3346471987055204,False
2018-11-09,daily_fx,r_fx,500,4,0.9922256450212444,-0.9620670723417702,0.33601591309012124,False
2018-11-12,daily_fx,r_fx,500,4,0.9922611229374518,-0.9576811564763303,0.33822356152819744,False
2018-11-13,daily_fx,r_fx,500,4,0.9923133017487318,-0.9544951156288669,0.3398330805359382,False
2018-11-14,daily_fx,r_fx,500,4,0.9922929744863241,-0.9570205611248466,0.3385568771280769,False
2018-11-15,daily_fx,r_fx,500,4,0.9923080549473036,-0.955149019936308,0.33950234235207577,False
2018-11-16,daily_fx,r_fx,500,4,0.9923231069705534,-0.9532820547933913,0.34044718127567775,False
2018-11-19,daily_fx,r_fx,500,4,0.9923583945145791,-0.9489046370993058,0.34266911591998683,False
2018-11-20,daily_fx,r_fx,500,4,0.9924214208567728,-0.9460573496325535,0.3441193359234114,False
2018-11-21,daily_fx,r_fx,500,4,0.9924146794341657,-0.9468997656102791,0.3436898573977103,False
2018-11-22,daily_fx,r_fx,500,4,0.9924430834874545,-0.9433548735728885,0.34549941694382014,False
2018-11-23,daily_fx,r_fx,500,4,0.9924714214821011,-0.9398194127478228,0.3473101994319763,False
2018-11-26,daily_fx,r_fx,500,4,0.9925064065316149,-0.9354565146197941,0.349553083618364,False
2018-11-27,daily_fx,r_fx,500,4,0.9925583065015533,-0.932168715370186,0.35124934053472856,False
2018-11-28,daily_fx,r_fx,500,4,0.9925379646746223,-0.9347180250502044,0.3499336351203133,False
2018-11-29,daily_fx,r_fx,500,4,0.9925521569146563,-0.9329412485737646,0.35085030349788937,False
2018-11-30,daily_fx,r_fx,500,4,0.9925663238772287,-0.9311685483597988,0.3517663843900638,False
2018-12-03,daily_fx,r_fx,500,4,0.9926007468707159,-0.9268605523418341,0.3539989409294584,False
2018-12-04,daily_fx,r_fx,500,4,0.9926550754573675,-0.9237588617289554,0.355611878161481,False
2018-12-05,daily_fx,r_fx,500,4,0.99263967460728,-0.9256971467970294,0.35460339106825134,False
2018-12-06,daily_fx,r_fx,500,4,0.9926586063736157,-0.9233171644908178,0.35584194550894255,False
2018-12-07,daily_fx,r_fx,500,4,0.9926775003162561,-0.9209428072860187,0.35708028765614586,False
2018-12-10,daily_fx,r_fx,500,4,0.992711703940724,-0.9166449955035183,0.35932869791797506,False
2018-12-11,daily_fx,r_fx,500,4,0.9927724190547448,-0.9146886829684967,0.36035508719072995,False
2018-12-12,daily_fx,r_fx,500,4,0.9927749145834729,-0.9143724794534176,0.3605211575577143,False
2018-12-13,daily_fx,r_fx,500,4,0.9928114410900575,-0.9097501300293022,0.36295430021173214,False
2018-12-14,daily_fx,r_fx,500,4,0.9928478782893349,-0.9051405198951631,0.3653909480695774,False
2018-12-17,daily_fx,r_fx,500,4,0.9928817422185876,-0.9008587758403059,0.367663412149132,False
2018-12-18,daily_fx,r_fx,500,4,0.9929380993069916,-0.8976634393037944,0.36936500657773386,False
2018-12-19,daily_fx,r_fx,500,4,0.9929252259079202,-0.8993010531336315,0.368492326581741,False
2018-12-20,daily_fx,r_fx,500,4,0.9929461139599495,-0.8966468774220581,0.3699073755108824,False
2018-12-21,daily_fx,r_fx,500,4,0.992966957737399,-0.8939992257216919,0.37132230542951095,False
2018-12-24,daily_fx,r_fx,500,4,0.9930005829498961,-0.889728895032948,0.37361147475025924,False
2018-12-25,daily_fx,r_fx,500,4,0.9930562684886954,-0.88644817119558,0.3753760711780747,False
2018-12-26,daily_fx,r_fx,500,4,0.9930425971066003,-0.8881947142270139,0.37443602156701905,False
2018-12-27,daily_fx,r_fx,500,4,0.993062452003607,-0.8856609840460337,0.3758002386278123,False
2018-12-28,daily_fx,r_fx,500,4,0.9930822650132478,-0.8831334920476959,0.3771641503780727,False
2018-12-29,daily_fx,r_fx,500,4,0.993115657593754,-0.8788744158493915,0.37946937189967667,False
2019-01-04,daily_fx,r_fx,500,4,0.9931762665402456,-0.8767824982329924,0.3806047870674665,False
2019-01-05,daily_fx,r_fx,500,4,0.9931799575245671,-0.8763076901137044,0.38086278556390507,False
2019-01-07,daily_fx,r_fx,500,4,0.9932120069849157,-0.8721894815396686,0.3831050167662038,False
2019-01-08,daily_fx,r_fx,500,4,0.9932439270100155,-0.867999515978081,0.38539459761642014,False
2019-01-09,daily_fx,r_fx,500,4,0.9932713090440943,-0.8644823289888917,0.3873229835903804,False
2019-01-10,daily_fx,r_fx,500,4,0.9933033947961895,-0.8642205704211803,0.3874667341415603,False
2019-01-11,daily_fx,r_fx,500,4,0.9933306184413461,-0.8607073476926549,0.38939924524633396,False
2019-01-14,daily_fx,r_fx,500,4,0.99335868306802,-0.8570857936732793,0.39139747180253304,False
2019-01-15,daily_fx,r_fx,500,4,0.9933773572170711,-0.8526446806191526,0.39385637690894226,False
2019-01-16,daily_fx,r_fx,500,4,0.9933923966523848,-0.8545183711890568,0.3928178347601754,False
2019-01-17,daily_fx,r_fx,500,4,0.9933748019334392,-0.8567942865399513,0.3915585838398372,False
2019-01-18,daily_fx,r_fx,500,4,0.9933852594140777,-0.8554420878935024,0.3923064519397603,False
2019-01-21,daily_fx,r_fx,500,4,0.9934132800637792,-0.8518186517383367,0.39431475252515513,False
2019-01-22,daily_fx,r_fx,500,4,0.9934289849023843,-0.8474656408998265,0.3967356305434442,False
2019-01-23,daily_fx,r_fx,500,4,0.9934421164487829,-0.8495747676284351,0.3955615453142338,False
2019-01-24,daily_fx,r_fx,500,4,0.9934224783121667,-0.8521193383135223,0.3941478597559076,False
2019-01-25,daily_fx,r_fx,500,4,0.993430820184072,-0.8510388334693249,0.3947477812619842,False
2019-01-28,daily_fx,r_fx,500,4,0.9934587725789983,-0.8474178917767939,0.3967622353148168,False
2019-01-29,daily_fx,r_fx,500,4,0.9934854506992016,-0.8432500747722481,0.3990885982309291,False
2019-01-30,daily_fx,r_fx,500,4,0.9935113963387596,-0.843681537345706,0.3988473872155254,False
2019-01-31,daily_fx,r_fx,500,4,0.9935045332702945,-0.8445742498554684,0.3983485911734306,False
2019-02-01,daily_fx,r_fx,500,4,0.9935165590203336,-0.8430105700139446,0.3992225322871015,False
2019-02-04,daily_fx,r_fx,500,4,0.9935354344617956,-0.8405558302291704,0.4005968121499843,False
2019-02-05,daily_fx,r_fx,500,4,0.9935472703756363,-0.83727953049738,0.4024354623816562,False
2019-02-06,daily_fx,r_fx,500,4,0.9935431204576953,-0.8400297953422219,0.4008916808503906,False
2019-02-07,daily_fx,r_fx,500,4,0.9935384765192186,-0.8406343571771824,0.400552805073765,False
2019-02-08,daily_fx,r_fx,500,4,0.9935338315564806,-0.8412383264855654,0.4002144333518678,False
2019-02-11,daily_fx,r_fx,500,4,0.9935446330864209,-0.83983203050758,0.40100257158001096,False
2019-02-12,daily_fx,r_fx,500,4,0.9935469705421273,-0.8413665312313822,0.40014262919845134,False
2019-02-13,daily_fx,r_fx,500,4,0.9935541180866116,-0.8404335200737818,0.40066536144170417,False
2019-02-14,daily_fx,r_fx,500,4,0.9935781905145202,-0.8372942782223431,0.4024271746790835,False
2019-02-15,daily_fx,r_fx,500,4,0.9936022421983584,-0.8341577397057772,0.40419210171710906,False
2019-02-18,daily_fx,r_fx,500,4,0.993619141524725,-0.8319532596612916,0.40543532760774537,False
2019-02-19,daily_fx,r_fx,500,4,0.9936277493006752,-0.8330743734894589,0.40480278539149483,False
2019-02-20,daily_fx,r_fx,500,4,0.9936309626965403,-0.8326538166753984,0.40503999802475876,False
2019-02-21,daily_fx,r_fx,500,4,0.9936623046515985,-0.8285562361530304,0.4073555608024084,False
2019-02-22,daily_fx,r_fx,500,4,0.9936935924362685,-0.8244661863291607,0.4096747211178975,False
2019-02-25,daily_fx,r_fx,500,4,0.9937216245648948,-0.8208023042462336,0.4117588858762242,False
2019-02-26,daily_fx,r_fx,500,4,0.9937532262667205,-0.8193638192673153,0.41257887103889024,False
2019-02-27,daily_fx,r_fx,500,4,0.9937425837984096,-0.8207607432121603,0.4117825635019461,False
2019-02-28,daily_fx,r_fx,500,4,0.9937601025536821,-0.8184634269846791,0.41309261726145685,False
2019-03-01,daily_fx,r_fx,500,4,0.9937775974011493,-0.8161692407949955,0.4144033466388515,False
2019-03-04,daily_fx,r_fx,500,4,0.993805681345977,-0.8124865514554866,0.41651250034489085,False
2019-03-05,daily_fx,r_fx,500,4,0.9938388678528982,-0.8130384282391738,0.4161960260523774,False
2019-03-06,daily_fx,r_fx,500,4,0.9938505281563003,-0.8114978625937092,0.4170798198491872,False
2019-03-07,daily_fx,r_fx,500,4,0.9938898191896051,-0.8063122135416012,0.42006284993843845,False
2019-03-12,daily_fx,r_fx,500,4,0.9939238280733521,-0.8037621866790711,0.421534331853777,False
2019-03-13,daily_fx,r_fx,500,4,0.993974121662132,-0.7971061370203767,0.4253893924455294,False
2019-03-14,daily_fx,r_fx,500,4,0.9940311174787222,-0.7932816958941958,0.4276137187532054,False
2019-03-15,daily_fx,r_fx,500,4,0.9940538581926478,-0.7902589468691338,0.429376556867038,False
2019-03-18,daily_fx,r_fx,500,4,0.9940812636817198,-0.7866167808316322,0.43150623290981716,False
2019-03-19,daily_fx,r_fx,500,4,0.9941081776460652,-0.7826445255313995,0.4338358869659822,False
2019-03-20,daily_fx,r_fx,500,4,0.9941315050620064,-0.7795471527405383,0.435657472695858,False
2019-03-25,daily_fx,r_fx,500,4,0.9941619641515324,-0.779181329275528,0.4358729068289864,False
2019-03-26,daily_fx,r_fx,500,4,0.9941550470642664,-0.778910001772909,0.4360327317799193,False
2019-03-27,daily_fx,r_fx,500,4,0.9941494220739743,-0.7796654291225066,0.4355878326503404,False
2019-03-28,daily_fx,r_fx,500,4,0.9941434090796972,-0.7804866840624718,0.43510446241429124,False
2019-03-29,daily_fx,r_fx,500,4,0.9941370080814355,-0.781383802757797,0.4345767946321675,False
2019-04-01,daily_fx,r_fx,500,4,0.9944899352745813,-0.745551329383301,0.45593849314506496,False
2019-04-02,daily_fx,r_fx,500,4,0.9944679204488936,-0.7456652625765783,0.45586964832176013,False
2019-04-03,daily_fx,r_fx,500,4,0.9944504620038076,-0.7480231581197104,0.45444618920107605,False
2019-04-04,daily_fx,r_fx,500,4,0.9944327429103214,-0.7504297817672495,0.45299589971952425,False
2019-04-05,daily_fx,r_fx,500,4,0.9944147631684381,-0.7528944317832432,0.4515133544431993,False
2019-04-08,daily_fx,r_fx,500,4,0.9947574832342574,-0.7174454249667374,0.47309929949500784,False
2019-04-09,daily_fx,r_fx,500,4,0.9947324585156218,-0.71789442168796,0.4728223876603268,False
2019-04-10,daily_fx,r_fx,500,4,0.9947134144185092,-0.7204940885138591,0.4712208381315848,False
2019-04-11,daily_fx,r_fx,500,4,0.9946941239819811,-0.7231405100274484,0.46959356326287827,False
2019-04-12,daily_fx,r_fx,500,4,0.9946745872060375,-0.72584255922979,0.46793529314736104,False
2019-04-15,daily_fx,r_fx,500,4,0.9950146513891632,-0.6899057025171088,0.4902534895053634,False
2019-04-16,daily_fx,r_fx,500,4,0.9950195064826749,-0.6888728898545444,0.4909032611096129,False
2019-04-17,daily_fx,r_fx,500,4,0.9950205372815034,-0.6887466721912353,0.4909826999238367,False
2019-04-18,daily_fx,r_fx,500,4,0.9950211539813777,-0.688697487339426,0.4910136577329689,False
2019-04-19,daily_fx,r_fx,500,4,0.9953450275698432,-0.653732451252173,0.5132841922627969,False
2019-04-22,daily_fx,r_fx,500,4,0.9953450275698426,-0.6537324512522668,0.5132841922627365,False
2019-04-23,daily_fx,r_fx,500,4,0.9953404987721618,-0.6556077883360731,0.5120765130618778,False
2019-04-24,daily_fx,r_fx,500,4,0.9953599630793357,-0.6528707511106507,0.5138396066534956,False
2019-04-25,daily_fx,r_fx,500,4,0.9953788746890145,-0.6502238666374848,0.5155476266611188,False
2019-04-26,daily_fx,r_fx,500,4,0.9953972336011975,-0.6476739886902328,0.5171958313519536,False
2019-04-29,daily_fx,r_fx,500,4,0.9955173687371529,-0.6406827904773097,0.5217287975579459,False
2019-04-30,daily_fx,r_fx,500,4,0.9955225995983383,-0.6395867979110533,0.5224412677142078,False
2019-05-01,daily_fx,r_fx,500,4,0.9955240717373639,-0.6394073219830771,0.5225579869660888,False
2019-05-02,daily_fx,r_fx,500,4,0.9958206872923812,-0.6060645744647666,0.5444718738745449,False
2019-05-03,daily_fx,r_fx,500,4,0.9958168838879737,-0.6066161627846426,0.5441056714369292,False
2019-05-06,daily_fx,r_fx,500,4,0.9958440521624522,-0.6026771961960765,0.5467234545916608,False
2019-05-07,daily_fx,r_fx,500,4,0.9958707598763203,-0.5985247103287005,0.5494898760553513,False
2019-05-08,daily_fx,r_fx,500,4,0.9958945216142598,-0.5950883271922914,0.5517844308251063,False
2019-05-10,daily_fx,r_fx,500,4,0.9959970368028903,-0.585510755993294,0.558204336429599,False
2019-05-13,daily_fx,r_fx,500,4,0.9959939143209474,-0.5859675087025867,0.5578973493677211,False
2019-05-14,daily_fx,r_fx,500,4,0.9960185120062934,-0.5816159101619406,0.5608254237672425,False
2019-05-15,daily_fx,r_fx,500,4,0.9960371704104629,-0.5788939354010014,0.5626607425441699,False
2019-05-16,daily_fx,r_fx,500,4,0.9960557287325491,-0.5761900996279521,0.5644866963336139,False
2019-05-17,daily_fx,r_fx,500,4,0.9961489892972085,-0.5676196785968222,0.5702932420132809,False
2019-05-20,daily_fx,r_fx,500,4,0.9961489892972087,-0.5676196785967893,0.5702932420133031,False
2019-05-21,daily_fx,r_fx,500,4,0.9961750285461928,-0.5635629695171341,0.5730515942382337,False
2019-05-22,daily_fx,r_fx,500,4,0.9961986393990758,-0.5600875064610162,0.575419751740541,False
2019-05-23,daily_fx,r_fx,500,4,0.9962221225564304,-0.556634553619197,0.5777771404954368,False
2019-05-24,daily_fx,r_fx,500,4,0.996322843562309,-0.5467507425429506,0.584549987972439,False
2019-05-27,daily_fx,r_fx,500,4,0.996322843562309,-0.5467507425429506,0.584549987972439,False
2019-05-28,daily_fx,r_fx,500,4,0.9963334600295628,-0.5432513476401978,0.586956757221798,False
2019-05-29,daily_fx,r_fx,500,4,0.9963413700334544,-0.5420823186496037,0.5877617986356949,False
2019-05-30,daily_fx,r_fx,500,4,0.9963492332422682,-0.5409234682736128,0.5885603343181343,False
2019-05-31,daily_fx,r_fx,500,4,0.9964271142955236,-0.5340777461394638,0.5932877456175076,False
2019-06-01,daily_fx,r_fx,500,4,0.996427114295523,-0.5340777461395467,0.5932877456174501,False
2019-06-03,daily_fx,r_fx,500,4,0.9964524836271349,-0.5302862688267632,0.5959134655249383,False
2019-06-04,daily_fx,r_fx,500,4,0.9964590715988078,-0.527236617836968,0.598029282872736,False
2019-06-07,daily_fx,r_fx,500,4,0.9964651144484694,-0.5263435790102148,0.5986495094003241,False
2019-06-10,daily_fx,r_fx,500,4,0.9965499842658578,-0.5184754194545395,0.6041266058126586,False
2019-06-11,daily_fx,r_fx,500,4,0.9965324819982793,-0.5207256345719706,0.6025579141141733,False
2019-06-12,daily_fx,r_fx,500,4,0.9965280226593072,-0.5213956213341402,0.6020912011182609,False
2019-06-13,daily_fx,r_fx,500,4,0.9965478217838911,-0.5184233542742412,0.6041629236920354,False
2019-06-14,daily_fx,r_fx,500,4,0.9965674835013147,-0.5154742235214733,0.6062216774409808,False
2019-06-17,daily_fx,r_fx,500,4,0.9965914347266757,-0.5118851738895959,0.6087313750635337,False
2019-06-18,daily_fx,r_fx,500,4,0.9966660542925503,-0.5044520629231807,0.6139437403468777,False
2019-06-19,daily_fx,r_fx,500,4,0.9966782221638761,-0.5026131389412581,0.615236289828353,False
2019-06-20,daily_fx,r_fx,500,4,0.9966903440483679,-0.5007829956478919,0.6165238541794398,False
2019-06-21,daily_fx,r_fx,500,4,0.996749450746791,-0.49570125674650256,0.6201052002845273,False
2019-06-24,daily_fx,r_fx,500,4,0.9967494507467911,-0.4957012567464855,0.6201052002845393,False
2019-06-25,daily_fx,r_fx,500,4,0.9967560591230129,-0.49280827970636903,0.622148059873227,False
2019-06-26,daily_fx,r_fx,500,4,0.9967615809411551,-0.49197262832928845,0.6227386935321544,False
2019-06-27,daily_fx,r_fx,500,4,0.9967670462138195,-0.49114940102385213,0.6233207834094809,False
2019-06-28,daily_fx,r_fx,500,4,0.9968610925167868,-0.48155245211286185,0.6301239102217151,False
2019-07-01,daily_fx,r_fx,500,4,0.996861092516787,-0.48155245211282766,0.6301239102217393,False
2019-07-02,daily_fx,r_fx,500,4,0.9968819802847102,-0.4774913686001881,0.6330122656955948,False
2019-07-03,daily_fx,r_fx,500,4,0.9968967971686656,-0.47522466430540766,0.6346268490297295,False
2019-07-04,daily_fx,r_fx,500,4,0.9969115476757401,-0.47297018834010873,0.6362344481822308,False
2019-07-05,daily_fx,r_fx,500,4,0.9969816257334034,-0.4661039773108825,0.6411410765049876,False
2019-07-08,daily_fx,r_fx,500,4,0.9969816257334034,-0.4661039773108825,0.6411410765049876,False
2019-07-09,daily_fx,r_fx,500,4,0.9970052341502128,-0.46221496489419145,0.6439271726743991,False
2019-07-10,daily_fx,r_fx,500,4,0.9970259957287275,-0.4590130876830035,0.646224767703873,False
2019-07-11,daily_fx,r_fx,500,4,0.9970466458376531,-0.4558311006430018,0.6485114378727181,False
2019-07-12,daily_fx,r_fx,500,4,0.9971367195905482,-0.4459536864760807,0.6556307007166124,False
2019-07-15,daily_fx,r_fx,500,4,0.9971367195905484,-0.44595368647604605,0.6556307007166375,False
2019-07-16,daily_fx,r_fx,500,4,0.997159148515944,-0.44206227060210557,0.6584441455941599,False
2019-07-17,daily_fx,r_fx,500,4,0.9971773677888748,-0.43922975132415576,0.6604950696373328,False
2019-07-18,daily_fx,r_fx,500,4,0.9971954820660645,-0.43641620080078336,0.6625347867312195,False
2019-07-19,daily_fx,r_fx,500,4,0.9972859205029064,-0.42626984443089677,0.6699112287940558,False
2019-07-22,daily_fx,r_fx,500,4,0.9972859205029064,-0.42626984443089677,0.6699112287940558,False
2019-07-23,daily_fx,r_fx,500,4,0.9972711775585414,-0.42608107627299935,0.6700487688882748,False
2019-07-24,daily_fx,r_fx,500,4,0.997272524367971,-0.4258716492200226,0.6702013743940465,False
2019-07-25,daily_fx,r_fx,500,4,0.9972738572648515,-0.42566745941933437,0.6703501767188662,False
2019-07-26,daily_fx,r_fx,500,4,0.9973397424794873,-0.4190950404553034,0.6751466751416357,False
2019-07-29,daily_fx,r_fx,500,4,0.9973397424794875,-0.4190950404552683,0.6751466751416615,False
2019-07-30,daily_fx,r_fx,500,4,0.9973210451377281,-0.4194455519773805,0.6748905391728157,False
2019-07-31,daily_fx,r_fx,500,4,0.9973219751018132,-0.41930051322153183,0.6749965215433769,False
2019-08-01,daily_fx,r_fx,500,4,0.9973228943659443,-0.41916024178223565,0.6750990264830701,False
2019-08-02,daily_fx,r_fx,500,4,0.9973868011611897,-0.41278895324103854,0.6797612456349762,False
2019-08-05,daily_fx,r_fx,500,4,0.99740977180681,-0.40916090981053166,0.6824215791525348,False
2019-08-06,daily_fx,r_fx,500,4,0.9973987609800744,-0.4086184814545994,0.6828196656290837,False
2019-08-07,daily_fx,r_fx,500,4,0.9974005202347295,-0.40834549887166177,0.6830200400800732,False
2019-08-08,daily_fx,r_fx,500,4,0.99746636900905,-0.40156727257574315,0.6880025196325472,False
2019-08-09,daily_fx,r_fx,500,4,0.9974452999191715,-0.40490651895949015,0.6855462263714025,False
2019-08-12,daily_fx,r_fx,500,4,0.9967617322360526,-0.5006613859115978,0.6166094523854633,False
2019-08-13,daily_fx,r_fx,500,4,0.9968735000544182,-0.48332141207744456,0.6288675389362004,False
2019-08-14,daily_fx,r_fx,500,4,0.9969848591978455,-0.4660846382717412,0.6411549185749368,False
2019-08-15,daily_fx,r_fx,500,4,0.9971574941266744,-0.44323155366185374,0.6575982579625184,False
2019-08-16,daily_fx,r_fx,500,4,0.9964647951890581,-0.5380674171503201,0.5905305059952128,False
2019-08-19,daily_fx,r_fx,500,4,0.9965716148837288,-0.5217445129357265,0.6018482276500698,False
2019-08-20,daily_fx,r_fx,500,4,0.9966780353231554,-0.5055231274919908,0.6131914587385139,False
2019-08-21,daily_fx,r_fx,500,4,0.9954776251160725,-0.6576626203702628,0.510754946581037,False
2019-08-22,daily_fx,r_fx,500,4,0.996006981874825,-0.5851366067006574,0.5584558662703214,False
2019-08-23,daily_fx,r_fx,500,4,0.9964510527610979,-0.5199675774707486,0.6030861733018051,False
2019-08-26,daily_fx,r_fx,500,4,0.9969190367628168,-0.4513816057366345,0.6517145382731828,False
2019-08-27,daily_fx,r_fx,500,4,0.9969438243613556,-0.4483191650568409,0.6539228711066742,False
2019-08-28,daily_fx,r_fx,500,4,0.996979511893145,-0.4430872457583516,0.6577026300997932,False
2019-08-29,daily_fx,r_fx,500,4,0.9970713487582533,-0.4330899926800006,0.6649493926632521,False
2019-08-30,daily_fx,r_fx,500,4,0.9970804545320874,-0.4317433435026526,0.6659279615586826,False
2019-09-04,daily_fx,r_fx,500,4,0.9971067459103818,-0.42785578986586487,0.668756116047573,False
2019-09-05,daily_fx,r_fx,500,4,0.9971306050295707,-0.42375921390158494,0.6717414259300776,False
2019-09-06,daily_fx,r_fx,500,4,0.9971485893936339,-0.4211073810520103,0.6736766720332541,False
2019-09-07,daily_fx,r_fx,500,4,0.9972225094283166,-0.4135177723136931,0.6792273041288024,False
2019-09-09,daily_fx,r_fx,500,4,0.9972144167705104,-0.4147226638733199,0.6783449392461702,False
2019-09-10,daily_fx,r_fx,500,4,0.9972378295753047,-0.41066005515008264,0.6813218208400769,False
2019-09-11,daily_fx,r_fx,500,4,0.9972553273263454,-0.4080606021074186,0.6832291835892781,False
2019-09-12,daily_fx,r_fx,500,4,0.9972727499471568,-0.40547408145192854,0.6851290663433189,False
2019-09-13,daily_fx,r_fx,500,4,0.997345882902901,-0.3978115335975177,0.6907691148709609,False
2019-09-16,daily_fx,r_fx,500,4,0.9973458829029015,-0.397811533597451,0.6907691148710102,False
2019-09-17,daily_fx,r_fx,500,4,0.9973665007545222,-0.3939334988422571,0.6936301374708069,False
2019-09-18,daily_fx,r_fx,500,4,0.9973807657010254,-0.39180155850116616,0.6952048434310989,False
2019-09-19,daily_fx,r_fx,500,4,0.9973949700457235,-0.38968030448758506,0.6967729622248313,False
2019-09-20,daily_fx,r_fx,500,4,0.9974631528397531,-0.3825478830262724,0.7020550191429493,False
2019-09-23,daily_fx,r_fx,500,4,0.9974631528397531,-0.3825478830262724,0.7020550191429493,False
2019-09-24,daily_fx,r_fx,500,4,0.9974848693032312,-0.3786303476752733,0.7049623830077416,False
2019-09-25,daily_fx,r_fx,500,4,0.9975004286120084,-0.3762898208933749,0.7067014459313607,False
2019-09-26,daily_fx,r_fx,500,4,0.9975159218812807,-0.3739607770627572,0.7084334978198461,False
2019-09-27,daily_fx,r_fx,500,4,0.9975848339812943,-0.3665271472318514,0.7139717593115078,False
2019-09-30,daily_fx,r_fx,500,4,0.9975848339812945,-0.36652714723181756,0.7139717593115331,False
2019-10-02,daily_fx,r_fx,500,4,0.9976000490797104,-0.36318509887470163,0.7164666181460193,False
2019-10-03,daily_fx,r_fx,500,4,0.9976102661625695,-0.3616405942824147,0.7176206251438209,False
2019-10-04,daily_fx,r_fx,500,4,0.9976204388878936,-0.36010432425029065,0.7187691191419889,False
2019-10-07,daily_fx,r_fx,500,4,0.9976838958016881,-0.35334306719646896,0.7238312621595515,False
2019-10-08,daily_fx,r_fx,500,4,0.751731811537977,-38.62355785374221,0.0,True
2019-10-09,daily_fx,r_fx,500,4,0.5047828265873856,-83.32656818571078,0.0,True
2019-10-10,daily_fx,r_fx,500,4,0.25682176298581477,-159.0783924402135,0.0,True
2019-10-11,daily_fx,r_fx,500,4,1.0816072297382722,0.7393811116408924,0.4596756085024287,False
2019-10-14,daily_fx,r_fx,500,4,1.0816072297382722,0.7393811116408923,0.4596756085024287,False
2019-10-15,daily_fx,r_fx,500,4,1.0799439184096342,0.7253024315354278,0.46826651437090794,False
2019-10-16,daily_fx,r_fx,500,4,1.0796456081671617,0.7225938337926474,0.46992945768878536,False
2019-10-17,daily_fx,r_fx,500,4,1.0793437893336906,0.7198554136945581,0.4716140223448053,False
2019-10-18,daily_fx,r_fx,500,4,1.079573501548495,0.7216144956452409,0.47053152448697144,False
2019-10-21,daily_fx,r_fx,500,4,1.079573501548495,0.721614495645241,0.47053152448697144,False
2019-10-22,daily_fx,r_fx,500,4,1.078800497840341,0.7147973813207047,0.4747342535345416,False
2019-10-23,daily_fx,r_fx,500,4,1.0783537213770071,0.7107453401372108,0.477242057747052,False
2019-10-24,daily_fx,r_fx,500,4,1.0779065513248856,0.7066916357532896,0.47975812856319244,False
2019-10-25,daily_fx,r_fx,500,4,1.0789834670785852,0.7155102294592854,0.47429382219551286,False
2019-10-28,daily_fx,r_fx,500,4,1.0789834670785847,0.7155102294592814,0.4742938221955155,False
2019-10-29,daily_fx,r_fx,500,4,1.0779498894868853,0.7065273820978264,0.4798602305373323,False
2019-10-30,daily_fx,r_fx,500,4,1.077423225722188,0.7017535401927874,0.48283287719234225,False
2019-10-31,daily_fx,r_fx,500,4,1.07689388561718,0.6969569150555552,0.48582975754327284,False
2019-11-01,daily_fx,r_fx,500,4,1.0772342715311047,0.6995162767291944,0.4842294445726911,False
2019-11-04,daily_fx,r_fx,500,4,1.0772342715311045,0.6995162767291925,0.48422944457269224,False
2019-11-05,daily_fx,r_fx,500,4,1.076989279010455,0.6972885638493295,0.48562222355047036,False
2019-11-06,daily_fx,r_fx,500,4,1.076711467088097,0.6947728190499585,0.4871976847464925,False
2019-11-07,daily_fx,r_fx,500,4,1.0764332063024995,0.6922533722168019,0.48877822649954195,False
2019-11-08,daily_fx,r_fx,500,4,1.0765252341724247,0.6928711719443613,0.4883904024608525,False
2019-11-11,daily_fx,r_fx,500,4,1.0765252341724245,0.6928711719443592,0.48839040246085386,False
2019-11-12,daily_fx,r_fx,500,4,1.0746157136286627,0.6766284957387125,0.49864169453458573,False
2019-11-13,daily_fx,r_fx,500,4,1.0742674864326096,0.6734681916657873,0.5006494783537474,False
2019-11-14,daily_fx,r_fx,500,4,1.0739151464133443,0.6702730314321494,0.5026837555966399,False
2019-11-15,daily_fx,r_fx,500,4,1.0742059636197354,0.6725345857253964,0.5012434298362467,False
2019-11-18,daily_fx,r_fx,500,4,1.0742059636197354,0.6725345857253964,0.5012434298362467,False
2019-11-19,daily_fx,r_fx,500,4,1.0740387017425672,0.6711409599740106,0.5021307356452847,False
2019-11-20,daily_fx,r_fx,500,4,1.074024152241512,0.6710088081488434,0.5022149183378999,False
2019-11-21,daily_fx,r_fx,500,4,1.074009583648136,0.6708767086896119,0.5022990751334273,False
2019-11-22,daily_fx,r_fx,500,4,1.0740436848068884,0.671134420056937,0.5021349014948555,False
2019-11-25,daily_fx,r_fx,500,4,1.0740436848068884,0.671134420056937,0.5021349014948555,False
2019-11-26,daily_fx,r_fx,500,4,1.0740609270281893,0.6714603618667715,0.5019273026848008,False
2019-11-27,daily_fx,r_fx,500,4,1.074376879335219,0.6743245713700354,0.5001049857701632,False
2019-11-28,daily_fx,r_fx,500,4,1.0746915273444533,0.6771776429994263,0.49829325092858623,False
2019-11-29,daily_fx,r_fx,500,4,1.0753249323016603,0.6826820723242473,0.49480776048983266,False
2019-12-02,daily_fx,r_fx,500,4,1.0753249323016605,0.682682072324249,0.49480776048983177,False
2019-12-03,daily_fx,r_fx,500,4,1.074704896427105,0.6775016883226349,0.4980876992404466,False
2019-12-04,daily_fx,r_fx,500,4,1.0747128270975999,0.6775724777804278,0.4980428013645515,False
2019-12-05,daily_fx,r_fx,500,4,1.0747206155458688,0.6776428405146527,0.49799817627008514,False
2019-12-06,daily_fx,r_fx,500,4,1.0748729792428098,0.6789058353986481,0.497197528074268,False
2019-12-09,daily_fx,r_fx,500,4,1.07487297924281,0.6789058353986501,0.49719752807426665,False
2019-12-10,daily_fx,r_fx,500,4,1.072453651738873,0.6582826163499671,0.510356546133643,False
2019-12-11,daily_fx,r_fx,500,4,1.072070473322689,0.6547979378273655,0.512597858530381,False
2019-12-12,daily_fx,r_fx,500,4,1.0716818826666046,0.651267335831219,0.5148739300306244,False
2019-12-13,daily_fx,r_fx,500,4,1.0721652732629543,0.6551559883011908,0.512367327563946,False
2019-12-16,daily_fx,r_fx,500,4,1.0721652732629543,0.6551559883011908,0.512367327563946,False
2019-12-17,daily_fx,r_fx,500,4,1.0721232626919377,0.6548978707334677,0.5125335112429317,False
2019-12-18,daily_fx,r_fx,500,4,1.072305005819105,0.6565476631798783,0.511471810709889,False
2019-12-19,daily_fx,r_fx,500,4,1.0724865681904976,0.6581960272056231,0.5104121773004633,False
2019-12-20,daily_fx,r_fx,500,4,1.0726352756297397,0.6595612928813009,0.5095354005653772,False
2019-12-23,daily_fx,r_fx,500,4,1.0727487033227776,0.6605914637595325,0.5088743448152104,False
2019-12-24,daily_fx,r_fx,500,4,1.0720949915465792,0.6554382484669776,0.5121856323366483,False
2019-12-25,daily_fx,r_fx,500,4,1.072790641201263,0.6617616614502819,0.5081239801026527,False
2019-12-26,daily_fx,r_fx,500,4,1.0743579799241678,0.6754104128281941,0.4994150516896556,False
2019-12-27,daily_fx,r_fx,500,4,1.0749414698595026,0.6807100845201829,0.49605495403160105,False
2019-12-28,daily_fx,r_fx,500,4,1.0750795682082164,0.6819645317387611,0.4952613785663347,False
2019-12-30,daily_fx,r_fx,500,4,1.0752170929508957,0.6832139767527072,0.4944716420940134,False
2020-01-03,daily_fx,r_fx,500,4,1.0751151737491915,0.682580948033806,0.4948716762594296,False
2020-01-04,daily_fx,r_fx,500,4,1.0758272881562514,0.688814081666997,0.4909402729200445,False
2020-01-06,daily_fx,r_fx,500,4,1.076089414785174,0.6911947985681135,0.4894431321717949,False
2020-01-07,daily_fx,r_fx,500,4,1.0763575511747032,0.6936267736431414,0.4879162988198318,False
2020-01-08,daily_fx,r_fx,500,4,1.0763617426923704,0.6936648535973423,0.4878924120582402,False
2020-01-09,daily_fx,r_fx,500,4,1.0763659340690255,0.6937029119363376,0.48786853948583353,False
2020-01-10,daily_fx,r_fx,500,4,1.0763588887157496,0.6936445518206424,0.487905146861104,False
2020-01-13,daily_fx,r_fx,500,4,1.0762596642564088,0.6927432290384952,0.4884707050492856,False
2020-01-14,daily_fx,r_fx,500,4,1.0709213234125925,0.6479107945943918,0.5170426485502679,False
2020-01-15,daily_fx,r_fx,500,4,1.0714982916921383,0.6531703703365115,0.5136464496901036,False
2020-01-16,daily_fx,r_fx,500,4,1.0722180124641627,0.6596579156118012,0.509473379117976,False
2020-01-17,daily_fx,r_fx,500,4,1.0726991767668979,0.6640523547143613,0.5066568030513121,False
2020-01-20,daily_fx,r_fx,500,4,1.0715197363954994,0.6532819698645334,0.513574513947755,False
2020-01-21,daily_fx,r_fx,500,4,1.0702852180389104,0.642086053012547,0.5208173110448571,False
2020-01-22,daily_fx,r_fx,500,4,1.0722362207671634,0.658114594645148,0.5104644983956508,False
2020-01-23,daily_fx,r_fx,500,4,1.0733532751386636,0.6676317969670362,0.5043686556201499,False
2020-01-24,daily_fx,r_fx,500,4,1.073498166070733,0.6689504775581449,0.5035270689116789,False
2020-01-27,daily_fx,r_fx,500,4,1.073550663916205,0.6694282259589971,0.5032223512392595,False
2020-01-28,daily_fx,r_fx,500,4,1.0728301234820514,0.6633096622032352,0.5071322496192081,False
2020-01-29,daily_fx,r_fx,500,4,1.0727105163860455,0.6622191451795137,0.5078307861586462,False
2020-01-30,daily_fx,r_fx,500,4,1.0727122026613005,0.6622339958321569,0.5078212701029499,False
2020-01-31,daily_fx,r_fx,500,4,1.0727136836110347,0.6622474214621515,0.5078126672590424,False
2020-02-03,daily_fx,r_fx,500,4,1.0728358823884938,0.6633605146919762,0.5070996881067458,False
2020-02-04,daily_fx,r_fx,500,4,1.0716779460368873,0.6540391898671624,0.5130865573843888,False
2020-02-05,daily_fx,r_fx,500,4,1.0725516579454533,0.6620074337950085,0.5079664575328602,False
2020-02-06,daily_fx,r_fx,500,4,1.0734922473339503,0.6705883508812881,0.502482805573017,False
2020-02-07,daily_fx,r_fx,500,4,1.0744265639339585,0.6791140974010976,0.497065570786416,False
2020-02-10,daily_fx,r_fx,500,4,1.0744905355926047,0.6796999243911241,0.4966944839099554,False
2020-02-11,daily_fx,r_fx,500,4,1.0756535172781094,0.6895769610728008,0.4904602598333885,False
2020-02-12,daily_fx,r_fx,500,4,1.0757137532428158,0.690125854645523,0.4901150454157359,False
2020-02-13,daily_fx,r_fx,500,4,1.0758964939838496,0.691791540804515,0.48906824972819685,False
2020-02-14,daily_fx,r_fx,500,4,1.0760782809073495,0.6934488392099828,0.488027921742777,False
2020-02-17,daily_fx,r_fx,500,4,1.076199328030595,0.6945529418238618,0.4873355118070588,False
2020-02-18,daily_fx,r_fx,500,4,1.076389270521754,0.6963689168817024,0.48619782376521137,False
2020-02-19,daily_fx,r_fx,500,4,1.076711675188723,0.6993067700787682,0.4843603370091287,False
2020-02-20,daily_fx,r_fx,500,4,1.0771541062823706,0.7033395226010748,0.4818441859509539,False
2020-02-21,daily_fx,r_fx,500,4,1.0775945449876219,0.7073547299320692,0.4793460620495522,False
2020-02-24,daily_fx,r_fx,500,4,1.077713277830371,0.7084377525276906,0.47867345506107184,False
2020-02-25,daily_fx,r_fx,500,4,1.078169554041402,0.7123556955360414,0.4762445432295679,False
2020-02-26,daily_fx,r_fx,500,4,1.0782192545333962,0.7128084932006935,0.47596426931484404,False
2020-02-27,daily_fx,r_fx,500,4,1.0782996163691883,0.7135407681346182,0.4755111952341293,False
2020-02-28,daily_fx,r_fx,500,4,1.0783799264656588,0.714272596477397,0.47505863392536085,False
2020-03-02,daily_fx,r_fx,500,4,1.0784105742283026,0.714551842193708,0.47488601121740537,False
2020-03-03,daily_fx,r_fx,500,4,1.0779504911937534,0.7108894594791726,0.4771527382604632,False
2020-03-04,daily_fx,r_fx,500,4,1.0783413605792287,0.7144525721202001,0.4749473735453966,False
2020-03-05,daily_fx,r_fx,500,4,1.0785615072858845,0.7164596340464603,0.47370758384078204,False
2020-03-06,daily_fx,r_fx,500,4,1.0787815290729799,0.7184662428041965,0.4724698549706723,False
2020-03-09,daily_fx,r_fx,500,4,1.0786113431242064,0.7169147310663551,0.4734267118515798,False
2020-03-10,daily_fx,r_fx,500,4,1.0782110905177094,0.7136740199887633,0.47542877492568136,False
2020-03-11,daily_fx,r_fx,500,4,1.0786384340333763,0.7175718221938708,0.47302133692196,False
2020-03-12,daily_fx,r_fx,500,4,1.0786561149499925,0.7177325847412969,0.47292218782770146,False
2020-03-13,daily_fx,r_fx,500,4,1.0786737952785561,0.7178944434706195,0.4728223742283708,False
2020-03-16,daily_fx,r_fx,500,4,1.078264189261899,0.7141584099087898,0.4751292311217141,False
2020-03-17,daily_fx,r_fx,500,4,1.0776527455261025,0.7087853870282714,0.4784576673492882,False
2020-03-18,daily_fx,r_fx,500,4,1.0775934214018241,0.7082419774062726,0.47879500225627414,False
2020-03-19,daily_fx,r_fx,500,4,1.0772558554350737,0.7051600711310378,0.48071062661706954,False
2020-03-20,daily_fx,r_fx,500,4,1.076915227576867,0.7020511931595165,0.4826472382817377,False
2020-03-24,daily_fx,r_fx,500,4,1.0766370640575234,0.6995132293588797,0.484231348325745,False
2020-03-25,daily_fx,r_fx,500,4,1.0764850041201035,0.6980354077714636,0.485155050972244,False
2020-03-26,daily_fx,r_fx,500,4,1.0751298912108318,0.6856681998505955,0.49292236417083934,False
2020-03-27,daily_fx,r_fx,500,4,1.0737691711536093,0.6732521691787701,0.5007868766787198,False
2020-03-30,daily_fx,r_fx,500,4,1.0724028439484365,0.6607884092712223,0.5087480170108611,False
2020-03-31,daily_fx,r_fx,500,4,1.0732943510308486,0.6677101426156402,0.5043186344252002,False
2020-04-01,daily_fx,r_fx,500,4,1.0732392809612727,0.667206098925105,0.5046404959551616,False
2020-04-02,daily_fx,r_fx,500,4,1.0695607142154402,0.6336959091306584,0.5262792952180351,False
2020-04-03,daily_fx,r_fx,500,4,1.0658624948345907,0.6000139486344874,0.5484969394826718,False
2020-04-06,daily_fx,r_fx,500,4,1.0594120749951232,0.541268479249308,0.5883225432441905,False
2020-04-07,daily_fx,r_fx,500,4,1.0610112510334861,0.5524983944655161,0.5806069341155808,False
2020-04-08,daily_fx,r_fx,500,4,1.0604559611174735,0.5474667429425387,0.5840581126034992,False
2020-04-09,daily_fx,r_fx,500,4,1.062039986798234,0.5607196623988243,0.5749886609805488,False
2020-04-10,daily_fx,r_fx,500,4,1.0623411891367085,0.5634411334931874,0.5731345342370515,False
2020-04-13,daily_fx,r_fx,500,4,1.06198639195359,0.5602346108570397,0.5753194221218212,False
2020-04-14,daily_fx,r_fx,500,4,1.0328795550037768,0.30744947109335,0.7585012778404607,False
2020-04-15,daily_fx,r_fx,500,4,1.0391271237163076,0.3658205224054498,0.7144990051149578,False
2020-04-16,daily_fx,r_fx,500,4,0.7992396073445992,-1.8144080668442317,0.06961492473245712,False
2020-04-17,daily_fx,r_fx,500,4,0.9355368239836943,-0.5818036201917427,0.56069896530426,False
2020-04-20,daily_fx,r_fx,500,4,1.0212486954359514,0.1916619808502264,0.8480069886913231,False
2020-04-21,daily_fx,r_fx,500,4,1.1133455273394652,1.021719839276881,0.30691351846717385,False
2020-04-22,daily_fx,r_fx,500,4,1.1131804509259855,1.0202308324685436,0.30761899812567584,False
2020-04-23,daily_fx,r_fx,500,4,1.1130140686612935,1.018730833991899,0.30833076998509457,False
2020-04-24,daily_fx,r_fx,500,4,1.1128471931082722,1.0172264776125324,0.30904570296917955,False
2020-04-27,daily_fx,r_fx,500,4,1.1125816953268313,1.014833419458674,0.31018524030834294,False
2020-04-28,daily_fx,r_fx,500,4,1.112197491495046,1.011542694258848,0.3117567576401423,False
2020-04-29,daily_fx,r_fx,500,4,1.1121063509634075,1.010721687540972,0.31214965397033767,False
2020-04-30,daily_fx,r_fx,500,4,1.1125112941140982,1.0140547280256031,0.31055663862617977,False
2020-05-01,daily_fx,r_fx,500,4,1.1110599546668996,1.0009755799780207,0.3168386145718216,False
2020-05-04,daily_fx,r_fx,500,4,1.1094305354277243,0.9862966847799289,0.323987546129072,False
2020-05-05,daily_fx,r_fx,500,4,1.1077961410008195,0.9715856717160419,0.33125671351491603,False
2020-05-06,daily_fx,r_fx,500,4,1.1108194565284781,0.9951629985133961,0.31965699463747654,False
2020-05-07,daily_fx,r_fx,500,4,1.11083094599451,0.9952661537513943,0.31960683465034867,False
2020-05-08,daily_fx,r_fx,500,4,1.1095810449116994,0.9840432988290394,0.3250942240202628,False
2020-05-11,daily_fx,r_fx,500,4,1.1083172132450592,0.9726992061660823,0.33070281991606887,False
2020-05-12,daily_fx,r_fx,500,4,1.1069618364545493,0.9606013728497838,0.33675263815274503,False
2020-05-13,daily_fx,r_fx,500,4,1.1089744750863995,0.9760861588347736,0.3290217697908586,False
2020-05-14,daily_fx,r_fx,500,4,1.108856704214685,0.9750313312028037,0.32954471874808067,False
2020-05-15,daily_fx,r_fx,500,4,1.1081675136477764,0.9688587508202998,0.332615668695885,False
2020-05-18,daily_fx,r_fx,500,4,1.1075954331261042,0.9637365994988989,0.33517799999335307,False
2020-05-19,daily_fx,r_fx,500,4,1.1069129460816847,0.957789022287098,0.33816915585918084,False
2020-05-20,daily_fx,r_fx,500,4,1.1077812169502714,0.9646856745458076,0.3347022726120479,False
2020-05-21,daily_fx,r_fx,500,4,1.1079554469527932,0.9662446513966052,0.33392177461772143,False
2020-05-22,daily_fx,r_fx,500,4,1.1060456675387516,0.9491536260225455,0.34254248345538185,False
2020-05-25,daily_fx,r_fx,500,4,1.1039571191138966,0.9304695631433837,0.3521280160499751,False
2020-05-26,daily_fx,r_fx,500,4,1.1017207576937578,0.9105744660664447,0.36251962931003234,False
2020-05-27,daily_fx,r_fx,500,4,1.105587575666419,0.9405103863758447,0.3469558245703692,False
2020-05-28,daily_fx,r_fx,500,4,1.105443629525286,0.9392282061814086,0.3476135901969104,False
2020-05-29,daily_fx,r_fx,500,4,1.103458281541409,0.92154598960612,0.3567654420025004,False
2020-06-01,daily_fx,r_fx,500,4,1.1016131664247033,0.9051188885551169,0.3654024064565413,False
2020-06-02,daily_fx,r_fx,500,4,1.099642713900121,0.8876593900513414,0.37472399663851874,False
2020-06-03,daily_fx,r_fx,500,4,1.1028598743958546,0.9124635858624939,0.3615247300975346,False
2020-06-04,daily_fx,r_fx,500,4,1.1015380394862309,0.9007389221472576,0.3677271488876017,False
2020-06-05,daily_fx,r_fx,500,4,1.100212762317395,0.8889872681344325,0.374009922362992,False
2020-06-08,daily_fx,r_fx,500,4,1.099026921775934,0.8784783632940587,0.3796841744992814,False
2020-06-09,daily_fx,r_fx,500,4,1.1008237724493195,0.8923020043707329,0.372231080217829,False
2020-06-10,daily_fx,r_fx,500,4,1.1007358932113462,0.8915244738313698,0.37264786790612625,False
2020-06-11,daily_fx,r_fx,500,4,1.1001981573069413,0.8867659093170748,0.37520494517406044,False
2020-06-12,daily_fx,r_fx,500,4,1.0996595628105892,0.8820007701079624,0.37777639081523473,False
2020-06-15,daily_fx,r_fx,500,4,1.0992085942232692,0.8780129168060503,0.37993670905086874,False
2020-06-16,daily_fx,r_fx,500,4,1.0996520359928434,0.8813848095884284,0.37810957665970735,False
2020-06-17,daily_fx,r_fx,500,4,1.0996794100423484,0.8816268025998386,0.3779786560311118,False
2020-06-18,daily_fx,r_fx,500,4,1.0984983047974268,0.8711815643162718,0.38365502438878085,False
2020-06-19,daily_fx,r_fx,500,4,1.0973152221149445,0.8607225373110717,0.3893908773230723,False
2020-06-22,daily_fx,r_fx,500,4,1.096102545079472,0.8500077240907647,0.39532079189849867,False
2020-06-23,daily_fx,r_fx,500,4,1.0972621014946127,0.8587341322103866,0.3904872148022003,False
2020-06-24,daily_fx,r_fx,500,4,1.097040992514829,0.8567802014941874,0.3915663694727969,False
2020-06-25,daily_fx,r_fx,500,4,1.0950221773679634,0.8389572153937414,0.40149331898091756,False
2020-06-26,daily_fx,r_fx,500,4,1.0929953289561387,0.8210696834303405,0.41160657730916794,False
2020-06-29,daily_fx,r_fx,500,4,1.0911894736410779,0.8051428038482018,0.4207372777084146,False
2020-06-30,daily_fx,r_fx,500,4,1.0942738049547474,0.8290463366851799,0.4070781877400056,False
2020-07-01,daily_fx,r_fx,500,4,1.0942606983419398,0.8289311275973951,0.4071433803500968,False
2020-07-02,daily_fx,r_fx,500,4,1.0929764541858198,0.8176387805088776,0.41356347669840776,False
2020-07-03,daily_fx,r_fx,500,4,1.0916898986223331,0.8063299245976766,0.4200526404156064,False
2020-07-06,daily_fx,r_fx,500,4,1.090414264641333,0.7951233266870914,0.42654176678026867,False
2020-07-07,daily_fx,r_fx,500,4,1.0921247547124289,0.808204699795591,0.41897275266893974,False
2020-07-08,daily_fx,r_fx,500,4,1.0919413516846594,0.8065956772784071,0.4198994650223056,False
2020-07-09,daily_fx,r_fx,500,4,1.091800397744858,0.8053590633916614,0.42061250754026913,False
2020-07-10,daily_fx,r_fx,500,4,1.0916592708321409,0.8041208958984608,0.42132715770645435,False
2020-07-13,daily_fx,r_fx,500,4,1.0917020074050965,0.8044956732212284,0.421110767177284,False
2020-07-14,daily_fx,r_fx,500,4,1.0915499168448262,0.8032454639573762,0.42183287242892087,False
2020-07-15,daily_fx,r_fx,500,4,1.0913783192380961,0.8017399533682605,0.4227033993820333,False
2020-07-16,daily_fx,r_fx,500,4,1.0912727424511903,0.8008136427353307,0.4232395397547233,False
2020-07-17,daily_fx,r_fx,500,4,1.0911670689508164,0.7998863950408203,0.42377662095182234,False
2020-07-20,daily_fx,r_fx,500,4,1.0912333227941786,0.8004674921773446,0.42343999075024974,False
2020-07-21,daily_fx,r_fx,500,4,1.0908792392139053,0.7976047575030895,0.42509988933552245,False
2020-07-22,daily_fx,r_fx,500,4,1.0906592952611016,0.7956738609243246,0.4262216236018106,False
2020-07-23,daily_fx,r_fx,500,4,1.090118773623113,0.7909299485777828,0.4289848708533559,False
2020-07-24,daily_fx,r_fx,500,4,1.0895768006614241,0.786174179332147,0.43176545094291807,False
2020-07-27,daily_fx,r_fx,500,4,1.089255808677102,0.7833590709046762,0.4334162838804483,False
2020-07-28,daily_fx,r_fx,500,4,1.0894789593426735,0.7850438169990729,0.43242787862118615,False
2020-07-29,daily_fx,r_fx,500,4,1.089542086470977,0.7855973632494981,0.43210340970670735,False
2020-07-30,daily_fx,r_fx,500,4,1.0897682541549247,0.7875814972340645,0.430941541005724,False
2020-08-03,daily_fx,r_fx,500,4,1.0899941317960735,0.789563143167713,0.42978294004094275,False
2020-08-05,daily_fx,r_fx,500,4,1.0901528470348536,0.7909429855066531,0.42897726282225923,False
2020-08-06,daily_fx,r_fx,500,4,1.0902360838979572,0.7916229666994402,0.42858055128660366,False
2020-08-07,daily_fx,r_fx,500,4,1.0901907391128223,0.79122523515496,0.42881256810391966,False
2020-08-10,daily_fx,r_fx,500,4,1.0903795589752694,0.7928818391357257,0.4278466691820173,False
2020-08-11,daily_fx,r_fx,500,4,1.0898681150512677,0.7889289140325859,0.4301535552289495,False
2020-08-12,daily_fx,r_fx,500,4,1.089858588125201,0.7888443403311496,0.4302029903415221,False
2020-08-13,daily_fx,r_fx,500,4,1.0901042490306392,0.7906749044455539,0.4291337241158468,False
2020-08-14,daily_fx,r_fx,500,4,1.090069326020104,0.7903687781670374,0.42931243046421463,False
2020-08-17,daily_fx,r_fx,500,4,1.0902768237639877,0.7921917526362677,0.4282488767545045,False
2020-08-18,daily_fx,r_fx,500,4,1.090142656741858,0.7912274896533606,0.4288112527357828,False
2020-08-19,daily_fx,r_fx,500,4,1.0914160980797156,0.8012202204033795,0.4230041672092886,False
2020-08-20,daily_fx,r_fx,500,4,1.0914398278720148,0.8014281622276505,0.42288381689610577,False
2020-08-21,daily_fx,r_fx,500,4,1.0914634974070403,0.8016362588497394,0.4227633970678819,False
2020-08-24,daily_fx,r_fx,500,4,1.09170237101327,0.8037314512298724,0.4215520860315962,False
2020-08-25,daily_fx,r_fx,500,4,1.091958345317488,0.8057635075711186,0.4203792232404324,False
2020-08-26,daily_fx,r_fx,500,4,1.091971058437298,0.8058745526988162,0.42031518546393243,False
2020-08-27,daily_fx,r_fx,500,4,1.091983612885954,0.8059855291180663,0.4202511930354558,False
2020-08-28,daily_fx,r_fx,500,4,1.0919960086634575,0.8060969229728088,0.42018696565669633,False
2020-08-29,daily_fx,r_fx,500,4,1.0929866376997994,0.814008249164569,0.4156402252481637,False
2020-09-02,daily_fx,r_fx,500,4,1.0929866376997994,0.8140082491645689,0.4156402252481639,False
2020-09-03,daily_fx,r_fx,500,4,1.0929140534971546,0.8133903434784843,0.4159942940337631,False
2020-09-04,daily_fx,r_fx,500,4,1.0721268459608098,0.6314489240922271,0.5277470353970428,False
2020-09-07,daily_fx,r_fx,500,4,1.0512432618689485,0.44871686391537435,0.6536359177967106,False
2020-09-08,daily_fx,r_fx,500,4,1.0302739854803247,0.2652240980969016,0.7908368318565142,False
2020-09-09,daily_fx,r_fx,500,4,1.1174767364254856,0.9277299808559907,0.35354765257469434,False
2020-09-10,daily_fx,r_fx,500,4,1.1173959803007996,0.9270923220674514,0.35387860222473844,False
2020-09-11,daily_fx,r_fx,500,4,1.1170126002018868,0.9240665352806825,0.35545167534212685,False
2020-09-14,daily_fx,r_fx,500,4,1.1167042667737113,0.9216387525411124,0.3567170376590363,False
2020-09-15,daily_fx,r_fx,500,4,1.115615175783616,0.913742679525746,0.36085207211572223,False
2020-09-16,daily_fx,r_fx,500,4,1.1201940790764002,0.9450304713304601,0.34464331968988793,False
2020-09-17,daily_fx,r_fx,500,4,1.1199777845583632,0.9433290489563231,0.34551262186777465,False
2020-09-18,daily_fx,r_fx,500,4,1.11375736541296,0.8944325041170896,0.37109052787240415,False
2020-09-21,daily_fx,r_fx,500,4,1.1077190052100865,0.8470001016731634,0.3969950647773728,False
2020-09-22,daily_fx,r_fx,500,4,1.1009511017292635,0.7944305625414219,0.4269448177570765,False
2020-09-23,daily_fx,r_fx,500,4,1.1309486604200845,0.9960030505509858,0.3192486629893938,False
2020-09-24,daily_fx,r_fx,500,4,1.1307805580211547,0.9947237377794919,0.3198706460253373,False
2020-09-25,daily_fx,r_fx,500,4,1.1306116869230718,0.9934390743958489,0.3204960274420481,False
2020-09-28,daily_fx,r_fx,500,4,1.1306483047289486,0.9937174900044221,0.32036042535887144,False
2020-09-29,daily_fx,r_fx,500,4,1.130603389128978,0.9934061199999031,0.32051208033506673,False
2020-09-30,daily_fx,r_fx,500,4,1.1305008556511402,0.9926263843135692,0.32089206200215825,False
2020-10-02,daily_fx,r_fx,500,4,1.1304843783455396,0.992501794222073,0.3209528046463963,False
2020-10-05,daily_fx,r_fx,500,4,1.1304660996238003,0.992365453150928,0.3210192849701823,False
2020-10-06,daily_fx,r_fx,500,4,1.1299374398669568,0.9889385929407141,0.3226931868802452,False
2020-10-07,daily_fx,r_fx,500,4,1.1318854332143349,1.0014994311416754,0.3165854150045422,False
2020-10-08,daily_fx,r_fx,500,4,1.1316819298796919,0.9999535571672018,0.31733298399663146,False
2020-10-09,daily_fx,r_fx,500,4,1.1316751772368552,0.9999023870419471,0.3173577491248465,False
2020-10-12,daily_fx,r_fx,500,4,1.131871537643005,1.0013944502547913,0.31663614609586643,False
2020-10-13,daily_fx,r_fx,500,4,1.1309437992008615,0.9954893220356302,0.31949833506498027,False
2020-10-14,daily_fx,r_fx,500,4,1.1316986807419835,1.0002780813147343,0.31717595149991773,False
2020-10-15,daily_fx,r_fx,500,4,1.1315125238120411,0.9988629742165893,0.3178610745945032,False
2020-10-16,daily_fx,r_fx,500,4,1.131512008977143,0.998858805087651,0.31786309450708705,False
2020-10-19,daily_fx,r_fx,500,4,1.131698612861959,1.0002762696199323,0.3171768280111107,False
2020-10-20,daily_fx,r_fx,500,4,1.1318015920994582,1.0011155223850592,0.31677096144938766,False
2020-10-21,daily_fx,r_fx,500,4,1.1319967406342286,1.0023048881598344,0.31619636241759075,False
2020-10-22,daily_fx,r_fx,500,4,1.131871571572373,1.0013544813098418,0.31665546213923657,False
2020-10-23,daily_fx,r_fx,500,4,1.1319460061296671,1.0019197969706688,0.31638233034676233,False
2020-10-26,daily_fx,r_fx,500,4,1.1321451243050646,1.0034321454075101,0.3156524007591952,False
2020-10-27,daily_fx,r_fx,500,4,1.1320400356486455,1.0030386009953776,0.31584223702965675,False
2020-10-28,daily_fx,r_fx,500,4,1.132851964778805,1.0087354001811433,0.31310154951933034,False
2020-10-29,daily_fx,r_fx,500,4,1.1331796609529312,1.0112227801620715,0.31190981513574734,False
2020-10-30,daily_fx,r_fx,500,4,1.1336725921969348,1.0149657327020167,0.310122162422908,False
2020-11-02,daily_fx,r_fx,500,4,1.1338365533162094,1.0162121312584642,0.30952838073267586,False
2020-11-03,daily_fx,r_fx,500,4,1.1339235509794607,1.0169296129611527,0.3091869147970092,False
2020-11-04,daily_fx,r_fx,500,4,1.1351199157314495,1.024620864273809,0.30554211588165625,False
2020-11-05,daily_fx,r_fx,500,4,1.1350015958093402,1.0237236904034588,0.30596580242651417,False
2020-11-06,daily_fx,r_fx,500,4,1.135012455687121,1.0238060450486646,0.3059268945676221,False
2020-11-09,daily_fx,r_fx,500,4,1.1351416071061302,1.0247853693455813,0.3054644712967638,False
2020-11-10,daily_fx,r_fx,500,4,1.1350220029036202,1.0241091104922329,0.3057837417299285,False
2020-11-11,daily_fx,r_fx,500,4,1.1349506132299856,1.0234902085552362,0.30607612707734466,False
2020-11-12,daily_fx,r_fx,500,4,1.134780219866056,1.022197815285273,0.3066872846021935,False
2020-11-13,daily_fx,r_fx,500,4,1.134768167842505,1.0221067608589427,0.3067303736311717,False
2020-11-16,daily_fx,r_fx,500,4,1.134925196322173,1.0232991957209647,0.30616640391382854,False
2020-11-17,daily_fx,r_fx,500,4,1.134832904059268,1.0228332618122635,0.3063866884794888,False
2020-11-18,daily_fx,r_fx,500,4,1.136018244907158,1.030376617851003,0.30283324508051,False
2020-11-19,daily_fx,r_fx,500,4,1.1358491777902142,1.0290957856212224,0.3034346663605225,False
2020-11-20,daily_fx,r_fx,500,4,1.1358736000662006,1.0292809206593465,0.30334768622120123,False
2020-11-23,daily_fx,r_fx,500,4,1.136066562425097,1.0307432847075346,0.3026612208350177,False
2020-11-24,daily_fx,r_fx,500,4,1.1352188197089623,1.025415857396933,0.3051670090787679,False
2020-11-25,daily_fx,r_fx,500,4,1.1357281291011891,1.0285673571605136,0.30368302377104617,False
2020-11-26,daily_fx,r_fx,500,4,1.1355489488158974,1.027208427502243,0.3043223306226057,False
2020-11-27,daily_fx,r_fx,500,4,1.1353070264829281,1.0253748644949534,0.305186343553413,False
2020-11-30,daily_fx,r_fx,500,4,1.1352455331029905,1.0249089627546635,0.3054061451774017,False
2020-12-01,daily_fx,r_fx,500,4,1.134914486289175,1.0226528104692276,0.3064720306031532,False
2020-12-02,daily_fx,r_fx,500,4,1.134762568020281,1.0214628342617043,0.30703520883096136,False
2020-12-03,daily_fx,r_fx,500,4,1.134588360737602,1.0201422723601503,0.307660990996385,False
2020-12-04,daily_fx,r_fx,500,4,1.1346070421691077,1.0202839277051483,0.307593823582194,False
2020-12-07,daily_fx,r_fx,500,4,1.1347996965460259,1.0217445350681602,0.30690182683775147,False
2020-12-09,daily_fx,r_fx,500,4,1.1345620981293503,1.0203651747245577,0.307555303809389,False
2020-12-10,daily_fx,r_fx,500,4,1.1348339930417473,1.0219697743857243,0.3067952063063255,False
2020-12-11,daily_fx,r_fx,500,4,1.1346432077041304,1.0205234213735785,0.30748028714728415,False
2020-12-14,daily_fx,r_fx,500,4,1.1346479274777173,1.0205592275469602,0.30746331494799883,False
2020-12-15,daily_fx,r_fx,500,4,1.1341291467130057,1.0173524074989424,0.3089858138381085,False
2020-12-16,daily_fx,r_fx,500,4,1.1341284424521372,1.017346566684525,0.3089885914149284,False
2020-12-17,daily_fx,r_fx,500,4,1.1344709864516154,1.0194070861166526,0.30800974342946175,False
2020-12-18,daily_fx,r_fx,500,4,1.134273849186645,1.01791245121463,0.30871956386617994,False
2020-12-21,daily_fx,r_fx,500,4,1.1341786403069043,1.0171907284845592,0.30906270576605777,False
2020-12-22,daily_fx,r_fx,500,4,1.1338944141147438,1.0152015440237243,0.3100097647479334,False
2020-12-24,daily_fx,r_fx,500,4,1.1336391309080054,1.0132662711226583,0.31093299353015924,False
2020-12-25,daily_fx,r_fx,500,4,1.1335475228713316,1.0125022745609453,0.3112979596991834,False
2020-12-28,daily_fx,r_fx,500,4,1.1334079302729345,1.0114439049349393,0.3118040164383049,False
2020-12-29,daily_fx,r_fx,500,4,1.1334179125368637,1.0115165541993867,0.31176926205211597,False
2020-12-30,daily_fx,r_fx,500,4,1.1333570321226547,1.0110608419643763,0.3119873106096249,False
2020-12-31,daily_fx,r_fx,500,4,1.1332967155381484,1.010603607651369,0.3122061884425449,False
2021-01-04,daily_fx,r_fx,500,4,1.1334246114506947,1.0115735469935787,0.3117419992886692,False
2021-01-05,daily_fx,r_fx,500,4,1.1321082012134716,1.0034254258255377,0.3156556414934615,False
2021-01-06,daily_fx,r_fx,500,4,1.1332671344799516,1.0122235397185995,0.3114311834782404,False
2021-01-07,daily_fx,r_fx,500,4,1.1352726660244779,1.0263671264358905,0.3047185672836128,False
2021-01-08,daily_fx,r_fx,500,4,1.1362437160426,1.0337341008115957,0.30126048652394966,False
2021-01-11,daily_fx,r_fx,500,4,1.136394099676735,1.0348754981059827,0.30072705861681426,False
2021-01-12,daily_fx,r_fx,500,4,1.1355309426300986,1.029397447163216,0.3032929482402944,False
2021-01-13,daily_fx,r_fx,500,4,1.1355030177178775,1.029186433467432,0.3033920761207709,False
2021-01-14,daily_fx,r_fx,500,4,1.1366951345138823,1.0367611135278754,0.2998472024853047,False
2021-01-15,daily_fx,r_fx,500,4,1.1365175835170434,1.0354142232912174,0.3004755060986768,False
2021-01-18,daily_fx,r_fx,500,4,1.136650906713997,1.0364254040154472,0.3000037237841098,False
2021-01-19,daily_fx,r_fx,500,4,1.1354101973454733,1.0284842173648097,0.3037221111441537,False
2021-01-20,daily_fx,r_fx,500,4,1.135392756218163,1.0283482409913849,0.3037860463283344,False
2021-01-21,daily_fx,r_fx,500,4,1.135353977113142,1.0279585767517643,0.30396931337781474,False
2021-01-22,daily_fx,r_fx,500,4,1.1352003612457129,1.026791546282795,0.3045186308965828,False
2021-01-25,daily_fx,r_fx,500,4,1.1353927615425827,1.0282529256003814,0.30383086831983785,False
2021-01-26,daily_fx,r_fx,500,4,1.1350088994443948,1.0259218382475024,0.30492842800629916,False
2021-01-27,daily_fx,r_fx,500,4,1.1350075262169854,1.0259119292667889,0.3049330991194714,False
2021-01-28,daily_fx,r_fx,500,4,1.1355741131751045,1.0294292098708417,0.30327802894095734,False
2021-01-29,daily_fx,r_fx,500,4,1.1353807441844208,1.0279608181343671,0.3039682589998498,False
2021-02-01,daily_fx,r_fx,500,4,1.1351834263754654,1.0264626671609436,0.3046735522067918,False
2021-02-02,daily_fx,r_fx,500,4,1.1341758954983072,1.0196456223891286,0.3078965596303025,False
2021-02-03,daily_fx,r_fx,500,4,1.1337845398515518,1.0166708037402652,0.3093100593024767,False
2021-02-04,daily_fx,r_fx,500,4,1.1337299982024467,1.0160573291142834,0.3096020872749914,False
2021-02-05,daily_fx,r_fx,500,4,1.133534089898991,1.0145686583132265,0.3103114857080955,False
2021-02-08,daily_fx,r_fx,500,4,1.1334504117178847,1.0139329234852255,0.3106147600618334,False
2021-02-09,daily_fx,r_fx,500,4,1.1331705632578617,1.0120767578369843,0.3115013542853826,False
2021-02-10,daily_fx,r_fx,500,4,1.1333342309812569,1.01331969415195,0.31090748356347486,False
2021-02-11,daily_fx,r_fx,500,4,1.133616016353573,1.0154033718396887,0.3099135864206133,False
2021-02-12,daily_fx,r_fx,500,4,1.133863017274978,1.017280294390275,0.30902010810549063,False
2021-02-15,daily_fx,r_fx,500,4,1.1340447616537972,1.0186614890583519,0.30836370152309445,False
2021-02-16,daily_fx,r_fx,500,4,1.1340892082311729,1.019113390919311,0.30814913756336404,False
2021-02-17,daily_fx,r_fx,500,4,1.1336532951652856,1.0162567419514603,0.30950714222325804,False
2021-02-18,daily_fx,r_fx,500,4,1.1340046761387639,1.018724541991479,0.30833375792647333,False
2021-02-19,daily_fx,r_fx,500,4,1.1342055614548512,1.020396139837967,0.3075406238757692,False
2021-02-22,daily_fx,r_fx,500,4,1.1336975762036294,1.0170687465635464,0.3091207267676388,False
2021-02-23,daily_fx,r_fx,500,4,1.132831701662387,1.0109871816808809,0.3120225649139683,False
2021-02-24,daily_fx,r_fx,500,4,1.1319968953592905,1.0047893637049539,0.31499828655598483,False
2021-02-25,daily_fx,r_fx,500,4,1.1311825321145887,0.9983594222671459,0.31810510269098646,False
2021-02-26,daily_fx,r_fx,500,4,1.129321173461642,0.9848200204260964,0.3247124847711622,False
2021-03-01,daily_fx,r_fx,500,4,1.1286371267289284,0.9800224752895129,0.32707502454805404,False
2021-03-02,daily_fx,r_fx,500,4,1.13024137399674,0.9910803017249185,0.32164637075241487,False
2021-03-03,daily_fx,r_fx,500,4,1.1318438235803923,1.003977379113555,0.31538951710791263,False
2021-03-04,daily_fx,r_fx,500,4,1.133710333033221,1.018571359930745,0.30840650684037874,False
2021-03-05,daily_fx,r_fx,500,4,1.1355423332862251,1.0327734183987374,0.30170994607473967,False
2021-03-09,daily_fx,r_fx,500,4,1.136440458192681,1.0398753416043782,0.2983978199600359,False
2021-03-10,daily_fx,r_fx,500,4,1.1366781255433556,1.0417211892289755,0.2975409621296574,False
2021-03-11,daily_fx,r_fx,500,4,1.13672043461677,1.0420865802549446,0.2973715397509027,False
2021-03-12,daily_fx,r_fx,500,4,1.1368591162927122,1.0432750369021035,0.2968209291601831,False
2021-03-15,daily_fx,r_fx,500,4,1.1371463184338126,1.045107261788936,0.29597339819614366,False
2021-03-16,daily_fx,r_fx,500,4,1.1370258369343413,1.04432106042806,0.29633687219136307,False
2021-03-17,daily_fx,r_fx,500,4,1.1369814072365647,1.0440460935631342,0.2964640644228256,False
2021-03-18,daily_fx,r_fx,500,4,1.1361979127149326,1.0385100021418736,0.2990326811116486,False
2021-03-19,daily_fx,r_fx,500,4,1.1358830345623707,1.0363769859622411,0.30002630272545927,False
2021-03-23,daily_fx,r_fx,500,4,1.1387729902777826,1.055807602840357,0.29105612402216785,False
2021-03-24,daily_fx,r_fx,500,4,1.1399720849094426,1.0651976190572412,0.28678651084764484,False
2021-03-25,daily_fx,r_fx,500,4,1.1403203864727407,1.068061002988791,0.2854929952654732,False
2021-03-26,daily_fx,r_fx,500,4,1.1399177741973487,1.065784963880127,0.2865208594582449,False
2021-03-27,daily_fx,r_fx,500,4,1.1392957069770129,1.0617493094649646,0.288349507555858,False
2021-03-29,daily_fx,r_fx,500,4,1.141718263947094,1.077101252750951,0.2814350334801099,False
2021-03-30,daily_fx,r_fx,500,4,1.1414447076760807,1.075641998952034,0.2820873965159283,False
2021-03-31,daily_fx,r_fx,500,4,1.1413829764779115,1.0755111872261982,0.28214592626907464,False
2021-04-01,daily_fx,r_fx,500,4,1.142217607302208,1.0820479205733986,0.27923123521750215,False
2021-04-02,daily_fx,r_fx,500,4,1.142631525322086,1.0856663390148302,0.2776266382097812,False
2021-04-05,daily_fx,r_fx,500,4,1.1430401973863453,1.0887491008721049,0.2762645427293593,False
2021-04-06,daily_fx,r_fx,500,4,1.1428860892739274,1.0877535778795258,0.2767039081174003,False
2021-04-07,daily_fx,r_fx,500,4,1.1420244763718155,1.0817967876656687,0.2793428343157265,False
2021-04-08,daily_fx,r_fx,500,4,1.1413567754393916,1.0769225906136835,0.2815148497868596,False
2021-04-09,daily_fx,r_fx,500,4,1.1406197617583294,1.0714298764476249,0.2839761852341327,False
2021-04-12,daily_fx,r_fx,500,4,1.141397705365358,1.0765751006490734,0.2816701329634208,False
2021-04-13,daily_fx,r_fx,500,4,1.1412119066204365,1.0751910931703768,0.28228918230462696,False
2021-04-14,daily_fx,r_fx,500,4,1.1408089332035984,1.0726633157688112,0.28342220531054796,False
2021-04-15,daily_fx,r_fx,500,4,1.140784284441164,1.0724927763801702,0.28349875676359093,False
2021-04-16,daily_fx,r_fx,500,4,1.140725714181778,1.0722228702270162,0.28361994043192995,False
2021-04-19,daily_fx,r_fx,500,4,1.140813742892435,1.0728870897463636,0.2833217792396847,False
2021-04-20,daily_fx,r_fx,500,4,1.1406111772135203,1.0716596297422483,0.28387293962855864,False
2021-04-21,daily_fx,r_fx,500,4,1.1406826489802202,1.0724483720008104,0.28351869122932194,False
2021-04-22,daily_fx,r_fx,500,4,1.140761465606489,1.0734009349079332,0.28309126524122963,False
2021-04-23,daily_fx,r_fx,500,4,1.1396061491798068,1.0653280002725756,0.28672752610533436,False
2021-04-26,daily_fx,r_fx,500,4,1.139506966747522,1.0645715846394177,0.2870698442748285,False
2021-04-27,daily_fx,r_fx,500,4,1.1395305835786607,1.064856402819288,0.28694091658349596,False
2021-04-28,daily_fx,r_fx,500,4,1.1391491399436366,1.062849674065557,0.2878501285153159,False
2021-04-29,daily_fx,r_fx,500,4,1.1390979145888165,1.0629680232355887,0.28779645281665056,False
2021-04-30,daily_fx,r_fx,500,4,1.1401957824805715,1.0712353058152242,0.2840636404752941,False
2021-05-03,daily_fx,r_fx,500,4,1.1408676886069242,1.0767044404383515,0.28161232797848523,False
2021-05-04,daily_fx,r_fx,500,4,1.141080642473743,1.0783349323447688,0.2808843131918768,False
2021-05-05,daily_fx,r_fx,500,4,1.140797770554075,1.0763944989625214,0.28175086155966733,False
2021-05-06,daily_fx,r_fx,500,4,1.1403756209904026,1.0736024992403805,0.2830008769915535,False
2021-05-07,daily_fx,r_fx,500,4,1.1411157247529387,1.0794291202837163,0.28039647528090095,False
2021-05-10,daily_fx,r_fx,500,4,1.1409719914312337,1.0789590643756228,0.28060597666487697,False
2021-05-11,daily_fx,r_fx,500,4,1.1405140520734571,1.0760422344561007,0.28190836825916543,False
2021-05-12,daily_fx,r_fx,500,4,1.1405977242923797,1.0769668205025715,0.2814950889018806,False
2021-05-17,daily_fx,r_fx,500,4,1.1413415743596043,1.0827620182409643,0.27891406831729704,False
2021-05-18,daily_fx,r_fx,500,4,1.1433466232725125,1.096548568492007,0.27283878090204117,False
2021-05-19,daily_fx,r_fx,500,4,1.1435603753230517,1.0983761859258208,0.2720402566893301,False
2021-05-20,daily_fx,r_fx,500,4,1.14370657551087,1.0996142930948118,0.2715002117224343,False
2021-05-21,daily_fx,r_fx,500,4,1.143929142703927,1.101546421256599,0.27065891243479423,False
2021-05-24,daily_fx,r_fx,500,4,1.1424839261527089,1.0914818697395547,0.2750609053125781,False
2021-05-25,daily_fx,r_fx,500,4,1.1419538168873606,1.088029896308979,0.27658190966459806,False
2021-05-26,daily_fx,r_fx,500,4,1.1438134242967017,1.0998378825325867,0.27140276347741965,False
2021-05-27,daily_fx,r_fx,500,4,1.14377544424158,1.0996470056621765,0.2714859529234037,False
2021-05-28,daily_fx,r_fx,500,4,1.1422313769065173,1.0889637460921022,0.27616987331084974,False
2021-05-31,daily_fx,r_fx,500,4,1.1423901210715888,1.0903128061424796,0.27557537596885906,False
2021-06-01,daily_fx,r_fx,500,4,1.1429795575817088,1.0952216057236688,0.2734195623826212,False
2021-06-02,daily_fx,r_fx,500,4,1.1450844579732342,1.1115415893368346,0.2663352987745511,False
2021-06-03,daily_fx,r_fx,500,4,1.1463657858760512,1.1215939878270598,0.26203510908884464,False
2021-06-04,daily_fx,r_fx,500,4,1.147658503229206,1.131868839215009,0.2576895810005366,False
2021-06-07,daily_fx,r_fx,500,4,1.1490694181093581,1.141868980732728,0.25350848400413906,False
2021-06-08,daily_fx,r_fx,500,4,1.1490922513695574,1.1426925367753633,0.25316626955269195,False
2021-06-09,daily_fx,r_fx,500,4,1.1483077828859805,1.1377324717709523,0.2552322099560631,False
2021-06-10,daily_fx,r_fx,500,4,1.1480050907585315,1.1359224609754475,0.2559890170806023,False
2021-06-11,daily_fx,r_fx,500,4,1.1478555880929238,1.1353047793618187,0.256247640400874,False
2021-06-14,daily_fx,r_fx,500,4,1.1507752553572579,1.1554798279593403,0.24789398850955524,False
2021-06-15,daily_fx,r_fx,500,4,1.1511997611627829,1.1589951004825252,0.24645818216863224,False
2021-06-16,daily_fx,r_fx,500,4,1.1515962280407175,1.1621048679200812,0.24519287033742332,False
2021-06-17,daily_fx,r_fx,500,4,1.1496118932827415,1.1486059299603713,0.25071851075517815,False
2021-06-18,daily_fx,r_fx,500,4,1.1498013906732933,1.1502761339403398,0.25003015734517864,False
2021-06-21,daily_fx,r_fx,500,4,1.1511574040197385,1.1606752584293085,0.24577398717860977,False
2021-06-22,daily_fx,r_fx,500,4,1.1516677729699547,1.1653355228980995,0.24388320537443642,False
2021-06-23,daily_fx,r_fx,500,4,1.1517649929119895,1.1661773242331426,0.24354275863975938,False
2021-06-24,daily_fx,r_fx,500,4,1.1516361027609434,1.1654479146600538,0.24383773184613866,False
2021-06-25,daily_fx,r_fx,500,4,1.1515006565404327,1.1645535189168619,0.24419976785077147,False
2021-06-28,daily_fx,r_fx,500,4,1.1517315167906952,1.166532139069707,0.24339936220932556,False
2021-06-29,daily_fx,r_fx,500,4,1.1515951327828158,1.1656989320256494,0.24373619212450448,False
2021-06-30,daily_fx,r_fx,500,4,1.1512477841567534,1.1637270031385616,0.24453466263024848,False
2021-07-01,daily_fx,r_fx,500,4,1.1504362271607453,1.1580367350343206,0.24684904562000742,False
2021-07-02,daily_fx,r_fx,500,4,1.1503013075565607,1.1570381365312519,0.2472567796207794,False
2021-07-05,daily_fx,r_fx,500,4,1.1492146757083164,1.149982614422422,0.2501510319878353,False
2021-07-06,daily_fx,r_fx,500,4,1.1481405270639249,1.1426604827165612,0.25317958304072885,False
2021-07-07,daily_fx,r_fx,500,4,1.1476513793097696,1.13901792414998,0.25469567827946893,False
2021-07-08,daily_fx,r_fx,500,4,1.146624984230675,1.1321060018068003,0.2575898719116516,False
2021-07-09,daily_fx,r_fx,500,4,1.1461580502705428,1.128552933109148,0.2590864752403892,False
2021-07-12,daily_fx,r_fx,500,4,1.1500056673563785,1.1530495918589216,0.24889002999736665,False
2021-07-13,daily_fx,r_fx,500,4,1.1497414499326792,1.1514875017607327,0.24953173409397333,False
2021-07-14,daily_fx,r_fx,500,4,1.149073382750417,1.1466185043230985,0.25153932532882917,False
2021-07-15,daily_fx,r_fx,500,4,1.1484916540056576,1.142359779209426,0.25330450243731395,False
2021-07-16,daily_fx,r_fx,500,4,1.1475548904296409,1.135422294842177,0.2561984226898213,False
2021-07-17,daily_fx,r_fx,500,4,1.150702338379767,1.1550833448880375,0.24805629788230976,False
2021-07-19,daily_fx,r_fx,500,4,1.1513199391195184,1.1602937706627383,0.24592921987819505,False
2021-07-23,daily_fx,r_fx,500,4,1.1534407542243614,1.1769433590379992,0.2392181143904466,False
2021-07-24,daily_fx,r_fx,500,4,1.1540794402759995,1.1824241121598926,0.2370374604553367,False
2021-07-26,daily_fx,r_fx,500,4,1.1532085017634768,1.1764901512145887,0.23939906575324876,False
2021-07-27,daily_fx,r_fx,500,4,1.1566289052359169,1.1987768871873772,0.23061471200318717,False
2021-07-28,daily_fx,r_fx,500,4,1.137883638474079,1.055612626902615,0.2911452296841621,False
2021-07-29,daily_fx,r_fx,500,4,1.1162511779949806,0.8910106834211179,0.37292343885328294,False
2021-07-30,daily_fx,r_fx,500,4,1.0946723750627165,0.7265234597869833,0.46751793111536877,False
2021-08-02,daily_fx,r_fx,500,4,1.1815464067098567,1.2641376959019137,0.206180608628582,False
2021-08-03,daily_fx,r_fx,500,4,1.1599730755014435,1.1142309788512443,0.2651801085810499,False
2021-08-04,daily_fx,r_fx,500,4,1.1377428381344126,0.9595893324196906,0.33726194002024235,False
2021-08-05,daily_fx,r_fx,500,4,1.1149649403233894,0.801322847398816,0.4229447673639153,False
2021-08-06,daily_fx,r_fx,500,4,1.0309837054858775,0.24377161089894409,0.8074077083597713,False
2021-08-09,daily_fx,r_fx,500,4,0.9493020533140623,-0.39943001147731516,0.6895763841251537,False
2021-08-10,daily_fx,r_fx,500,4,0.8677610469841452,-1.0428823937866556,0.2970027647890352,False
2021-08-11,daily_fx,r_fx,500,4,1.1897134038039447,0.9826179136460239,0.3257955245171196,False
2021-08-12,daily_fx,r_fx,500,4,1.190017331455748,0.9844769999223825,0.32488103478535457,False
2021-08-13,daily_fx,r_fx,500,4,1.1896287898585722,0.9829714488757963,0.32562149079344005,False
2021-08-16,daily_fx,r_fx,500,4,1.1907159847614766,0.9890379258461204,0.3226445862427223,False
2021-08-17,daily_fx,r_fx,500,4,1.1881861876268693,0.9773576446230389,0.328392124131774,False
2021-08-18,daily_fx,r_fx,500,4,1.1879530827558762,0.9763396790639146,0.3288961629855591,False
2021-08-19,daily_fx,r_fx,500,4,1.1888797490484586,0.9813944075163,0.32639828293833184,False
2021-08-20,daily_fx,r_fx,500,4,1.1915602605746332,0.9958476884739754,0.31932415549214355,False
2021-08-23,daily_fx,r_fx,500,4,1.1922968415392132,0.9999450188522115,0.3173371162507044,False
2021-08-24,daily_fx,r_fx,500,4,1.1931240745579208,1.0037059628922367,0.31552036206803935,False
2021-08-25,daily_fx,r_fx,500,4,1.1931441369342388,1.003986100710553,0.3153853131714328,False
2021-08-26,daily_fx,r_fx,500,4,1.1920035082129452,0.9994819325597054,0.3175612871141267,False
2021-08-27,daily_fx,r_fx,500,4,1.191001182647093,0.9948937037513795,0.3197879654491613,False
2021-08-30,daily_fx,r_fx,500,4,1.1911117187229867,0.9953358824677274,0.31957293147015564,False
2021-08-31,daily_fx,r_fx,500,4,1.1910888859416866,0.9952223607938965,0.31962812866643375,False
2021-09-06,daily_fx,r_fx,500,4,1.1900948639664655,0.9912020502733835,0.32158692964258906,False
2021-09-07,daily_fx,r_fx,500,4,1.190569073149937,0.9943812540928401,0.3200372909484752,False
2021-09-08,daily_fx,r_fx,500,4,1.1913042016334419,0.9985835779572659,0.3179964586526678,False
2021-09-09,daily_fx,r_fx,500,4,1.1915860430265723,0.9994616749270965,0.31757109580038145,False
2021-09-10,daily_fx,r_fx,500,4,1.1903352720395266,0.993716447503904,0.32036093303788804,False
2021-09-13,daily_fx,r_fx,500,4,1.1908700450039607,0.9970247992669975,0.3187524726948152,False
2021-09-14,daily_fx,r_fx,500,4,1.193426973414106,1.0104415060005105,0.31228381071027744,False
2021-09-15,daily_fx,r_fx,500,4,1.1888887077982386,0.991117929390488,0.3216279990882751,False
2021-09-16,daily_fx,r_fx,500,4,1.1890077288365548,0.9921601954339653,0.3211193862264714,False
2021-09-17,daily_fx,r_fx,500,4,1.1857884477495555,0.9772725055936644,0.3284342609469928,False
2021-09-20,daily_fx,r_fx,500,4,1.185350625257795,0.9751076563262432,0.32950686119380945,False
2021-09-21,daily_fx,r_fx,500,4,1.1848658153991245,0.9731064826612575,0.3305003824602335,False
2021-09-22,daily_fx,r_fx,500,4,1.1854527315088008,0.9762038224645436,0.32896346938327037,False
2021-09-23,daily_fx,r_fx,500,4,1.1869956359077891,0.9823553041743089,0.3259248376318218,False
2021-09-24,daily_fx,r_fx,500,4,1.1860206645565443,0.977518086438429,0.32831272816166046,False
2021-09-27,daily_fx,r_fx,500,4,1.1852874436241272,0.975045453168748,0.3295377139863307,False
2021-09-28,daily_fx,r_fx,500,4,1.184961655887194,0.9741822207901482,0.32996607079071416,False
2021-09-29,daily_fx,r_fx,500,4,1.1856676898169969,0.9774355040552923,0.3283535931874999,False
2021-09-30,daily_fx,r_fx,500,4,1.1849035461459607,0.9743477664560569,0.3298838950944798,False
2021-10-04,daily_fx,r_fx,500,4,1.1856298562133136,0.9781746227701823,0.32798796540581066,False
2021-10-05,daily_fx,r_fx,500,4,1.184219921474414,0.9714689213255993,0.3313148221480744,False
2021-10-06,daily_fx,r_fx,500,4,1.1838077836222116,0.9696735607647714,0.3322092332570268,False
2021-10-07,daily_fx,r_fx,500,4,1.1849845761614324,0.9746863371561041,0.3297158722686353,False
2021-10-08,daily_fx,r_fx,500,4,1.185391334703387,0.9769981627493631,0.3285700619359244,False
2021-10-11,daily_fx,r_fx,500,4,1.1851753075021738,0.975882847525518,0.32912252300672096,False
2021-10-12,daily_fx,r_fx,500,4,1.1846285878585636,0.9737270907875762,0.3301920624085186,False
2021-10-13,daily_fx,r_fx,500,4,1.1833294852558192,0.9680088434270337,0.33303995311503565,False
2021-10-14,daily_fx,r_fx,500,4,1.1828288600527002,0.9660464072098444,0.3340209598953887,False
2021-10-15,daily_fx,r_fx,500,4,1.1828407711812146,0.9664963680742137,0.3337958634266154,False
2021-10-18,daily_fx,r_fx,500,4,1.1832797966087585,0.9689250977603429,0.33258256216706794,False
2021-10-19,daily_fx,r_fx,500,4,1.1830956742484433,0.9680169701785524,0.3330358944852314,False
2021-10-20,daily_fx,r_fx,500,4,1.183152059163609,0.9683254445641809,0.33288186104628537,False
2021-10-21,daily_fx,r_fx,500,4,1.18312270441831,0.9686159248660509,0.33273685482022053,False
2021-10-22,daily_fx,r_fx,500,4,1.1833220400421653,0.9700173212258667,0.33203785834266863,False
2021-10-25,daily_fx,r_fx,500,4,1.1830740756980425,0.9691298641134588,0.33248039901085136,False
2021-10-26,daily_fx,r_fx,500,4,1.182872255820998,0.9682787179888063,0.33290519051365974,False
2021-10-27,daily_fx,r_fx,500,4,1.1821024957902881,0.9646364192097258,0.33472695132105157,False
2021-10-28,daily_fx,r_fx,500,4,1.182271431134256,0.9656519707834785,0.33421836032362506,False
2021-10-29,daily_fx,r_fx,500,4,1.1829652247063414,0.9695046473316246,0.33229346261127146,False
2021-11-01,daily_fx,r_fx,500,4,1.1830870693687847,0.9704129728999027,0.33184068482442486,False
2021-11-02,daily_fx,r_fx,500,4,1.1821269148582267,0.9662122076004904,0.33393800555614783,False
2021-11-03,daily_fx,r_fx,500,4,1.1809225666541985,0.9614743115669421,0.33631373572274814,False
2021-11-04,daily_fx,r_fx,500,4,1.1815033108751263,0.9630061202778005,0.3355444518830959,False
2021-11-05,daily_fx,r_fx,500,4,1.1801788977678176,0.9566443216310536,0.3387468099381872,False
2021-11-08,daily_fx,r_fx,500,4,1.1780970899629695,0.9476391612520928,0.3433131826491711,False
2021-11-09,daily_fx,r_fx,500,4,1.1779656513492347,0.947385947590139,0.3434421490965467,False
2021-11-10,daily_fx,r_fx,500,4,1.1775498798020663,0.9456853942088806,0.34430907433433244,False
2021-11-11,daily_fx,r_fx,500,4,1.1739125726892916,0.929887117361368,0.3524295337967782,False
2021-11-12,daily_fx,r_fx,500,4,1.1732501288919663,0.9271965090450207,0.3538245150328061,False
2021-11-15,daily_fx,r_fx,500,4,1.174007208956571,0.9313336568771308,0.35168099709861345,False
2021-11-16,daily_fx,r_fx,500,4,1.1731862560515216,0.9277318039421623,0.353546706660004,False
2021-11-17,daily_fx,r_fx,500,4,1.1719332835311986,0.9222534306822135,0.356396398899389,False
2021-11-18,daily_fx,r_fx,500,4,1.1716110671903526,0.921030146270201,0.3570346881211284,False
2021-11-19,daily_fx,r_fx,500,4,1.1714817627996756,0.9208647905290311,0.3571210231737656,False
2021-11-22,daily_fx,r_fx,500,4,1.1679368430932902,0.90405490768665,0.3659662870975213,False
2021-11-23,daily_fx,r_fx,500,4,1.1673314947216429,0.9014431378885073,0.3673527540780499,False
2021-11-24,daily_fx,r_fx,500,4,1.1671396257735405,0.9006672963982433,0.36776524187602133,False
2021-11-25,daily_fx,r_fx,500,4,1.167036998043706,0.9002140387787463,0.36800635654087377,False
2021-11-26,daily_fx,r_fx,500,4,1.1666177737455414,0.8984157593966023,0.36896393778301073,False
2021-11-29,daily_fx,r_fx,500,4,1.165248879804641,0.8922027963453406,0.37228424362829116,False
2021-11-30,daily_fx,r_fx,500,4,1.1648404233766307,0.8903057804222057,0.37330171815007374,False
2021-12-01,daily_fx,r_fx,500,4,1.1645308764923676,0.8888285863537253,0.3740952101112658,False
2021-12-02,daily_fx,r_fx,500,4,1.1663372859923409,0.8961906225721178,0.3701509631745572,False
2021-12-03,daily_fx,r_fx,500,4,1.166608862385596,0.8977626160918968,0.36931211900965777,False
2021-12-06,daily_fx,r_fx,500,4,1.1661990560366506,0.8962745159397778,0.37010616628094484,False
2021-12-14,daily_fx,r_fx,500,4,1.1577218052706129,0.8581518297745211,0.3908086308650618,False
2021-12-15,daily_fx,r_fx,500,4,1.1605008826201957,0.8741173112725051,0.3820543709237012,False
2021-12-16,daily_fx,r_fx,500,4,1.1623481364155626,0.8846028524803278,0.3763708676721005,False
2021-12-17,daily_fx,r_fx,500,4,1.1645822274259203,0.8970772290948974,0.36967770847434656,False
2021-12-20,daily_fx,r_fx,500,4,1.1622055314459827,0.8851741514981452,0.3760627112369237,False
2021-12-21,daily_fx,r_fx,500,4,1.1620821057526567,0.8846509518559377,0.3763449170530391,False
2021-12-22,daily_fx,r_fx,500,4,1.1612035590963885,0.8801155797813264,0.3787966999403767,False
2021-12-23,daily_fx,r_fx,500,4,1.1619652471339503,0.8836192513348952,0.3769017832052852,False
2021-12-24,daily_fx,r_fx,500,4,1.1546839878243664,0.8488134146772048,0.39598512446272327,False
2021-12-27,daily_fx,r_fx,500,4,1.1555341648753983,0.8536211797387708,0.39331491940388563,False
2021-12-28,daily_fx,r_fx,500,4,1.1561319480417256,0.8572961749712894,0.39128122191881487,False
2021-12-29,daily_fx,r_fx,500,4,1.1578588264233178,0.8667775365097916,0.38606391244290084,False
2021-12-30,daily_fx,r_fx,500,4,1.1554146349830645,0.8555511796439433,0.39224608384835546,False
2022-01-05,daily_fx,r_fx,500,4,1.154073310789104,0.8487241483875801,0.39603480574985905,False
2022-01-06,daily_fx,r_fx,500,4,1.1536461867776107,0.8465151398284047,0.39726543159686845,False
2022-01-07,daily_fx,r_fx,500,4,1.1534512842986324,0.845554353019925,0.3978013992342835,False
2022-01-08,daily_fx,r_fx,500,4,1.1538072487007753,0.8479734093870585,0.3964527795999133,False
2022-01-10,daily_fx,r_fx,500,4,1.1528274677839883,0.8435077198889143,0.39894455005689156,False
2022-01-11,daily_fx,r_fx,500,4,1.151892152686131,0.8383866600372148,0.4018135790975159,False
2022-01-12,daily_fx,r_fx,500,4,1.1514039215084713,0.8363231442880018,0.40297313626575026,False
2022-01-13,daily_fx,r_fx,500,4,1.1510272302950129,0.8343206807172483,0.4041003010688191,False
2022-01-14,daily_fx,r_fx,500,4,1.1576757475198796,0.8642159123907156,0.3874692924973302,False
2022-01-17,daily_fx,r_fx,500,4,1.1568366594176045,0.8600314186866853,0.3897717236108953,False
2022-01-18,daily_fx,r_fx,500,4,1.1568765443804587,0.8608768929193418,0.38930584940441326,False
2022-01-19,daily_fx,r_fx,500,4,1.1586790591320957,0.8714038709061988,0.38353367297144914,False
2022-01-20,daily_fx,r_fx,500,4,1.1602167397124863,0.8800204276206884,0.37884824343994117,False
2022-01-21,daily_fx,r_fx,500,4,1.1595201239856718,0.877090265300828,0.3804376117342423,False
2022-01-24,daily_fx,r_fx,500,4,1.1593134158227103,0.8762482062326252,0.38089511514051333,False
2022-01-25,daily_fx,r_fx,500,4,1.1572631763770458,0.8661191139720124,0.38642484429768675,False
2022-01-26,daily_fx,r_fx,500,4,1.1569599642526964,0.864571502305888,0.38727401950336415,False
2022-01-27,daily_fx,r_fx,500,4,1.157345592662014,0.8672375415766261,0.38581187060098765,False
2022-01-28,daily_fx,r_fx,500,4,1.1605542426428204,0.8838772668086774,0.37676247027314824,False
2022-01-31,daily_fx,r_fx,500,4,1.1605581409897774,0.884283960850964,0.3765429443022703,False
2022-02-01,daily_fx,r_fx,500,4,1.159347731436489,0.8779193158757497,0.37998750602147613,False
2022-02-02,daily_fx,r_fx,500,4,1.1581952119806063,0.8717745764435861,0.3833313666874911,False
2022-02-03,daily_fx,r_fx,500,4,1.1568969663053652,0.8650600134100097,0.38700585041732816,False
2022-02-04,daily_fx,r_fx,500,4,1.1585979202259533,0.8729803935736511,0.38267376452838553,False
2022-02-07,daily_fx,r_fx,500,4,1.1588182587982285,0.8751343078599572,0.38150083174988225,False
2022-02-08,daily_fx,r_fx,500,4,1.1595029816904703,0.8789205550934555,0.3794443527349205,False
2022-02-09,daily_fx,r_fx,500,4,1.1581302507179878,0.8720086869038693,0.38320363853527994,False
2022-02-10,daily_fx,r_fx,500,4,1.1578566894386555,0.8705686199150432,0.38398973662385627,False
2022-02-11,daily_fx,r_fx,500,4,1.1572447943961273,0.8679386180712452,0.3854279364303026,False
2022-02-14,daily_fx,r_fx,500,4,1.1570255091452886,0.8669847662355199,0.3859503565521045,False
2022-02-15,daily_fx,r_fx,500,4,1.1551577539044136,0.8574565015548964,0.3911926447233607,False
2022-02-16,daily_fx,r_fx,500,4,1.1544277049165195,0.8535436938568263,0.3933578679548613,False
2022-02-17,daily_fx,r_fx,500,4,1.154145737197058,0.8521669972891092,0.39412141109220533,False
2022-02-18,daily_fx,r_fx,500,4,1.1544731637170114,0.8539214091538502,0.39314853632496005,False
2022-02-21,daily_fx,r_fx,500,4,1.1532970428017442,0.848072422870004,0.3963976386161665,False
2022-02-22,daily_fx,r_fx,500,4,1.1469942330737743,0.8190027409941588,0.41278484974196705,False
2022-02-23,daily_fx,r_fx,500,4,1.1452951713054094,0.8101493745675558,0.41785432972759295,False
2022-02-24,daily_fx,r_fx,500,4,1.1417932646310185,0.7924983957291856,0.4280701268235856,False
2022-02-25,daily_fx,r_fx,500,4,1.141510079803437,0.7911687524019636,0.4288455232570345,False
2022-02-28,daily_fx,r_fx,500,4,1.1425880807253952,0.7974113204994779,0.42521218676900707,False
2022-03-01,daily_fx,r_fx,500,4,1.14178550670805,0.793323231546248,0.42758952495345004,False
2022-03-02,daily_fx,r_fx,500,4,1.1406572210266321,0.7873015441088087,0.43110536600020377,False
2022-03-03,daily_fx,r_fx,500,4,1.1386405303010216,0.7777214322021391,0.4367332544781841,False
2022-03-04,daily_fx,r_fx,500,4,1.1395338619410067,0.7825761336762206,0.43387606108265864,False
2022-03-07,daily_fx,r_fx,500,4,1.139828598246496,0.7844844415965713,0.4327559076416896,False
2022-03-09,daily_fx,r_fx,500,4,1.1387328362807188,0.7787808697087125,0.43610880864218604,False
2022-03-10,daily_fx,r_fx,500,4,1.1371689014853619,0.771121309625626,0.4406350307822684,False
2022-03-11,daily_fx,r_fx,500,4,1.133531582648289,0.7541495209731832,0.4507594445534373,False
2022-03-14,daily_fx,r_fx,500,4,1.1336240334243373,0.7574834392253651,0.44876028386322586,False
2022-03-15,daily_fx,r_fx,500,4,1.142204134425864,0.8086079285623309,0.418740702795358,False
2022-03-16,daily_fx,r_fx,500,4,1.1341873568712662,0.789268157389807,0.4299552934816455,False
2022-03-17,daily_fx,r_fx,500,4,1.1279815028318714,0.7254903272888968,0.4681512767806639,False
2022-03-18,daily_fx,r_fx,500,4,1.16763848976853,0.7620813678649604,0.4460114424160997,False
2022-03-24,daily_fx,r_fx,500,4,1.2811488441877366,1.2413772234971079,0.21446642909052338,False
2022-03-25,daily_fx,r_fx,500,4,1.3366729181654506,1.4839485383274391,0.1378225735482017,False
2022-03-28,daily_fx,r_fx,500,4,1.3477553799304642,1.5328140498747118,0.12532167786517667,False
2022-03-29,daily_fx,r_fx,500,4,1.3543501005396517,1.5624322221887987,0.11818620120177714,False
2022-03-30,daily_fx,r_fx,500,4,1.3544727474715894,1.5664887156363605,0.11723424830349316,False
2022-03-31,daily_fx,r_fx,500,4,1.3539198210211556,1.5692123643589673,0.11659846413840635,False
2022-04-01,daily_fx,r_fx,500,4,1.360288615082604,1.5975146053643499,0.1101510446652747,False
2022-04-04,daily_fx,r_fx,500,4,1.3643763718743,1.615950094188844,0.10610510361248493,False
2022-04-05,daily_fx,r_fx,500,4,1.3658168046012154,1.6223870552798112,0.10472049908536829,False
2022-04-06,daily_fx,r_fx,500,4,1.3654385653917671,1.620389939578847,0.10514853960253712,False
2022-04-07,daily_fx,r_fx,500,4,1.3652216965901929,1.6201663706237608,0.10519654329292982,False
2022-04-08,daily_fx,r_fx,500,4,1.3663380369099636,1.6253465153280409,0.10408874532973278,False
2022-04-11,daily_fx,r_fx,500,4,1.3681110760951527,1.6343680381536936,0.10218159521590575,False
2022-04-12,daily_fx,r_fx,500,4,1.369489215537282,1.6413298631801523,0.10072896027346956,False
2022-04-13,daily_fx,r_fx,500,4,1.3755677499615475,1.6622523075541946,0.09646219602332162,False
2022-04-14,daily_fx,r_fx,500,4,1.3755491327232436,1.6638125760298716,0.09614988999706942,False
2022-04-15,daily_fx,r_fx,500,4,1.3688256147549804,1.6349354318223874,0.10206258386357558,False
2022-04-18,daily_fx,r_fx,500,4,1.3616904803550733,1.604795105293459,0.10853890352390128,False
2022-04-19,daily_fx,r_fx,500,4,1.1585378771273154,0.7041501340339507,0.4813392815733064,False
2022-04-20,daily_fx,r_fx,500,4,0.9894506117605886,-0.05539492244403232,0.9558238409309769,False
2022-04-21,daily_fx,r_fx,500,4,0.8560984750609862,-0.7568434193381519,0.4491436765134347,False
2022-04-22,daily_fx,r_fx,500,4,1.5827547908128896,1.36759509093789,0.17143885392616065,False
2022-04-25,daily_fx,r_fx,500,4,1.5676016988725248,1.3444453712876892,0.17880441046961137,False
2022-04-26,daily_fx,r_fx,500,4,1.5661514782000692,1.342274510736064,0.17950700487374172,False
2022-04-27,daily_fx,r_fx,500,4,1.5684554977973517,1.3498693426980621,0.17705789707679642,False
2022-04-28,daily_fx,r_fx,500,4,1.579818899824081,1.380318066513703,0.16748873473145665,False
2022-04-29,daily_fx,r_fx,500,4,1.5857790828250007,1.3975507075066735,0.16224802939430205,False
2022-05-06,daily_fx,r_fx,500,4,1.5850763757339847,1.4120590701719404,0.15793256899621344,False
2022-05-07,daily_fx,r_fx,500,4,1.598932665415229,1.447448947591932,0.1477712251578014,False
2022-05-10,daily_fx,r_fx,500,4,1.6005993284914442,1.4555414709475272,0.14551941796820955,False
2022-05-11,daily_fx,r_fx,500,4,1.598735097007192,1.4538721027569093,0.14598176851560218,False
2022-05-12,daily_fx,r_fx,500,4,1.5976943616562933,1.45492410121973,0.1456902747228659,False
2022-05-13,daily_fx,r_fx,500,4,1.596261852861245,1.4541148783504885,0.1459144592671655,False
2022-05-16,daily_fx,r_fx,500,4,1.5935520043337457,1.4494125172449306,0.14722241511395096,False
2022-05-17,daily_fx,r_fx,500,4,1.5922589953671917,1.4477311789595457,0.14769224652520463,False
2022-05-18,daily_fx,r_fx,500,4,1.5913038056875093,1.448347463205933,0.14751989984634117,False
2022-05-19,daily_fx,r_fx,500,4,1.591538601045078,1.450564560596591,0.14690114964127599,False
2022-05-20,daily_fx,r_fx,500,4,1.5819096203091547,1.4401019436452371,0.14983855929655832,False
2022-05-23,daily_fx,r_fx,500,4,1.5895441220042748,1.4593050979356073,0.14448115290393648,False
2022-05-24,daily_fx,r_fx,500,4,1.5946899689999643,1.4723209010173957,0.14093424177151892,False
2022-05-25,daily_fx,r_fx,500,4,1.5986753203395274,1.4829679097577684,0.13808293693790263,False
2022-05-26,daily_fx,r_fx,500,4,1.59820323773252,1.4829108518375558,0.1380980978560158,False
2022-05-27,daily_fx,r_fx,500,4,1.5990082206390321,1.4873400622324882,0.13692501858277706,False
2022-05-30,daily_fx,r_fx,500,4,1.6017307005212504,1.4950539198893995,0.13490037058907411,False
2022-05-31,daily_fx,r_fx,500,4,1.6036826964417241,1.5035257360068215,0.1327035254833271,False
2022-06-01,daily_fx,r_fx,500,4,1.606917935757918,1.5163820194591235,0.12942278293940257,False
2022-06-02,daily_fx,r_fx,500,4,1.6132584888760713,1.532476643593721,0.1254048569190762,False
2022-06-03,daily_fx,r_fx,500,4,1.6147104792719127,1.5377642394661073,0.12410627021963672,False
2022-06-06,daily_fx,r_fx,500,4,1.6127637280524685,1.5352249646217484,0.12472857813237481,False
2022-06-07,daily_fx,r_fx,500,4,1.6126995197966523,1.5371612347507446,0.12425383065904527,False
2022-06-08,daily_fx,r_fx,500,4,1.6157562913065013,1.5465952759469335,0.12196086958056362,False
2022-06-09,daily_fx,r_fx,500,4,1.6169719105531652,1.5500421325050155,0.12113140377466847,False
2022-06-10,daily_fx,r_fx,500,4,1.6135039409826963,1.5441079710883494,0.12256217813359127,False
2022-06-13,daily_fx,r_fx,500,4,1.6123573608288275,1.5432519837482659,0.12276964887814845,False
2022-06-14,daily_fx,r_fx,500,4,1.6160379019604327,1.5530628986125772,0.12040810864932916,False
2022-06-15,daily_fx,r_fx,500,4,1.619691044930087,1.564589191332312,0.11767926487711478,False
2022-06-16,daily_fx,r_fx,500,4,1.6233644075296425,1.5756077008819058,0.11511624029362388,False
2022-06-17,daily_fx,r_fx,500,4,1.6252061210427184,1.5809680359981737,0.1138853464231886,False
2022-06-20,daily_fx,r_fx,500,4,1.6245983269248956,1.5824427544650645,0.1135485309626787,False
2022-06-21,daily_fx,r_fx,500,4,1.6237902528600003,1.5839312292254666,0.1132093697714347,False
2022-06-22,daily_fx,r_fx,500,4,1.62074339175698,1.5842014009157372,0.11314789460758079,False
2022-06-23,daily_fx,r_fx,500,4,1.6208266442295813,1.6025786205659545,0.10902771698948888,False
2022-06-24,daily_fx,r_fx,500,4,1.6381538383911716,1.6492886361980073,0.09908851660700368,False
2022-06-27,daily_fx,r_fx,500,4,1.6487872558268901,1.6775974797527973,0.09342570514959592,False
2022-06-28,daily_fx,r_fx,500,4,1.6539305510544478,1.6930569107053604,0.09044463504841582,False
2022-06-29,daily_fx,r_fx,500,4,1.652394941548506,1.6934129107831728,0.0903768990769449,False
2022-06-30,daily_fx,r_fx,500,4,1.6247789698300268,1.6506203045661403,0.09881613018024726,False
2022-07-01,daily_fx,r_fx,500,4,1.6248273842950234,1.6510195257141917,0.09873458795544487,False
2022-07-04,daily_fx,r_fx,500,4,1.6226371257179368,1.647051152386182,0.09954753221799839,False
2022-07-05,daily_fx,r_fx,500,4,1.6252008408013598,1.6509830049006533,0.09874204521794994,False
2022-07-06,daily_fx,r_fx,500,4,1.621296342576604,1.6452457528771842,0.09991914176433014,False
2022-07-07,daily_fx,r_fx,500,4,1.616097901026475,1.6376846741914923,0.10148748927368367,False
2022-07-08,daily_fx,r_fx,500,4,1.6158599914343061,1.6417924965851383,0.10063301460599972,False
2022-07-13,daily_fx,r_fx,500,4,1.622958355432228,1.6612509094994377,0.09666306480634557,False
2022-07-14,daily_fx,r_fx,500,4,1.6273646205016747,1.674837122052068,0.09396619321382826,False
2022-07-15,daily_fx,r_fx,500,4,1.629758595326215,1.6831179266298941,0.09235226479986047,False
2022-07-16,daily_fx,r_fx,500,4,1.6275498010664253,1.6853081468124393,0.09192913474264897,False
2022-07-18,daily_fx,r_fx,500,4,1.6284123271182038,1.6886571842719413,0.0912851451850234,False
2022-07-19,daily_fx,r_fx,500,4,1.6247361988840994,1.681940654706479,0.09258034822405592,False
2022-07-20,daily_fx,r_fx,500,4,1.6215126388705623,1.6765604805101413,0.09362846012933579,False
2022-07-21,daily_fx,r_fx,500,4,1.6263991962799285,1.6920583689632505,0.09063484510064379,False
2022-07-22,daily_fx,r_fx,500,4,1.6327110944174021,1.7095907650873807,0.08734157454125291,False
2022-07-25,daily_fx,r_fx,500,4,1.6315384074325612,1.709811409983177,0.08730075241070434,False
2022-07-26,daily_fx,r_fx,500,4,1.6170609779405514,1.6881909384990896,0.09137458211315441,False
2022-07-27,daily_fx,r_fx,500,4,1.6196782927910027,1.6946473099186519,0.0901423465966611,False
2022-07-28,daily_fx,r_fx,500,4,1.618371286530666,1.6933935418343715,0.0903805833476996,False
2022-07-29,daily_fx,r_fx,500,4,1.6088965630795375,1.6762886375374935,0.09368166945072232,False
2022-08-01,daily_fx,r_fx,500,4,1.6130937197776436,1.688007987320034,0.09140969569798241,False
2022-08-02,daily_fx,r_fx,500,4,1.608133319681574,1.680844416188139,0.09279313878069062,False
2022-08-03,daily_fx,r_fx,500,4,1.607556785736139,1.6798717863231791,0.09298226424909917,False
2022-08-04,daily_fx,r_fx,500,4,1.605761023484924,1.677148320125679,0.0935134819366561,False
2022-08-05,daily_fx,r_fx,500,4,1.6013115560606308,1.6685974875779588,0.09519717713782927,False
2022-08-08,daily_fx,r_fx,500,4,1.5962948806472623,1.6630457879721317,0.09630327035037123,False
2022-08-09,daily_fx,r_fx,500,4,1.6047311881065154,1.6873142951674827,0.09154293368409228,False
2022-08-10,daily_fx,r_fx,500,4,1.610094590387363,1.702462044268116,0.08866878780833076,False
2022-08-11,daily_fx,r_fx,500,4,1.60680360269365,1.6979601846947552,0.08951527676531246,False
2022-08-12,daily_fx,r_fx,500,4,1.6059091312576348,1.697998058905785,0.08950812819392251,False
2022-08-15,daily_fx,r_fx,500,4,1.6057979304153653,1.6985454879418067,0.08940485498385753,False
2022-08-16,daily_fx,r_fx,500,4,1.6043188485044353,1.699778376260549,0.08917262038717899,False
2022-08-17,daily_fx,r_fx,500,4,1.6009177184515484,1.6985276582847235,0.08940821705972679,False
2022-08-18,daily_fx,r_fx,500,4,1.5959284093066868,1.6886953008422647,0.09127783664138245,False
2022-08-19,daily_fx,r_fx,500,4,1.5949477940688457,1.6866258650902746,0.09167531525126149,False
2022-08-22,daily_fx,r_fx,500,4,1.5961311161675893,1.687914556725413,0.0914276318954752,False
2022-08-23,daily_fx,r_fx,500,4,1.6002817724108371,1.701548745322459,0.08883999265796128,False
2022-08-24,daily_fx,r_fx,500,4,1.603281283409367,1.7111374452098398,0.0870557431175134,False
2022-08-25,daily_fx,r_fx,500,4,1.6035482183105938,1.713631967503472,0.08659633866536187,False
2022-08-26,daily_fx,r_fx,500,4,1.6025243742877828,1.712110155865944,0.08687637012925964,False
2022-08-29,daily_fx,r_fx,500,4,1.6030680652573215,1.7137524271351587,0.08657420382475944,False
2022-08-30,daily_fx,r_fx,500,4,1.5952707990561166,1.6988536870013948,0.08934675505832423,False
2022-08-31,daily_fx,r_fx,500,4,1.5900218998390068,1.6903987341104743,0.09095169708643125,False
2022-09-05,daily_fx,r_fx,500,4,1.586383771920992,1.6858142804424097,0.09183157635076689,False
2022-09-06,daily_fx,r_fx,500,4,1.5851567269997904,1.6861178586779193,0.09177310088863644,False
2022-09-07,daily_fx,r_fx,500,4,1.590666402417307,1.7001923205861427,0.08909475628293162,False
2022-09-08,daily_fx,r_fx,500,4,1.5905377585650684,1.7051822686632445,0.08816043591165834,False
2022-09-09,daily_fx,r_fx,500,4,1.587470110274783,1.6990927281990353,0.0893017133197429,False
2022-09-12,daily_fx,r_fx,500,4,1.5845549924219067,1.6941566316438827,0.09023552335485485,False
2022-09-13,daily_fx,r_fx,500,4,1.5850926890288226,1.695840977390333,0.08991599983634946,False
2022-09-14,daily_fx,r_fx,500,4,1.588607668426576,1.706725145280067,0.08787315121524197,False
2022-09-15,daily_fx,r_fx,500,4,1.5907310855004475,1.7139117686042495,0.086544931341896,False
2022-09-16,daily_fx,r_fx,500,4,1.586956310478432,1.7078207440960853,0.08766960875234342,False
2022-09-19,daily_fx,r_fx,500,4,1.5861435168268962,1.706727300863323,0.08787275037294906,False
2022-09-20,daily_fx,r_fx,500,4,1.5858522422733308,1.7078692700949432,0.08766060230153871,False
2022-09-21,daily_fx,r_fx,500,4,1.5798962973133472,1.6963577739949436,0.08981814535366928,False
2022-09-22,daily_fx,r_fx,500,4,1.5747862911788786,1.6878268533813419,0.09144447118669596,False
2022-09-23,daily_fx,r_fx,500,4,1.570740386750743,1.6825417918980472,0.09246382808926867,False
2022-09-26,daily_fx,r_fx,500,4,1.5703967508653554,1.684366378818231,0.0921108842430911,False
2022-09-27,daily_fx,r_fx,500,4,1.580432051816662,1.7125346553172105,0.08679818375699799,False
2022-09-28,daily_fx,r_fx,500,4,1.5778517971474713,1.7086560256959376,0.0875146841709844,False
2022-09-29,daily_fx,r_fx,500,4,1.573107485767933,1.698871501607158,0.08934339768050115,False
2022-09-30,daily_fx,r_fx,500,4,1.5722850141237685,1.6979676185440378,0.08951387362649532,False
2022-10-03,daily_fx,r_fx,500,4,1.5738860062969129,1.7032293537865828,0.08852515541365169,False
2022-10-04,daily_fx,r_fx,500,4,1.5759349553306947,1.7078128146648364,0.08767108052988615,False
2022-10-05,daily_fx,r_fx,500,4,1.5727223266676649,1.7023639433001085,0.08868716482668537,False
2022-10-06,daily_fx,r_fx,500,4,1.57104433028057,1.699734569625215,0.08918086374621947,False
2022-10-07,daily_fx,r_fx,500,4,1.5665696177462736,1.6952210133590258,0.09003350208391026,False
2022-10-10,daily_fx,r_fx,500,4,1.5690219549392619,1.7034007848795014,0.08849309093182822,False
2022-10-11,daily_fx,r_fx,500,4,1.5702616150563538,1.709356936502331,0.08738485263257423,False
2022-10-12,daily_fx,r_fx,500,4,1.571647607555027,1.7150387196993573,0.08633812823053089,False
2022-10-13,daily_fx,r_fx,500,4,1.5715720526145809,1.7157828740585241,0.08620178982426374,False
2022-10-14,daily_fx,r_fx,500,4,1.573264565143132,1.7221363799686091,0.08504481625008964,False
2022-10-17,daily_fx,r_fx,500,4,1.5754124475456712,1.729608759742732,0.08370019992404143,False
2022-10-18,daily_fx,r_fx,500,4,1.577622063717573,1.7373067412244896,0.08233304229604888,False
2022-10-19,daily_fx,r_fx,500,4,1.5794251745351924,1.7442302432542574,0.08111894972108558,False
2022-10-20,daily_fx,r_fx,500,4,1.579570380369437,1.7451274680230031,0.0809626832074597,False
2022-10-21,daily_fx,r_fx,500,4,1.5778501126189692,1.7410030294519288,0.08168304750071731,False
2022-10-24,daily_fx,r_fx,500,4,1.5810601144972387,1.7462170213327979,0.08077324819199383,False
2022-10-25,daily_fx,r_fx,500,4,1.582515633014937,1.751541264709184,0.079852719802179,False
2022-10-26,daily_fx,r_fx,500,4,1.5819525179564886,1.7517374413153641,0.07981896563962554,False
2022-10-27,daily_fx,r_fx,500,4,1.5781180020118415,1.7453225354489914,0.08092874135732142,False
2022-10-28,daily_fx,r_fx,500,4,1.5784114259709447,1.7481387624964364,0.08044000231717252,False
2022-10-31,daily_fx,r_fx,500,4,1.5821408581554424,1.7595683643371094,0.07848101938009933,False
2022-11-01,daily_fx,r_fx,500,4,1.582258861690649,1.760735900642129,0.078283113396582,False
2022-11-02,daily_fx,r_fx,500,4,1.5720649747106294,1.740576524921834,0.08175783547698678,False
2022-11-03,daily_fx,r_fx,500,4,1.5731585734666291,1.746876303982598,0.08065879700567335,False
2022-11-04,daily_fx,r_fx,500,4,1.577362899936534,1.7603622771847787,0.07834640107168345,False
2022-11-07,daily_fx,r_fx,500,4,1.5790555568092277,1.7661671495960491,0.0773678105447233,False
2022-11-08,daily_fx,r_fx,500,4,1.5715226519047207,1.7538987155868486,0.07944786373150081,False
2022-11-09,daily_fx,r_fx,500,4,1.571827667531994,1.7560288998338078,0.07908347406285543,False
2022-11-10,daily_fx,r_fx,500,4,1.5732250549170603,1.761447204842548,0.0781627413722199,False
2022-11-11,daily_fx,r_fx,500,4,1.572827566312772,1.7648881801175487,0.07758256058785062,False
2022-11-14,daily_fx,r_fx,500,4,1.5732227163677917,1.7667291480392946,0.07727359942448131,False
2022-11-15,daily_fx,r_fx,500,4,1.5717221727897528,1.76397019984442,0.07773699653668831,False
2022-11-16,daily_fx,r_fx,500,4,1.5689407760414014,1.757857606408638,0.07877174065921522,False
2022-11-17,daily_fx,r_fx,500,4,1.5682411018527727,1.757149030394814,0.07889241036099603,False
2022-11-18,daily_fx,r_fx,500,4,1.5653204660099234,1.7520067089738423,0.0797726543083277,False
2022-11-21,daily_fx,r_fx,500,4,1.566267289163421,1.7538003433597134,0.0794647242226274,False
2022-11-22,daily_fx,r_fx,500,4,1.5661638351989098,1.7539816207525956,0.07943365647344991,False
2022-11-23,daily_fx,r_fx,500,4,1.5663156012559873,1.7547567253796352,0.07930092857920767,False
2022-11-24,daily_fx,r_fx,500,4,1.5654672651897712,1.7534996820583033,0.07951627404982542,False
2022-11-25,daily_fx,r_fx,500,4,1.5653647918822027,1.753638233925218,0.079492515288754,False
2022-11-28,daily_fx,r_fx,500,4,1.5662331456131844,1.7568722920820834,0.07893957940181062,False
2022-11-29,daily_fx,r_fx,500,4,1.5645236918778764,1.7531766958807582,0.07957168187222052,False
2022-11-30,daily_fx,r_fx,500,4,1.5622110459832381,1.7479400840410042,0.0804744029669866,False
2022-12-01,daily_fx,r_fx,500,4,1.5622110724987517,1.7485291669671528,0.08037243961144425,False
2022-12-02,daily_fx,r_fx,500,4,1.5591630269529002,1.743409276526654,0.08126214905586737,False
2022-12-05,daily_fx,r_fx,500,4,1.558197482261545,1.7414698836830589,0.08160124780391698,False
2022-12-06,daily_fx,r_fx,500,4,1.5595825827724645,1.7480034133823747,0.08046343636160191,False
2022-12-07,daily_fx,r_fx,500,4,1.5646687967578254,1.764584168082717,0.07763367819816036,False
2022-12-09,daily_fx,r_fx,500,4,1.5611157512502767,1.7573645497846924,0.07885569174699514,False
2022-12-12,daily_fx,r_fx,500,4,1.5606041799961834,1.7561833662158775,0.07905710396384324,False
2022-12-13,daily_fx,r_fx,500,4,1.5596642253198016,1.7545101252760165,0.07934313648037206,False
2022-12-14,daily_fx,r_fx,500,4,1.5588145237056947,1.7531848905627423,0.07957027569812936,False
2022-12-15,daily_fx,r_fx,500,4,1.5532443547637804,1.7410462678181555,0.08167546871158238,False
2022-12-16,daily_fx,r_fx,500,4,1.549618372979502,1.7334722288496878,0.08301176937540578,False
2022-12-19,daily_fx,r_fx,500,4,1.5435570850295757,1.721801637441939,0.08510545788381041,False
2022-12-20,daily_fx,r_fx,500,4,1.5426184706807835,1.7197648375120809,0.08547519664466341,False
2022-12-21,daily_fx,r_fx,500,4,1.5420362725002992,1.7183021940436678,0.08574150939727132,False
2022-12-22,daily_fx,r_fx,500,4,1.5386002007774835,1.7105866198874435,0.08715745071083081,False
2022-12-23,daily_fx,r_fx,500,4,1.5346619268080721,1.7034604533755302,0.08848193272922455,False
2022-12-26,daily_fx,r_fx,500,4,1.5414630772312947,1.7240172843810855,0.08470472292570674,False
2022-12-27,daily_fx,r_fx,500,4,1.5481643786040467,1.7461522119102062,0.08078450619544064,False
2022-12-28,daily_fx,r_fx,500,4,1.5522481462360764,1.7628107251285805,0.07793241791748828,False
2022-12-29,daily_fx,r_fx,500,4,1.550009583795388,1.7601911534659547,0.07837540143591037,False
2022-12-30,daily_fx,r_fx,500,4,1.5454186131807846,1.7515124408195162,0.0798576802202966,False
2023-01-04,daily_fx,r_fx,500,4,1.545740665619704,1.7546612209106554,0.07931727289043966,False
2023-01-05,daily_fx,r_fx,500,4,1.551704790873646,1.775763101257709,0.0757719718687202,False
2023-01-06,daily_fx,r_fx,500,4,1.5556315219622734,1.7927264776960286,0.07301667061248529,False
2023-01-07,daily_fx,r_fx,500,4,1.5579148729226229,1.8064713200959635,0.07084475005550339,False
2023-01-09,daily_fx,r_fx,500,4,1.5574299794712962,1.8069844439465164,0.07076470472604224,False
2023-01-10,daily_fx,r_fx,500,4,1.5547296717428245,1.7996050714211385,0.07192301974185966,False
2023-01-11,daily_fx,r_fx,500,4,1.5515359819501722,1.792139264415811,0.07311066066701022,False
2023-01-12,daily_fx,r_fx,500,4,1.549005711729766,1.7858649672130003,0.07412112448465669,False
2023-01-13,daily_fx,r_fx,500,4,1.5503040140535662,1.7873525626419322,0.07388052354734098,False
2023-01-16,daily_fx,r_fx,500,4,1.5495824121013972,1.7869197226817402,0.07395046432993024,False
2023-01-17,daily_fx,r_fx,500,4,1.547029253811754,1.7827888931137414,0.07462067445375298,False
2023-01-18,daily_fx,r_fx,500,4,1.543214635386123,1.7736717901537211,0.07611745523695412,False
2023-01-19,daily_fx,r_fx,500,4,1.538227867588641,1.7619750554071782,0.07807351212755087,False
2023-01-20,daily_fx,r_fx,500,4,1.542242735544535,1.770807535918074,0.07659271235612986,False
2023-01-23,daily_fx,r_fx,500,4,1.5405631657580023,1.769474303198395,0.07681475540039417,False
2023-01-24,daily_fx,r_fx,500,4,1.5386580777198386,1.7655240702559551,0.07747572851800877,False
2023-01-25,daily_fx,r_fx,500,4,1.536302645791328,1.7600517595775464,0.07839903099739454,False
2023-01-26,daily_fx,r_fx,500,4,1.533493548175276,1.7540390348360397,0.07942381877130389,False
2023-01-27,daily_fx,r_fx,500,4,1.5337467533856899,1.7538353739176402,0.07945871983261132,False
2023-01-30,daily_fx,r_fx,500,4,1.534073661399992,1.7564016773969986,0.07901984664435968,False
2023-01-31,daily_fx,r_fx,500,4,1.5276174250870365,1.7417989597287524,0.081543628808604,False
2023-02-01,daily_fx,r_fx,500,4,1.522074971564319,1.7291658339375444,0.08377941928502164,False
2023-02-02,daily_fx,r_fx,500,4,1.522933278724468,1.7331531562866629,0.08306845047178557,False
2023-02-03,daily_fx,r_fx,500,4,1.52587603134882,1.7413529955796296,0.08162172207121099,False
2023-02-06,daily_fx,r_fx,500,4,1.5236707661444349,1.7371992734912733,0.08235200312636515,False
2023-02-07,daily_fx,r_fx,500,4,1.5243122485283798,1.7435436064416194,0.08123870416907386,False
2023-02-08,daily_fx,r_fx,500,4,1.5272290660238568,1.753654997795383,0.0794896410254311,False
2023-02-09,daily_fx,r_fx,500,4,1.5294002914468146,1.7634940447469925,0.0778172008105722,False
2023-02-10,daily_fx,r_fx,500,4,1.529714338842156,1.7633077241026311,0.07784860327562626,False
2023-02-13,daily_fx,r_fx,500,4,1.5287891374346763,1.7609942774478078,0.07823937157199046,False
2023-02-14,daily_fx,r_fx,500,4,1.5286639906718058,1.7609189584383431,0.07825212062627873,False
2023-02-15,daily_fx,r_fx,500,4,1.5242641441511104,1.7521131843360163,0.07975434764266676,False
2023-02-16,daily_fx,r_fx,500,4,1.5238677453678044,1.7513355332290936,0.07988813043871423,False
2023-02-17,daily_fx,r_fx,500,4,1.5229434007338212,1.7489155534900156,0.0803056176402479,False
2023-02-20,daily_fx,r_fx,500,4,1.5219279849459035,1.7462959258361377,0.08075954346081304,False
2023-02-21,daily_fx,r_fx,500,4,1.5208827820093689,1.7455621201727047,0.08088706927986533,False
2023-02-22,daily_fx,r_fx,500,4,1.5235869725718139,1.7563521541989309,0.07902829709626635,False
2023-02-23,daily_fx,r_fx,500,4,1.5241551057765357,1.759677524031524,0.07846249877147149,False
2023-02-24,daily_fx,r_fx,500,4,1.5220422812696057,1.7548204593105352,0.07929002289398035,False
2023-02-27,daily_fx,r_fx,500,4,1.5230702354133596,1.7581580494951028,0.07872062089316567,False
2023-02-28,daily_fx,r_fx,500,4,1.5178133233917144,1.7455565855039084,0.08088803175374282,False
2023-03-01,daily_fx,r_fx,500,4,1.5170635966625994,1.7444163003066802,0.08108652470675382,False
2023-03-02,daily_fx,r_fx,500,4,1.516738090416614,1.7422356320862564,0.08146722139762641,False
2023-03-03,daily_fx,r_fx,500,4,1.5175285044876639,1.743910671430746,0.08117466752995739,False
2023-03-06,daily_fx,r_fx,500,4,1.5186646488009865,1.7482774210229157,0.08041600103747748,False
2023-03-07,daily_fx,r_fx,500,4,1.513884771424516,1.7353029940017362,0.08268715173171404,False
2023-03-09,daily_fx,r_fx,500,4,1.5060264645296566,1.7154079925373724,0.08627045106412234,False
2023-03-10,daily_fx,r_fx,500,4,1.5028962659655987,1.7066035177655148,0.08789577089454981,False
2023-03-11,daily_fx,r_fx,500,4,1.4986862066301083,1.6933738112000132,0.090384336540837,False
2023-03-13,daily_fx,r_fx,500,4,1.5010946355472874,1.700549098010235,0.0890276893910058,False
2023-03-14,daily_fx,r_fx,500,4,1.501544190861737,1.7030949405716744,0.08855030261840735,False
2023-03-15,daily_fx,r_fx,500,4,1.5001780753458314,1.7018317000256717,0.08878692218694284,False
2023-03-16,daily_fx,r_fx,500,4,1.5023866162975081,1.708227567367902,0.08759412523856525,False
2023-03-17,daily_fx,r_fx,500,4,1.4962919526634304,1.6927560194656026,0.09050191733116786,False
2023-03-23,daily_fx,r_fx,500,4,1.487901782107828,1.6735901095788372,0.09421118363112524,False
2023-03-24,daily_fx,r_fx,500,4,1.4899341935402741,1.6813512040958518,0.0926947175705195,False
2023-03-25,daily_fx,r_fx,500,4,1.490921648220593,1.6861795754906284,0.09176121661141501,False
2023-03-27,daily_fx,r_fx,500,4,1.4891006141998502,1.6821081728049445,0.09254786587027719,False
2023-03-28,daily_fx,r_fx,500,4,1.4853125732448111,1.671871852691492,0.09454959425418541,False
2023-03-29,daily_fx,r_fx,500,4,1.4831154981949726,1.6642825616775112,0.09605597560306633,False
2023-03-30,daily_fx,r_fx,500,4,1.481054775546714,1.6597465998237904,0.0969654404630067,False
2023-03-31,daily_fx,r_fx,500,4,1.479356876938379,1.655432675913601,0.09783676236633676,False
2023-04-03,daily_fx,r_fx,500,4,1.475514073876698,1.6459086502384297,0.09978256775178873,False
2023-04-04,daily_fx,r_fx,500,4,1.475503556031259,1.6453030959674904,0.09990732171677585,False
2023-04-05,daily_fx,r_fx,500,4,1.4769759007314291,1.6496307691512977,0.09901847780420203,False
2023-04-06,daily_fx,r_fx,500,4,1.4817004765505388,1.6645761093002889,0.09599735501121809,False
2023-04-07,daily_fx,r_fx,500,4,1.482275313949554,1.666697908034135,0.09557448910375199,False
2023-04-10,daily_fx,r_fx,500,4,1.4804602617538833,1.6620761039805692,0.09649751617680047,False
2023-04-11,daily_fx,r_fx,500,4,1.4808305436591824,1.6635827626560715,0.09619583895843853,False
2023-04-12,daily_fx,r_fx,500,4,1.4828808887407536,1.6702493415430062,0.09487004141697541,False
2023-04-13,daily_fx,r_fx,500,4,1.4851001947815592,1.6777020690764917,0.09340527532662013,False
2023-04-14,daily_fx,r_fx,500,4,1.484715677582177,1.6767982645701451,0.09358193722566566,False
2023-04-17,daily_fx,r_fx,500,4,1.4837679057937956,1.6753407707924766,0.09386739038277891,False
2023-04-18,daily_fx,r_fx,500,4,1.4854035693452623,1.6805821155255782,0.09284411205816978,False
2023-04-19,daily_fx,r_fx,500,4,1.4837001651307988,1.675727572815009,0.09379156642786324,False
2023-04-20,daily_fx,r_fx,500,4,1.4817949131604757,1.6709733436645282,0.09472694310646834,False
2023-04-25,daily_fx,r_fx,500,4,1.4818805793124858,1.6715507958647988,0.09461293427798556,False
2023-04-26,daily_fx,r_fx,500,4,1.481544243559449,1.6731631545552543,0.0942951816035833,False
2023-04-27,daily_fx,r_fx,500,4,1.4821936358887593,1.6766421795327726,0.09361247346849866,False
2023-04-28,daily_fx,r_fx,500,4,1.4818576650335182,1.6763336541166853,0.09367285643254109,False
2023-05-01,daily_fx,r_fx,500,4,1.4803813667906545,1.6722660552416135,0.09447187008790348,False
2023-05-02,daily_fx,r_fx,500,4,1.4785861812692644,1.6667131642761126,0.0955714540057806,False
2023-05-03,daily_fx,r_fx,500,4,1.480283524534704,1.673261959278273,0.094275737693297,False
2023-05-04,daily_fx,r_fx,500,4,1.4822116087334105,1.6816268654882265,0.0926412176996958,False
2023-05-05,daily_fx,r_fx,500,4,1.4825326751444021,1.6823721578342783,0.09249669680988193,False
2023-05-08,daily_fx,r_fx,500,4,1.4810816719816153,1.6778575487490734,0.09337491152673172,False
2023-05-10,daily_fx,r_fx,500,4,1.48026039785241,1.675347778288501,0.093866016281551,False
2023-05-11,daily_fx,r_fx,500,4,1.4776690601280458,1.66810910352687,0.09529407034276782,False
2023-05-12,daily_fx,r_fx,500,4,1.4787066542362715,1.6704407528053233,0.09483219233668283,False
2023-05-15,daily_fx,r_fx,500,4,1.474358116702131,1.6594231268944748,0.09703055925203152,False
2023-05-16,daily_fx,r_fx,500,4,1.4735438553371278,1.657594080898565,0.09739942519984446,False
2023-05-17,daily_fx,r_fx,500,4,1.4755842383275444,1.6634352820600173,0.09622533553270873,False
2023-05-18,daily_fx,r_fx,500,4,1.466048334673624,1.640330047204261,0.10093656138072005,False
2023-05-19,daily_fx,r_fx,500,4,1.4656253041153353,1.6417460744980574,0.10064263880652757,False
2023-05-22,daily_fx,r_fx,500,4,1.4684423196003757,1.6511560855176552,0.09870670750291644,False
2023-05-23,daily_fx,r_fx,500,4,1.4638100237570337,1.638527243176832,0.10131175576861051,False
2023-05-24,daily_fx,r_fx,500,4,1.4619681675806906,1.6316997691485335,0.10274274872624134,False
2023-05-25,daily_fx,r_fx,500,4,1.4653693190533845,1.6422207451383855,0.10054426495040292,False
2023-05-26,daily_fx,r_fx,500,4,1.4673980095050225,1.648536233632848,0.09924268170385009,False
2023-05-29,daily_fx,r_fx,500,4,1.467115041889584,1.6475379399398005,0.09944752455666372,False
2023-05-30,daily_fx,r_fx,500,4,1.4667656482109765,1.6448797698731636,0.09999460758200218,False
2023-05-31,daily_fx,r_fx,500,4,1.466260500735554,1.6432698696025754,0.10032710940312395,False
2023-06-01,daily_fx,r_fx,500,4,1.4669874788191921,1.6453661708078093,0.09989432147984623,False
2023-06-02,daily_fx,r_fx,500,4,1.4673535804687394,1.6462236001037411,0.09971773212304047,False
2023-06-05,daily_fx,r_fx,500,4,1.4686022437353459,1.6502668479439733,0.09888836971186321,False
2023-06-06,daily_fx,r_fx,500,4,1.4692905407331653,1.6531874060859917,0.0982927287741433,False
2023-06-07,daily_fx,r_fx,500,4,1.470772163032519,1.6592447874752565,0.09706647596189644,False
2023-06-08,daily_fx,r_fx,500,4,1.4700057157218889,1.6564199600373897,0.09763680171639866,False
2023-06-09,daily_fx,r_fx,500,4,1.4678222911884735,1.6477686326712186,0.09940015808482383,False
2023-06-12,daily_fx,r_fx,500,4,1.4664908111549075,1.6432659705464006,0.10032791576588362,False
2023-06-13,daily_fx,r_fx,500,4,1.4646016209056434,1.637695663822257,0.10148519561946823,False
2023-06-14,daily_fx,r_fx,500,4,1.462352688087999,1.6322748612403863,0.10262159653192193,False
2023-06-15,daily_fx,r_fx,500,4,1.4623056812258064,1.6326072720543987,0.10255162081137437,False
2023-06-16,daily_fx,r_fx,500,4,1.4620856215488875,1.6326590488060055,0.10254072471747544,False
2023-06-19,daily_fx,r_fx,500,4,1.4618492829456822,1.631396433967837,0.10280669686678712,False
2023-06-20,daily_fx,r_fx,500,4,1.4617695224371428,1.6308679011927891,0.10291819606625796,False
2023-06-21,daily_fx,r_fx,500,4,1.4604341972634025,1.6237172915907312,0.10443615886738877,False
2023-06-22,daily_fx,r_fx,500,4,1.4600457590062443,1.6211422456038398,0.10498713560691209,False
2023-06-23,daily_fx,r_fx,500,4,1.4581673137393987,1.6142450085002467,0.1064742928818796,False
2023-06-26,daily_fx,r_fx,500,4,1.4576161806622618,1.612485471417137,0.10685633894592983,False
2023-06-27,daily_fx,r_fx,500,4,1.4564263341129882,1.6092562958852317,0.10756031121775411,False
2023-07-03,daily_fx,r_fx,500,4,1.4495866216049764,1.590900238958685,0.11163202879075262,False
2023-07-04,daily_fx,r_fx,500,4,1.4535994097012985,1.602198841467462,0.10911164619047664,False
2023-07-05,daily_fx,r_fx,500,4,1.4573261396329267,1.6150919803187325,0.10629077741650406,False
2023-07-06,daily_fx,r_fx,500,4,1.4586131283088988,1.6191275974213761,0.10541981204825968,False
2023-07-07,daily_fx,r_fx,500,4,1.4586507673462872,1.6196280319400758,0.10531220424464793,False
2023-07-10,daily_fx,r_fx,500,4,1.4581582651176892,1.6193089815045494,0.10538079918165799,False
2023-07-11,daily_fx,r_fx,500,4,1.4576186195067726,1.6179023763184646,0.10568363809343206,False
2023-07-12,daily_fx,r_fx,500,4,1.4571527378599907,1.6178447441195012,0.10569606088282946,False
2023-07-13,daily_fx,r_fx,500,4,1.456782516045345,1.6176389669956153,0.10574042619713508,False
2023-07-14,daily_fx,r_fx,500,4,1.4564332381842795,1.6161887843748157,0.10605350293237104,False
2023-07-17,daily_fx,r_fx,500,4,1.4575831448585879,1.6181460370599876,0.10563112910627814,False
2023-07-18,daily_fx,r_fx,500,4,1.4583157678331053,1.6202947398137362,0.10516897832933236,False
2023-07-19,daily_fx,r_fx,500,4,1.4571741512472889,1.6181340244414328,0.10563371734525129,False
2023-07-20,daily_fx,r_fx,500,4,1.4591723008305812,1.621256348271559,0.10496267255961977,False
2023-07-21,daily_fx,r_fx,500,4,1.461423535903466,1.6270583229515798,0.10372471147344298,False
2023-07-24,daily_fx,r_fx,500,4,1.4603756247431803,1.6244107840905366,0.10428816703208521,False
2023-07-25,daily_fx,r_fx,500,4,1.461056985479945,1.624642360871496,0.10423878548347942,False
2023-07-26,daily_fx,r_fx,500,4,1.459680969970628,1.6213295132574757,0.10494698872976405,False
2023-07-27,daily_fx,r_fx,500,4,1.4599328241804972,1.622511469996883,0.10469387920493789,False
2023-07-28,daily_fx,r_fx,500,4,1.4573876593865045,1.615021474032255,0.10630604461148252,False
2023-07-31,daily_fx,r_fx,500,4,1.4576369451757722,1.6149336892703405,0.10632505565949124,False
2023-08-01,daily_fx,r_fx,500,4,1.454924959528883,1.6063319391445727,0.10820099631466173,False
2023-08-02,daily_fx,r_fx,500,4,1.4502383548078408,1.5905394659793448,0.11171325701090029,False
2023-08-03,daily_fx,r_fx,500,4,1.452331801842963,1.5969086611334375,0.11028606887910053,False
2023-08-04,daily_fx,r_fx,500,4,1.4547007683551618,1.6042703818780417,0.10865446669296897,False
2023-08-07,daily_fx,r_fx,500,4,1.454940883468164,1.6049802962156665,0.10849814097713328,False
2023-08-08,daily_fx,r_fx,500,4,1.4523983687994269,1.595426370156071,0.11061692299727577,False
2023-08-09,daily_fx,r_fx,500,4,1.4526949752896485,1.594753201253416,0.11076743596311145,False
2023-08-10,daily_fx,r_fx,500,4,1.454986031782496,1.5995633714462134,0.10969547964549298,False
2023-08-11,daily_fx,r_fx,500,4,1.048189873308566,0.25692840921331345,0.797234039174078,False
2023-08-14,daily_fx,r_fx,500,4,1.112661982309526,0.5850863201487103,0.5584896766761349,False
2023-08-15,daily_fx,r_fx,500,4,1.1911814342235145,0.9896404893206431,0.3223498721748288,False
2023-08-16,daily_fx,r_fx,500,4,1.2729615079219838,1.4120300785724647,0.15794110488787672,False
2023-08-17,daily_fx,r_fx,500,4,1.2721259507460947,1.4077716920426473,0.15919868519088265,False
2023-08-18,daily_fx,r_fx,500,4,1.2704137130279274,1.4001807390665384,0.16145920211003517,False
2023-08-21,daily_fx,r_fx,500,4,1.2703503446136999,1.3997376975197298,0.161591880661901,False
2023-08-22,daily_fx,r_fx,500,4,1.2707614212601621,1.4021842651355634,0.16086022909438036,False
2023-08-23,daily_fx,r_fx,500,4,1.270930223236653,1.4017223858847092,0.1609981631326891,False
2023-08-24,daily_fx,r_fx,500,4,1.2697455395629178,1.3964804747494637,0.16256985630150766,False
2023-08-25,daily_fx,r_fx,500,4,1.2695041107201974,1.3942649406601835,0.16323761382682633,False
2023-08-28,daily_fx,r_fx,500,4,1.2696850117764935,1.3961041725591217,0.16268312751299518,False
2023-08-29,daily_fx,r_fx,500,4,1.2701903589379073,1.3982332601086775,0.1620430320010322,False
2023-08-31,daily_fx,r_fx,500,4,1.268963529974062,1.3923336436782634,0.1638213881075008,False
2023-09-04,daily_fx,r_fx,500,4,1.2692731026441335,1.3924732449711956,0.16377913806227617,False
2023-09-05,daily_fx,r_fx,500,4,1.2692429237630531,1.3927989831924474,0.1636805859925783,False
2023-09-06,daily_fx,r_fx,500,4,1.2701510650332055,1.3976223833573014,0.16222649312515092,False
2023-09-07,daily_fx,r_fx,500,4,1.2711608253069064,1.4026974346364958,0.16070708263857614,False
2023-09-08,daily_fx,r_fx,500,4,1.2712774503722915,1.4031241578811116,0.16057981847331515,False
2023-09-11,daily_fx,r_fx,500,4,1.2712288904317972,1.4031384037100765,0.16057557117066268,False
2023-09-12,daily_fx,r_fx,500,4,1.271317504652588,1.40412844351463,0.16028060506845154,False
2023-09-13,daily_fx,r_fx,500,4,1.272074065137252,1.4074263307732706,0.15930100795696323,False
2023-09-14,daily_fx,r_fx,500,4,1.2718484145611781,1.4065069521915574,0.1595736416482152,False
2023-09-15,daily_fx,r_fx,500,4,1.2710775531963672,1.4022738835583612,0.16083347610098708,False
2023-09-18,daily_fx,r_fx,500,4,1.269643504540856,1.3960041553816034,0.16271324382583607,False
2023-09-19,daily_fx,r_fx,500,4,1.2698799031048202,1.3967211291257957,0.16249744781346265,False
2023-09-20,daily_fx,r_fx,500,4,1.2701371188380806,1.397524053948456,0.16225603847464143,False
2023-09-21,daily_fx,r_fx,500,4,1.2692134951389336,1.3926627914783107,0.16372178534513848,False
2023-09-22,daily_fx,r_fx,500,4,1.2678407479325016,1.3853978682313308,0.16593084249351087,False
2023-09-25,daily_fx,r_fx,500,4,1.2686664186521515,1.3901733754465602,0.1644762362332446,False
2023-09-26,daily_fx,r_fx,500,4,1.2690514518631633,1.3917457669169682,0.16399939792915363,False
2023-09-27,daily_fx,r_fx,500,4,1.268593576333543,1.3896650697778872,0.16463060647917338,False
2023-09-28,daily_fx,r_fx,500,4,1.2714670621307793,1.400817610460207,0.16126862108436013,False
2023-09-29,daily_fx,r_fx,500,4,1.2731982051548993,1.4086698477224935,0.15893281472277687,False
2023-10-03,daily_fx,r_fx,500,4,1.274129407672522,1.4129080596334223,0.15768275901841178,False
2023-10-04,daily_fx,r_fx,500,4,1.2739642398447788,1.4125217809813186,0.15779638201677537,False
2023-10-05,daily_fx,r_fx,500,4,1.2738682861462771,1.4116698332533435,0.15804719976331505,False
2023-10-06,daily_fx,r_fx,500,4,1.2720104761024735,1.4023621329085598,0.16080713508988476,False
2023-10-09,daily_fx,r_fx,500,4,1.2716693691207455,1.4005068922000878,0.16136158095166397,False
2023-10-10,daily_fx,r_fx,500,4,1.2727520042332527,1.4060726716529914,0.15970254641180714,False
2023-10-11,daily_fx,r_fx,500,4,1.2738796923820301,1.4115092537037837,0.15809450900138522,False
2023-10-12,daily_fx,r_fx,500,4,1.2734325784012608,1.4090119295261567,0.15883164068017885,False
2023-10-13,daily_fx,r_fx,500,4,1.2736983583846537,1.4104833669004433,0.15839700440675064,False
2023-10-16,daily_fx,r_fx,500,4,1.2740655209254024,1.4118204723631746,0.1580028288816857,False
2023-10-17,daily_fx,r_fx,500,4,1.2724913581625663,1.4044979081381914,0.16017063415590682,False
2023-10-18,daily_fx,r_fx,500,4,1.2733908506525908,1.4084884231677552,0.15898649260012632,False
2023-10-19,daily_fx,r_fx,500,4,1.2739517649530412,1.4113799420509836,0.15813261402494927,False
2023-10-20,daily_fx,r_fx,500,4,1.2734408709591287,1.4092073138193746,0.15877387573888502,False
2023-10-23,daily_fx,r_fx,500,4,1.2720312891497902,1.4029982054800514,0.16061737406854038,False
2023-10-24,daily_fx,r_fx,500,4,1.2719506459767775,1.4027244768440876,0.16069901542190723,False
2023-10-25,daily_fx,r_fx,500,4,1.2717542227167162,1.4018738339713916,0.16095292535253436,False
2023-10-26,daily_fx,r_fx,500,4,1.2730259422883652,1.4073831552208416,0.15931380339893053,False
2023-10-27,daily_fx,r_fx,500,4,1.2733112396464359,1.4085524984700164,0.15896753314624323,False
2023-10-30,daily_fx,r_fx,500,4,1.2729189496381483,1.406999878468407,0.1594274248127281,False
2023-10-31,daily_fx,r_fx,500,4,1.2717863075390414,1.401259766107654,0.1611364078652351,False
2023-11-01,daily_fx,r_fx,500,4,1.2715559808493178,1.400596770157126,0.16133468734335765,False
2023-11-02,daily_fx,r_fx,500,4,1.271516504966764,1.4009327824148503,0.16123417452017064,False
2023-11-03,daily_fx,r_fx,500,4,1.272658627003691,1.4055485192667148,0.15985823213789896,False
2023-11-06,daily_fx,r_fx,500,4,1.2727026996232893,1.4059445258656962,0.15974059816415886,False
2023-11-07,daily_fx,r_fx,500,4,1.2722680606982057,1.4039574619447452,0.16033151693924097,False
2023-11-08,daily_fx,r_fx,500,4,1.2720475808278282,1.4028267450924559,0.16066850958047763,False
2023-11-09,daily_fx,r_fx,500,4,1.2724913363068866,1.4053552719299618,0.15991566014078185,False
2023-11-10,daily_fx,r_fx,500,4,1.2726630570612902,1.4062453111247426,0.15965129349469231,False
2023-11-13,daily_fx,r_fx,500,4,1.2713160153796732,1.4000475068566618,0.1614990927781288,False
2023-11-14,daily_fx,r_fx,500,4,1.27170131810593,1.4020405617118479,0.16090313462156725,False
2023-11-15,daily_fx,r_fx,500,4,1.2723561950927165,1.4047791167124781,0.16008697083784384,False
2023-11-16,daily_fx,r_fx,500,4,1.2733852247190045,1.4086758871923897,0.15893102806758108,False
2023-11-17,daily_fx,r_fx,500,4,1.2735707337932012,1.409024266790082,0.15882799272452175,False
2023-11-20,daily_fx,r_fx,500,4,1.2741194388054717,1.41132349816006,0.15814924885798165,False
2023-11-21,daily_fx,r_fx,500,4,1.275589026599939,1.416809989887544,0.15653848816997007,False
2023-11-22,daily_fx,r_fx,500,4,1.2762312480040219,1.419744253348433,0.15568214965117044,False
2023-11-23,daily_fx,r_fx,500,4,1.275803462569695,1.4179100544323335,0.15621702656362269,False
2023-11-24,daily_fx,r_fx,500,4,1.2783169061355415,1.427130601215071,0.15354225341767247,False
2023-11-27,daily_fx,r_fx,500,4,1.2784609794418995,1.4271382149145848,0.15354005925274672,False
2023-11-28,daily_fx,r_fx,500,4,1.2784608240772806,1.4275555268847866,0.15341983206525045,False
2023-11-29,daily_fx,r_fx,500,4,1.2794421764926405,1.4317149189139113,0.15222542500148584,False
2023-11-30,daily_fx,r_fx,500,4,1.2794613005195816,1.4313450320935355,0.15233135375017515,False
2023-12-01,daily_fx,r_fx,500,4,1.2791999418163449,1.4301910987879922,0.15266217947583738,False
2023-12-04,daily_fx,r_fx,500,4,1.279081260346116,1.4300926911123608,0.1526904176437054,False
2023-12-05,daily_fx,r_fx,500,4,1.2802790784515685,1.4357865095347149,0.15106309971000065,False
2023-12-06,daily_fx,r_fx,500,4,1.2804522247424193,1.4367035581414578,0.15080224351900973,False
2023-12-07,daily_fx,r_fx,500,4,1.280203546577478,1.4358004381614027,0.1510591351162387,False
2023-12-11,daily_fx,r_fx,500,4,1.2817680060366305,1.442487840093989,0.1491647995269807,False
2023-12-12,daily_fx,r_fx,500,4,1.2822526330118977,1.4450590873320908,0.1484412894995002,False
2023-12-13,daily_fx,r_fx,500,4,1.2833234589233187,1.4505034526818787,0.14691817707156551,False
2023-12-14,daily_fx,r_fx,500,4,1.2835793044247787,1.4523247467203697,0.14641132971141047,False
2023-12-15,daily_fx,r_fx,500,4,1.2837571276293753,1.4532220520581176,0.14616211131337287,False
2023-12-18,daily_fx,r_fx,500,4,1.2837641232646682,1.4536633690944354,0.14603965867615165,False
2023-12-19,daily_fx,r_fx,500,4,1.281432444446657,1.4417869260658518,0.14936249222431708,False
2023-12-20,daily_fx,r_fx,500,4,1.278966140410089,1.4291252625054105,0.15296823374972957,False
2023-12-21,daily_fx,r_fx,500,4,1.28424032441505,1.4479016513227159,0.1476445577688894,False
2023-12-22,daily_fx,r_fx,500,4,1.2837295015855303,1.4452347173506066,0.14839196783242414,False
2023-12-25,daily_fx,r_fx,500,4,1.2844922317258003,1.4487575211992658,0.14740531047084038,False
2023-12-26,daily_fx,r_fx,500,4,1.2849237081083513,1.4508666972654438,0.14681698287071598,False
2023-12-27,daily_fx,r_fx,500,4,1.287539124522305,1.4629691125362152,0.14347583089837257,False
2023-12-28,daily_fx,r_fx,500,4,1.2875477445160288,1.4629161172098257,0.14349033326466398,False
2023-12-29,daily_fx,r_fx,500,4,1.2865319622755245,1.4578434483606897,0.14488369924178146,False
2024-01-03,daily_fx,r_fx,500,4,1.2855154074793405,1.452822620778663,0.14627300959879963,False
2024-01-04,daily_fx,r_fx,500,4,1.2902295814136755,1.4706459907659069,0.14138687940506167,False
2024-01-05,daily_fx,r_fx,500,4,1.2905822376316005,1.4721546565043266,0.14097911881060354,False
2024-01-06,daily_fx,r_fx,500,4,1.2905245903473375,1.4718676002051543,0.14105663436601823,False
2024-01-08,daily_fx,r_fx,500,4,1.2890226631845867,1.466536548574512,0.14250217179322355,False
2024-01-09,daily_fx,r_fx,500,4,1.2912850879031792,1.47545183351197,0.1400911087211696,False
2024-01-10,daily_fx,r_fx,500,4,1.292922618769073,1.4826194282904623,0.13817555231352396,False
2024-01-11,daily_fx,r_fx,500,4,1.2936935014706952,1.4874765474171332,0.13688899286784983,False
2024-01-12,daily_fx,r_fx,500,4,1.2939182291841425,1.4884492308774626,0.13663246158404396,False
2024-01-15,daily_fx,r_fx,500,4,1.2925504577122666,1.4815764563693097,0.1384530273802922,False
2024-01-16,daily_fx,r_fx,500,4,1.2926889513563002,1.481225746335686,0.13854642761040314,False
2024-01-17,daily_fx,r_fx,500,4,1.2927934804510082,1.481800023308296,0.1383935129087419,False
2024-01-18,daily_fx,r_fx,500,4,1.2929996310041452,1.4824252301379677,0.1382271848209664,False
2024-01-19,daily_fx,r_fx,500,4,1.2916558774937086,1.4756917821953088,0.14002665305436146,False
2024-01-22,daily_fx,r_fx,500,4,1.2890256421332065,1.4626437862200428,0.1435648753789438,False
2024-01-23,daily_fx,r_fx,500,4,1.2882770640594203,1.4586240301031794,0.14466861595742153,False
2024-01-24,daily_fx,r_fx,500,4,1.288708423739219,1.460714408612546,0.14409383319107194,False
2024-01-25,daily_fx,r_fx,500,4,1.2891361262511487,1.4624972953460256,0.14360498497015795,False
2024-01-26,daily_fx,r_fx,500,4,1.2888001702607128,1.4609042135546493,0.14404173013255916,False
2024-01-29,daily_fx,r_fx,500,4,1.2893418989003813,1.4629664018525232,0.1434765726596665,False
2024-01-30,daily_fx,r_fx,500,4,1.287556700176012,1.4551451280586998,0.14562908801818275,False
2024-01-31,daily_fx,r_fx,500,4,1.28748342120543,1.4533509686855197,0.14612633257904495,False
2024-02-01,daily_fx,r_fx,500,4,1.2870834510766227,1.4514248246558634,0.14666160129251704,False
2024-02-02,daily_fx,r_fx,500,4,1.2875894539575756,1.4536199813682673,0.14605169402649731,False
2024-02-05,daily_fx,r_fx,500,4,1.28733419213901,1.4529039494052165,0.14625042426271717,False
2024-02-06,daily_fx,r_fx,500,4,1.2869897711288283,1.4519949860168408,0.146502999399023,False
2024-02-07,daily_fx,r_fx,500,4,1.288456740672136,1.4594740379595317,0.1444346812071,False
2024-02-08,daily_fx,r_fx,500,4,1.2856288482679024,1.4468845585471748,0.14792925859929462,False
2024-02-09,daily_fx,r_fx,500,4,1.2853011425900933,1.4448472733913542,0.14850078924611432,False
2024-02-12,daily_fx,r_fx,500,4,1.2855605550102362,1.4459049234502537,0.14820387081282416,False
2024-02-13,daily_fx,r_fx,500,4,1.2864654971168399,1.4496249190521189,0.14716314316309154,False
2024-02-14,daily_fx,r_fx,500,4,1.2862585261694115,1.4488349256667978,0.14738368767982335,False
2024-02-15,daily_fx,r_fx,500,4,1.2872980193408516,1.4533053545245687,0.1461389912887221,False
2024-02-16,daily_fx,r_fx,500,4,1.287590991681354,1.4549668288668212,0.1456784449239752,False
2024-02-19,daily_fx,r_fx,500,4,1.2878317015387082,1.4554536716134003,0.14554370702653685,False
2024-02-20,daily_fx,r_fx,500,4,1.2874087510688805,1.453323990737834,0.14613381931946834,False
2024-02-21,daily_fx,r_fx,500,4,1.288622648420778,1.458466735025336,0.1447119377087951,False
2024-02-22,daily_fx,r_fx,500,4,1.2882946350299915,1.457595874431452,0.14495196747733785,False
2024-02-23,daily_fx,r_fx,500,4,1.2872144615221512,1.4523535449951788,0.14640332620591212,False
2024-02-26,daily_fx,r_fx,500,4,1.2862093244073076,1.447810701341557,0.14766999908807388,False
2024-02-27,daily_fx,r_fx,500,4,1.2864258327894333,1.4484469022842927,0.14749210566687165,False
2024-02-28,daily_fx,r_fx,500,4,1.2921134295224757,1.4706452435884736,0.14138708157569613,False
2024-02-29,daily_fx,r_fx,500,4,1.2923720655625672,1.4714417439643488,0.14117169126107543,False
2024-03-01,daily_fx,r_fx,500,4,1.2956520579026747,1.4849200514288503,0.137565003719887,False
2024-03-04,daily_fx,r_fx,500,4,1.2954713357096683,1.4844488783537568,0.1376898758391718,False
2024-03-05,daily_fx,r_fx,500,4,1.2951385006647922,1.482777374595977,0.13813356924063735,False
2024-03-07,daily_fx,r_fx,500,4,1.2942184859631538,1.4782500772999643,0.13934085462709134,False
2024-03-11,daily_fx,r_fx,500,4,1.2941225107225103,1.4775221863745087,0.1395357155666035,False
2024-03-12,daily_fx,r_fx,500,4,1.295522441998156,1.4823714477262535,0.1382414868686801,False
2024-03-13,daily_fx,r_fx,500,4,1.2948396053788704,1.4795935330487557,0.13898175338002527,False
2024-03-14,daily_fx,r_fx,500,4,1.2937645676345888,1.4742216655269833,0.14042191833159112,False
2024-03-15,daily_fx,r_fx,500,4,1.2914901869658504,1.4633300338826492,0.14337709334298632,False
2024-03-18,daily_fx,r_fx,500,4,1.2838564099515803,1.423633574606459,0.1545525714773297,False
2024-03-19,daily_fx,r_fx,500,4,1.2575581168358148,1.2882491560793392,0.1976592456821309,False
2024-03-20,daily_fx,r_fx,500,4,1.1819587346391716,0.908720417053523,0.3634977240835351,False
2024-03-25,daily_fx,r_fx,500,4,0.9948131663319598,-0.025984435233594224,0.9792697531444303,False
2024-03-26,daily_fx,r_fx,500,4,0.8921565937888591,-0.6016128778634278,0.5474318547322969,False
2024-03-27,daily_fx,r_fx,500,4,0.8974258875113735,-1.1021677827459582,0.27038873547925046,False
2024-03-28,daily_fx,r_fx,500,4,1.0371273454928296,0.46019914964633296,0.645373281299924,False
2024-03-29,daily_fx,r_fx,500,4,1.0415569745239135,0.5103709566562034,0.6097916001751567,False
2024-04-01,daily_fx,r_fx,500,4,1.039831773278188,0.4876677099063423,0.625785226918999,False
2024-04-02,daily_fx,r_fx,500,4,1.0339457422043825,0.41563778625925324,0.6776750722896676,False
2024-04-03,daily_fx,r_fx,500,4,1.0265775984817247,0.3255522839026631,0.7447631188622019,False
2024-04-04,daily_fx,r_fx,500,4,1.0236077645820945,0.2892883158318506,0.7723607528732239,False
2024-04-05,daily_fx,r_fx,500,4,1.0293916075235743,0.3574180048100242,0.720778899854148,False
2024-04-08,daily_fx,r_fx,500,4,1.0296323425952385,0.3601696354117839,0.7187202804790191,False
2024-04-09,daily_fx,r_fx,500,4,1.0291420682191896,0.35449604392530154,0.7229671682885297,False
2024-04-13,daily_fx,r_fx,500,4,1.0266277918928848,0.32422398341860215,0.7457684658319716,False
2024-04-15,daily_fx,r_fx,500,4,1.024846710273912,0.3017675687878772,0.7628292553342484,False
2024-04-16,daily_fx,r_fx,500,4,1.0228581292555154,0.277531133796684,0.7813723030289752,False
2024-04-17,daily_fx,r_fx,500,4,1.0193887559699202,0.23527565716006696,0.8139947876447042,False
2024-04-18,daily_fx,r_fx,500,4,1.0188242020971439,0.2281084572680851,0.8195619254587765,False
2024-04-19,daily_fx,r_fx,500,4,1.019099095822852,0.2311274591710988,0.8172157832514813,False
2024-04-22,daily_fx,r_fx,500,4,1.018840759555325,0.22784014112041034,0.8197705191804625,False
2024-04-23,daily_fx,r_fx,500,4,1.017759828434699,0.21479987688223728,0.8299233488909392,False
2024-04-24,daily_fx,r_fx,500,4,1.0125530487953793,0.15170269609948722,0.8794214306073935,False
2024-04-25,daily_fx,r_fx,500,4,1.0117697669972185,0.14216766507718273,0.88694757185439,False
2024-04-26,daily_fx,r_fx,500,4,1.00889752972624,0.10806524853201571,0.9139439343315889,False
2024-04-29,daily_fx,r_fx,500,4,1.0111582513979935,0.13519794708306404,0.8924553701828097,False
2024-04-30,daily_fx,r_fx,500,4,1.012793266653123,0.1555138143546115,0.8764162641505002,False
2024-05-01,daily_fx,r_fx,500,4,1.0147501589391874,0.1795043825737033,0.8575416764252137,False
2024-05-02,daily_fx,r_fx,500,4,1.0101714858652118,0.12307959385921936,0.9020440701484218,False
2024-05-03,daily_fx,r_fx,500,4,1.001139964190356,0.013797473884840762,0.9889915578903576,False
2024-05-06,daily_fx,r_fx,500,4,0.9919379289388212,-0.09738062238334833,0.9224241326813925,False
2024-05-07,daily_fx,r_fx,500,4,0.980741887364274,-0.23299006151828525,0.815769123184078,False
2024-05-08,daily_fx,r_fx,500,4,0.976742955935024,-0.2815254548808471,0.7783074070690703,False
2024-05-10,daily_fx,r_fx,500,4,0.9840598191799901,-0.19155506206531175,0.8480907458179319,False
2024-05-13,daily_fx,r_fx,500,4,0.9835589110691353,-0.19730320351876968,0.8435902725768953,False
2024-05-14,daily_fx,r_fx,500,4,0.9838348590356066,-0.1942153336150211,0.8460072769749079,False
2024-05-15,daily_fx,r_fx,500,4,0.9847717232911366,-0.18292786475429842,0.854854618873846,False
2024-05-16,daily_fx,r_fx,500,4,0.9857452725721216,-0.17120631052408647,0.8640615456771807,False
2024-05-17,daily_fx,r_fx,500,4,0.9848564692899423,-0.18164892993700055,0.8558582470488558,False
2024-05-20,daily_fx,r_fx,500,4,0.982331166278852,-0.21219297051116864,0.8319564905977199,False
2024-05-21,daily_fx,r_fx,500,4,0.9788252269372955,-0.25446707803811175,0.7991347350604578,False
2024-05-22,daily_fx,r_fx,500,4,0.9747773970575266,-0.3027295798453944,0.7620959534556935,False
2024-05-23,daily_fx,r_fx,500,4,0.9710544829275936,-0.34722095123272734,0.7284253320463614,False
2024-05-24,daily_fx,r_fx,500,4,0.9733168018618004,-0.31781878717997314,0.7506223989205167,False
2024-05-27,daily_fx,r_fx,500,4,0.9718418389716034,-0.33564097588497016,0.7371416204299259,False
2024-05-28,daily_fx,r_fx,500,4,0.9683479303171066,-0.37794404356179623,0.7054721628103804,False
2024-05-29,daily_fx,r_fx,500,4,0.9678350007419847,-0.38482615506008455,0.7003662197225418,False
2024-05-30,daily_fx,r_fx,500,4,0.9679899359180236,-0.38278799287202714,0.7018769649819627,False
2024-05-31,daily_fx,r_fx,500,4,0.9673974710045044,-0.38991653816434324,0.696598264234829,False
2024-06-03,daily_fx,r_fx,500,4,0.9673025999440132,-0.39140012850888956,0.6955014973443518,False
2024-06-04,daily_fx,r_fx,500,4,0.9685070340955275,-0.37610342926649065,0.7068400049935941,False
2024-06-05,daily_fx,r_fx,500,4,0.9656629133658611,-0.4099110974811923,0.6818711643604161,False
2024-06-06,daily_fx,r_fx,500,4,0.9659710798260551,-0.4059135371243685,0.6848061311186933,False
2024-06-07,daily_fx,r_fx,500,4,0.9642734132007538,-0.42669353227874407,0.6696025620174428,False
2024-06-10,daily_fx,r_fx,500,4,0.9635333039146781,-0.4359672266961297,0.6628605080767995,False
2024-06-11,daily_fx,r_fx,500,4,0.9650988320480273,-0.41757030919567806,0.676261308612693,False
2024-06-12,daily_fx,r_fx,500,4,0.9657379085890165,-0.4118844988243752,0.6804240830531403,False
2024-06-13,daily_fx,r_fx,500,4,0.9631018627605474,-0.44317194195092063,0.6576413719206629,False
2024-06-14,daily_fx,r_fx,500,4,0.9607103982820753,-0.4711936323976523,0.6375024654909818,False
2024-06-19,daily_fx,r_fx,500,4,0.9574239408146745,-0.509729325289946,0.6102411051873411,False
2024-06-20,daily_fx,r_fx,500,4,0.95648997974766,-0.5203101924759684,0.6028473930221834,False
2024-06-21,daily_fx,r_fx,500,4,0.9551310185216384,-0.5357832671131721,0.592108347948846,False
2024-06-24,daily_fx,r_fx,500,4,0.9523297630815598,-0.569129330406489,0.5692683750328285,False
2024-06-25,daily_fx,r_fx,500,4,0.9464397122892823,-0.6412922188814882,0.5213328437241245,False
2024-06-26,daily_fx,r_fx,500,4,0.9348645043041857,-0.7797732226345673,0.4355243704152949,False
2024-06-27,daily_fx,r_fx,500,4,0.9248454460635872,-0.9000978102682509,0.3680682012452319,False
2024-06-28,daily_fx,r_fx,500,4,0.9225934309257888,-0.931002650019737,0.35185219336827567,False
2024-07-01,daily_fx,r_fx,500,4,0.9270994875352557,-0.8691164922340033,0.38478341690844653,False
2024-07-02,daily_fx,r_fx,500,4,0.9240722954929093,-0.9039308931656374,0.3660320467015268,False
2024-07-03,daily_fx,r_fx,500,4,0.9236231029687328,-0.9104030498453424,0.3626099899160715,False
2024-07-04,daily_fx,r_fx,500,4,0.9246934189669568,-0.8971581576432328,0.3696345290015539,False
2024-07-05,daily_fx,r_fx,500,4,0.9269489858596984,-0.8712422839452433,0.3836218767806363,False
2024-07-08,daily_fx,r_fx,500,4,0.9371265240516625,-0.7437978846050405,0.4569987601341936,False
2024-07-09,daily_fx,r_fx,500,4,0.9373577694688595,-0.7410940873838058,0.4586363943562213,False
2024-07-10,daily_fx,r_fx,500,4,0.938997672413167,-0.7204776554890815,0.47123095244628477,False
2024-07-11,daily_fx,r_fx,500,4,0.9379765061856283,-0.7316860027937636,0.4643602417032011,False
2024-07-12,daily_fx,r_fx,500,4,0.9348963216017905,-0.7681936328037311,0.44237215570831,False
2024-07-15,daily_fx,r_fx,500,4,0.9320535506233781,-0.8027705074412146,0.4221073915692215,False
2024-07-16,daily_fx,r_fx,500,4,0.9298375881254908,-0.8306471321427709,0.4061730005532729,False
2024-07-17,daily_fx,r_fx,500,4,0.9279791574411069,-0.8540735203740819,0.3930642546234502,False
2024-07-18,daily_fx,r_fx,500,4,0.9316206814961356,-0.8109871816856349,0.41737303199022957,False
2024-07-19,daily_fx,r_fx,500,4,0.9334289115336661,-0.7896212072688223,0.429749019242911,False
2024-07-22,daily_fx,r_fx,500,4,0.9349214435774398,-0.7710677591463548,0.4406667695853299,False
2024-07-23,daily_fx,r_fx,500,4,0.9279780809074503,-0.8540372562373562,0.3930843468424987,False
2024-07-24,daily_fx,r_fx,500,4,0.9234648251270362,-0.906645686558692,0.3645941937425534,False
2024-07-25,daily_fx,r_fx,500,4,0.920961612480495,-0.9355319768360566,0.34951421193740617,False
2024-07-26,daily_fx,r_fx,500,4,0.9216229706631678,-0.925855212912389,0.35452122920228324,False
2024-07-29,daily_fx,r_fx,500,4,0.9171623313863076,-0.9818413350336423,0.32617802082700154,False
2024-07-30,daily_fx,r_fx,500,4,0.9156231279018969,-1.0024491599432948,0.3161267092830049,False
2024-07-31,daily_fx,r_fx,500,4,0.9245927606395872,-0.8948656419283997,0.37085891528079085,False
2024-08-01,daily_fx,r_fx,500,4,0.9282064848846491,-0.8515793579041463,0.394447600480031,False
2024-08-02,daily_fx,r_fx,500,4,0.9279093597517479,-0.8547652344376936,0.39268112818044854,False
2024-08-05,daily_fx,r_fx,500,4,0.932524756207254,-0.7956633455473893,0.42622773712381656,False
2024-08-06,daily_fx,r_fx,500,4,0.9329367511047753,-0.7907673212531132,0.4290797827537123,False
2024-08-07,daily_fx,r_fx,500,4,0.9366001977426971,-0.7471707674224504,0.4549604872767894,False
2024-08-08,daily_fx,r_fx,500,4,0.9340200364914532,-0.7779136328074363,0.4366199307883467,False
2024-08-09,daily_fx,r_fx,500,4,0.9287627805309311,-0.8388388637828734,0.40155973867656436,False
2024-08-12,daily_fx,r_fx,500,4,0.9262058412720086,-0.8684448584300409,0.38515084659426635,False
2024-08-13,daily_fx,r_fx,500,4,0.9294613195883619,-0.8263749954547229,0.4085914030935789,False
2024-08-14,daily_fx,r_fx,500,4,0.9299253577813639,-0.8208175407652435,0.4117502057220055,False
2024-08-15,daily_fx,r_fx,500,4,0.9307896599106723,-0.8107615041392304,0.4175026455286073,False
2024-08-16,daily_fx,r_fx,500,4,0.9291326942440901,-0.8303222913390528,0.4063565880628748,False
2024-08-19,daily_fx,r_fx,500,4,0.9273555992879311,-0.8510480679385772,0.3947426517305812,False
2024-08-20,daily_fx,r_fx,500,4,0.9268798898097258,-0.8573457608236664,0.39125382543752596,False
2024-08-21,daily_fx,r_fx,500,4,0.927690422126449,-0.8492253730421611,0.3957558971901336,False
2024-08-22,daily_fx,r_fx,500,4,0.9292760372160492,-0.8302031746945152,0.40642392061209875,False
2024-08-23,daily_fx,r_fx,500,4,0.9237349369199536,-0.8932390148165579,0.3717291889597445,False
2024-08-26,daily_fx,r_fx,500,4,0.9204402805746479,-0.9308516257181222,0.3519303204489965,False
2024-08-27,daily_fx,r_fx,500,4,0.9194192400307584,-0.9426521414006296,0.34585886032748725,False
2024-08-28,daily_fx,r_fx,500,4,0.919423459532176,-0.942345365516023,0.34601584907960303,False
2024-08-29,daily_fx,r_fx,500,4,0.9193851923661807,-0.9415657711706088,0.346415001046005,False
2024-08-30,daily_fx,r_fx,500,4,0.9170685048031353,-0.9757531140234059,0.3291868243578637,False
2024-09-04,daily_fx,r_fx,500,4,0.9182247373510045,-0.9618827428836696,0.3361085081207673,False
2024-09-05,daily_fx,r_fx,500,4,0.9181060841438845,-0.9635114531475174,0.3352909193218312,False
2024-09-06,daily_fx,r_fx,500,4,0.9140660684891212,-1.0127022574591915,0.3112023992687325,False
2024-09-09,daily_fx,r_fx,500,4,0.9154035575963775,-0.9968025316423972,0.318860369190165,False
2024-09-10,daily_fx,r_fx,500,4,0.9140139547621371,-1.0137027404303605,0.31072461604151336,False
2024-09-11,daily_fx,r_fx,500,4,0.9155261460741222,-0.9955285718652394,0.3194792551402954,False
2024-09-12,daily_fx,r_fx,500,4,0.9132765235090056,-1.021989551614972,0.3067858456194732,False
2024-09-13,daily_fx,r_fx,500,4,0.9131909626367519,-1.0231205111892623,0.3062508701010951,False
2024-09-16,daily_fx,r_fx,500,4,0.9122832525045376,-1.031653212220737,0.3022346029728151,False
2024-09-17,daily_fx,r_fx,500,4,0.9096413823530808,-1.061680532975866,0.2883807398091034,False
2024-09-18,daily_fx,r_fx,500,4,0.9095509013564036,-1.0622622761975682,0.2881166349632669,False
2024-09-19,daily_fx,r_fx,500,4,0.9103261561385971,-1.0520756165241922,0.2927648582344853,False
2024-09-20,daily_fx,r_fx,500,4,0.9110326784606688,-1.043797803619527,0.2965789480089329,False
2024-09-23,daily_fx,r_fx,500,4,0.912591460239837,-1.0248124743774352,0.30545167927572603,False
2024-09-24,daily_fx,r_fx,500,4,0.9121712954051602,-1.029931065296622,0.30304236657289385,False
2024-09-25,daily_fx,r_fx,500,4,0.9116461070515121,-1.0363646468875571,0.30003205702570046,False
2024-09-26,daily_fx,r_fx,500,4,0.9139784787084702,-1.0062828459952764,0.3142795297947094,False
2024-09-27,daily_fx,r_fx,500,4,0.9082627960233791,-1.0754267281518552,0.28218372059553287,False
2024-09-30,daily_fx,r_fx,500,4,0.9097155886283014,-1.059466305335033,0.2893874666653946,False
2024-10-02,daily_fx,r_fx,500,4,0.9096486460559182,-1.0602951935543905,0.28901032519975733,False
2024-10-03,daily_fx,r_fx,500,4,0.9092672099431282,-1.0649215243152734,0.28691144374562105,False
2024-10-04,daily_fx,r_fx,500,4,0.9077442793778373,-1.082044662101064,0.27923268303179594,False
2024-10-07,daily_fx,r_fx,500,4,0.9071590480106347,-1.0860505832538174,0.2774566136766663,False
2024-10-08,daily_fx,r_fx,500,4,0.9079817098487217,-1.0763470931303445,0.28177205447333664,False
2024-10-09,daily_fx,r_fx,500,4,0.9082790043349823,-1.0726747270731063,0.283417083522012,False
2024-10-10,daily_fx,r_fx,500,4,0.9078262246435023,-1.0768328940946816,0.28155492699401563,False
2024-10-11,daily_fx,r_fx,500,4,0.9066547389680005,-1.0912825788124274,0.27514856102395546,False
2024-10-14,daily_fx,r_fx,500,4,0.9058265073928974,-1.1011265365096057,0.27084158912876255,False
2024-10-15,daily_fx,r_fx,500,4,0.9065300685474381,-1.0913152476735737,0.2751341907127851,False
2024-10-16,daily_fx,r_fx,500,4,0.906463936818906,-1.0916815351914375,0.2749731039897889,False
2024-10-17,daily_fx,r_fx,500,4,0.9045528215169597,-1.1154319422519663,0.26466536780995265,False
2024-10-18,daily_fx,r_fx,500,4,0.9016407143892751,-1.1498706046345861,0.25019716963706196,False
2024-10-21,daily_fx,r_fx,500,4,0.8997434087616548,-1.1720129225380858,0.24119186797701042,False
2024-10-22,daily_fx,r_fx,500,4,0.897408246260907,-1.2004644556538533,0.2299590090858472,False
2024-10-23,daily_fx,r_fx,500,4,0.8982487650956209,-1.1898194699655837,0.2341173553729572,False
2024-10-24,daily_fx,r_fx,500,4,0.8984126976777543,-1.1878752730389457,0.23488255286167314,False
2024-10-25,daily_fx,r_fx,500,4,0.8975075359994094,-1.1997919671807873,0.23022014467331298,False
2024-10-28,daily_fx,r_fx,500,4,0.8948069980109103,-1.2312392858871808,0.2182333820686173,False
2024-10-29,daily_fx,r_fx,500,4,0.8948694209861158,-1.230457083323419,0.2185259885893016,False
2024-10-30,daily_fx,r_fx,500,4,0.8972867872165883,-1.2018240624173662,0.2294317006163622,False
2024-10-31,daily_fx,r_fx,500,4,0.8986338705355252,-1.1857567377504963,0.23571838084942143,False
2024-11-01,daily_fx,r_fx,500,4,0.8976327661425371,-1.1974925582559615,0.23111462641077818,False
2024-11-04,daily_fx,r_fx,500,4,0.8984594782657795,-1.1867551614969467,0.23532420983688596,False
2024-11-05,daily_fx,r_fx,500,4,0.8976498805743056,-1.196698280761746,0.23142417740016197,False
2024-11-06,daily_fx,r_fx,500,4,0.8919646161538223,-1.2652153675181879,0.2057941350931305,False
2024-11-07,daily_fx,r_fx,500,4,0.887364792443553,-1.318425973118609,0.18736109087787467,False
2024-11-08,daily_fx,r_fx,500,4,0.8900605037361101,-1.2800061707183692,0.2005429657075184,False
2024-11-11,daily_fx,r_fx,500,4,0.8913155816579698,-1.2616756682672985,0.20706551574378507,False
2024-11-12,daily_fx,r_fx,500,4,0.8891250122301875,-1.2898161017791585,0.1971145159620158,False
2024-11-13,daily_fx,r_fx,500,4,0.8877385248408682,-1.3074352786030923,0.19106492242724338,False
2024-11-14,daily_fx,r_fx,500,4,0.8893572911409631,-1.2855236031330683,0.1986093741226438,False
2024-11-15,daily_fx,r_fx,500,4,0.8903958233672046,-1.2724407701096514,0.20321655607212907,False
2024-11-18,daily_fx,r_fx,500,4,0.8901177275602726,-1.2757159134280023,0.20205596114147562,False
2024-11-19,daily_fx,r_fx,500,4,0.8916172068417277,-1.2573465784097833,0.20862816449000743,False
2024-11-20,daily_fx,r_fx,500,4,0.891176075386758,-1.262798987166242,0.20666142881390082,False
2024-11-21,daily_fx,r_fx,500,4,0.8933426750869118,-1.2354952991139139,0.21664622491627306,False
2024-11-22,daily_fx,r_fx,500,4,0.894536617930607,-1.2201268128541807,0.22241680559659893,False
2024-11-25,daily_fx,r_fx,500,4,0.8937988744552295,-1.2304750881290132,0.21851925017956475,False
2024-11-26,daily_fx,r_fx,500,4,0.8955099828038234,-1.211300253426959,0.22578035166310828,False
2024-11-27,daily_fx,r_fx,500,4,0.897160657321959,-1.1921135756015946,0.2332167146221371,False
2024-11-28,daily_fx,r_fx,500,4,0.8961943027326555,-1.2031019968248826,0.22893685277793585,False
2024-11-29,daily_fx,r_fx,500,4,0.895266540149514,-1.2138766162562922,0.22479484356039414,False
2024-12-02,daily_fx,r_fx,500,4,0.8952567591972602,-1.21535405335432,0.22423108410672254,False
2024-12-03,daily_fx,r_fx,500,4,0.8942057738527345,-1.229130246891631,0.21902297626114997,False
2024-12-04,daily_fx,r_fx,500,4,0.8936139960305386,-1.2374082844713945,0.2159355447255975,False
2024-12-05,daily_fx,r_fx,500,4,0.8962628414631068,-1.2060098948255595,0.22781367521669393,False
2024-12-06,daily_fx,r_fx,500,4,0.8969210252474146,-1.196563674981905,0.23147666600819683,False
2024-12-10,daily_fx,r_fx,500,4,0.8942492300123709,-1.2269075953064357,0.219857323514409,False
2024-12-11,daily_fx,r_fx,500,4,0.8920605238118905,-1.251885394008269,0.2106116277022183,False
2024-12-12,daily_fx,r_fx,500,4,0.8945253188863547,-1.222856226471599,0.22138400428783012,False
2024-12-13,daily_fx,r_fx,500,4,0.894837817504027,-1.2196912066954197,0.22258195626262411,False
2024-12-14,daily_fx,r_fx,500,4,0.8941181399357954,-1.2284468194073301,0.21927928137443375,False
2024-12-16,daily_fx,r_fx,500,4,0.8961650414220067,-1.2006913809951023,0.2298709387250495,False
2024-12-17,daily_fx,r_fx,500,4,0.8952335153930744,-1.2127286707166578,0.22523357442366088,False
2024-12-18,daily_fx,r_fx,500,4,0.8949374919985967,-1.2166104044754784,0.223752482203871,False
2024-12-19,daily_fx,r_fx,500,4,0.8953842765157525,-1.2125972686963986,0.2252838336625964,False
2024-12-20,daily_fx,r_fx,500,4,0.8989406558054656,-1.1685983007551348,0.24256551319554776,False
2024-12-23,daily_fx,r_fx,500,4,0.9008967840645271,-1.1436056749284758,0.25278720712597424,False
2024-12-24,daily_fx,r_fx,500,4,0.9039739259548158,-1.1063869357655987,0.2685590776539064,False
2024-12-25,daily_fx,r_fx,500,4,0.903362089145544,-1.113133546776414,0.26565107783817,False
2024-12-26,daily_fx,r_fx,500,4,0.896567751120253,-1.1908643290600063,0.23370684998059632,False
2024-12-27,daily_fx,r_fx,500,4,0.8901308834431232,-1.263778507158135,0.20630953759546378,False
2025-01-03,daily_fx,r_fx,500,4,0.8840832454409492,-1.330490299533755,0.18335678035547076,False
2025-01-04,daily_fx,r_fx,500,4,0.8839799805365077,-1.3288633087950943,0.18389307083045692,False
2025-01-06,daily_fx,r_fx,500,4,0.8833896514232683,-1.3352314520284243,0.18180060585540692,False
2025-01-07,daily_fx,r_fx,500,4,0.8838081876502074,-1.3284569804981576,0.18402718630894954,False
2025-01-08,daily_fx,r_fx,500,4,0.8795422422758976,-1.3770091290823523,0.16850942539620695,False
2025-01-09,daily_fx,r_fx,500,4,0.8764175091039654,-1.4112508982849306,0.15817064704225725,False
2025-01-10,daily_fx,r_fx,500,4,0.8700341878872636,-1.487537971777719,0.13687278209142395,False
2025-01-13,daily_fx,r_fx,500,4,0.8688097954278174,-1.501617587010061,0.13319589868980186,False
2025-01-14,daily_fx,r_fx,500,4,0.8699921674737621,-1.4879666634672035,0.13675968539590233,False
2025-01-15,daily_fx,r_fx,500,4,0.8723348666701325,-1.4603335656386132,0.14419842138159877,False
2025-01-16,daily_fx,r_fx,500,4,0.8734655845887401,-1.4455120245364734,0.14831411794703286,False
2025-01-17,daily_fx,r_fx,500,4,0.874320801876679,-1.4343178017071492,0.15148159250026993,False
2025-01-20,daily_fx,r_fx,500,4,0.8750179778072902,-1.425967422847417,0.15387774577398416,False
2025-01-21,daily_fx,r_fx,500,4,0.8750915979108409,-1.4251209071213282,0.154122254103086,False
2025-01-22,daily_fx,r_fx,500,4,0.8767854665246713,-1.4020620950330749,0.16089670486779717,False
2025-01-23,daily_fx,r_fx,500,4,0.877222141156141,-1.3972168549178616,0.16234836970148492,False
2025-01-24,daily_fx,r_fx,500,4,0.8764301505592295,-1.407797442269967,0.1591910579710274,False
2025-01-27,daily_fx,r_fx,500,4,0.8766679745745715,-1.4034017488503232,0.1604970717936327,False
2025-01-28,daily_fx,r_fx,500,4,0.8788279410020727,-1.37412275733628,0.1694035755033685,False
2025-01-29,daily_fx,r_fx,500,4,0.8785436253527915,-1.3765149946905797,0.16866224822936826,False
2025-01-30,daily_fx,r_fx,500,4,0.8802419833844272,-1.357773884384479,0.17453544411353272,False
2025-01-31,daily_fx,r_fx,500,4,0.8818547334080029,-1.338248428488103,0.18081546705199836,False
2025-02-03,daily_fx,r_fx,500,4,0.8820736153100261,-1.333055155014728,0.1825137044684273,False
2025-02-04,daily_fx,r_fx,500,4,0.8828268373912171,-1.3243079003345848,0.18540080778480772,False
2025-02-05,daily_fx,r_fx,500,4,0.8834887917523713,-1.3163862421522095,0.18804443771681756,False
2025-02-06,daily_fx,r_fx,500,4,0.8810744846367128,-1.3460082158095734,0.17829986699082134,False
2025-02-07,daily_fx,r_fx,500,4,0.8822207342618362,-1.3311171062767704,0.18315048112696264,False
2025-02-10,daily_fx,r_fx,500,4,0.8868154186546099,-1.273777022340946,0.20274245065552154,False
2025-02-11,daily_fx,r_fx,500,4,0.88466449855233,-1.2979627199146129,0.19430014579096655,False
2025-02-12,daily_fx,r_fx,500,4,0.8823691175699399,-1.323830070952059,0.18555948674513223,False
2025-02-13,daily_fx,r_fx,500,4,0.8798237505848227,-1.3520238335969437,0.17636769101194005,False
2025-02-14,daily_fx,r_fx,500,4,0.8815070375991025,-1.331959622424357,0.18287345708661862,False
2025-02-17,daily_fx,r_fx,500,4,0.8808432396864935,-1.3409105491601412,0.17994949675596184,False
2025-02-18,daily_fx,r_fx,500,4,0.8803197943827012,-1.3481494025937149,0.177610334602202,False
2025-02-19,daily_fx,r_fx,500,4,0.88182182946029,-1.3293144970408235,0.18374423339894252,False
2025-02-20,daily_fx,r_fx,500,4,0.8843922537110679,-1.3016292124619935,0.1930431686392411,False
2025-02-21,daily_fx,r_fx,500,4,0.8876195214132754,-1.2668299557335765,0.20521609845691957,False
2025-02-24,daily_fx,r_fx,500,4,0.8937077612411205,-1.1977908798672525,0.23099843859975078,False
2025-02-25,daily_fx,r_fx,500,4,0.895366782820961,-1.180938724906876,0.23762706614450235,False
2025-02-26,daily_fx,r_fx,500,4,0.8942910158318005,-1.1929083065762973,0.2329052856956142,False
2025-02-27,daily_fx,r_fx,500,4,0.8955246927447534,-1.1782777758715668,0.23868588477810748,False
2025-02-28,daily_fx,r_fx,500,4,0.8992162927341583,-1.1340652056410068,0.25676719737500475,False
2025-03-03,daily_fx,r_fx,500,4,0.9004915754457943,-1.1173241446037925,0.26385575557452334,False
2025-03-04,daily_fx,r_fx,500,4,0.9008688381630705,-1.1130551284347125,0.2656847535545521,False
2025-03-05,daily_fx,r_fx,500,4,0.901981498940802,-1.100274794332867,0.2712124109006271,False
2025-03-06,daily_fx,r_fx,500,4,0.902217224460759,-1.0982026488222907,0.2721160098565636,False
2025-03-07,daily_fx,r_fx,500,4,0.9054680074583137,-1.0568213425766706,0.29059313191786895,False
2025-03-11,daily_fx,r_fx,500,4,0.9040433892338864,-1.0729488238619722,0.28329407822948927,False
2025-03-12,daily_fx,r_fx,500,4,0.9042690687502993,-1.071176335774409,0.2840901498179593,False
2025-03-13,daily_fx,r_fx,500,4,0.9035998290196285,-1.0799245672826856,0.2801757722626772,False
2025-03-14,daily_fx,r_fx,500,4,0.9023748373188816,-1.0939844888314836,0.27396178118200387,False
2025-03-17,daily_fx,r_fx,500,4,0.9050371536580131,-1.0619103434327044,0.28827638896320984,False
2025-03-18,daily_fx,r_fx,500,4,0.9068089223718196,-1.0411119343855828,0.29782360129876606,False
2025-03-19,daily_fx,r_fx,500,4,0.9072178673002869,-1.0368809037813225,0.29979136462882416,False
2025-03-20,daily_fx,r_fx,500,4,0.9078706825036023,-1.0283763513916522,0.3037728282724441,False
2025-03-24,daily_fx,r_fx,500,4,0.9061762003640181,-1.0473522207432706,0.29493715944781185,False
2025-03-25,daily_fx,r_fx,500,4,0.9069761373603163,-1.0383325966754338,0.29911523796054196,False
2025-03-26,daily_fx,r_fx,500,4,0.9048696992244999,-1.0634984450528375,0.2875559699694976,False
2025-03-27,daily_fx,r_fx,500,4,0.9000256607613845,-1.1199582999569164,0.2627315324856285,False
2025-03-28,daily_fx,r_fx,500,4,0.9025332456189363,-1.0912054750918971,0.2751824792808044,False
2025-04-01,daily_fx,r_fx,500,4,0.9089040506923706,-1.0119044842468876,0.31158372500192844,False
2025-04-02,daily_fx,r_fx,500,4,0.9087653051247604,-1.0144826482198672,0.31035250498607425,False
2025-04-03,daily_fx,r_fx,500,4,0.9088775401449892,-1.0141850888807928,0.31049444232899526,False
2025-04-04,daily_fx,r_fx,500,4,0.9101303816522895,-1.00016411808496,0.31723109083648504,False
2025-04-07,daily_fx,r_fx,500,4,0.9111689654368211,-0.9862842160268273,0.32399366299574517,False
2025-04-08,daily_fx,r_fx,500,4,0.9118694746948506,-0.9772750160385244,0.32843301843315253,False
2025-04-09,daily_fx,r_fx,500,4,0.9137492097012575,-0.9566926797133845,0.33872239403455495,False
2025-04-10,daily_fx,r_fx,500,4,0.9134892092730468,-0.9596852907615167,0.3372136284577829,False
2025-04-11,daily_fx,r_fx,500,4,0.9107013263816793,-0.9868202972264588,0.3237307425205014,False
2025-04-14,daily_fx,r_fx,500,4,0.9092572611968818,-1.0018538115751028,0.31641420316333035,False
2025-04-15,daily_fx,r_fx,500,4,0.9096876254620919,-0.9965634697903271,0.3189764448779342,False
2025-04-16,daily_fx,r_fx,500,4,0.9105172000066212,-0.9854219252516538,0.32441686433621886,False
2025-04-17,daily_fx,r_fx,500,4,0.908868173126409,-1.0036508579204433,0.31554693155407687,False
2025-04-18,daily_fx,r_fx,500,4,0.9060349105728028,-1.0384945051443646,0.29903989213933935,False
2025-04-21,daily_fx,r_fx,500,4,0.9054078383803306,-1.0478467281668649,0.29470922946652234,False
2025-04-22,daily_fx,r_fx,500,4,0.9076692953155213,-1.0253125169730803,0.30521575158238123,False
2025-04-23,daily_fx,r_fx,500,4,0.9164225669205396,-0.930413995889664,0.35215677479111496,False
2025-04-24,daily_fx,r_fx,500,4,0.9222069692754142,-0.8651033271136507,0.38698207874661605,False
2025-04-25,daily_fx,r_fx,500,4,0.9204670696038633,-0.885292009407862,0.3759991585302602,False
2025-04-28,daily_fx,r_fx,500,4,0.9190487797243005,-0.9013029244864423,0.3674272792941331,False
2025-04-29,daily_fx,r_fx,500,4,0.9187333651955747,-0.9035418111730521,0.36623840811137676,False
2025-04-30,daily_fx,r_fx,500,4,0.9155913825636695,-0.937516873008267,0.3484927486093712,False
2025-05-01,daily_fx,r_fx,500,4,0.9139772438900282,-0.956692911550405,0.33872227698320545,False
2025-05-02,daily_fx,r_fx,500,4,0.917640943906036,-0.9157184065215225,0.35981460832979995,False
2025-05-05,daily_fx,r_fx,500,4,0.9214522274714446,-0.8701120058557422,0.3842391972371151,False
2025-05-06,daily_fx,r_fx,500,4,0.9185103706255834,-0.9030064501541625,0.3665224716351978,False
2025-05-07,daily_fx,r_fx,500,4,0.9154482611447317,-0.9378546929422548,0.3483190894807606,False
2025-05-08,daily_fx,r_fx,500,4,0.9142505115954437,-0.9525245414576297,0.3408310257437819,False
2025-05-12,daily_fx,r_fx,500,4,0.9137426329103239,-0.9615972578452106,0.33625194948728065,False
2025-05-13,daily_fx,r_fx,500,4,0.9165236748314483,-0.9301933974740166,0.3522709598079854,False
2025-05-14,daily_fx,r_fx,500,4,0.9136620657965716,-0.9623500131914788,0.3358738141080815,False
2025-05-15,daily_fx,r_fx,500,4,0.9133342393554905,-0.9638630258731624,0.33511460317192787,False
2025-05-16,daily_fx,r_fx,500,4,0.9164057833543923,-0.9304069928377677,0.3521603993146556,False
2025-05-19,daily_fx,r_fx,500,4,0.9098029239398717,-1.0092803782770066,0.3128401876838445,False
2025-05-20,daily_fx,r_fx,500,4,0.9040803993092726,-1.0734010981770634,0.28309119201792643,False
2025-05-21,daily_fx,r_fx,500,4,0.9124180682632301,-0.9718624730271044,0.33111897118421485,False
2025-05-22,daily_fx,r_fx,500,4,0.9083974698297667,-1.012695389091889,0.3112056809491577,False
2025-05-23,daily_fx,r_fx,500,4,0.9031120516788573,-1.0722446504318885,0.283610160157413,False
2025-05-26,daily_fx,r_fx,500,4,0.9094088424074512,-0.9998420855317621,0.31738693525351613,False
2025-05-27,daily_fx,r_fx,500,4,0.9090161539998948,-1.003905090588579,0.3154243626443032,False
2025-05-28,daily_fx,r_fx,500,4,0.8983430346026932,-1.1304852573688877,0.25827180710538133,False
2025-05-29,daily_fx,r_fx,500,4,0.8941401232322538,-1.171788890828452,0.24128182395194875,False
2025-05-30,daily_fx,r_fx,500,4,0.9010287274278694,-1.08346381304961,0.2786026045785881,False
2025-06-02,daily_fx,r_fx,500,4,0.9188133803919453,-0.8858313899569625,0.37570839211952634,False
2025-06-03,daily_fx,r_fx,500,4,0.9169178450359449,-0.9053612092963407,0.3652740589988619,False
2025-06-04,daily_fx,r_fx,500,4,0.9154697238847672,-0.9197738892564268,0.3576909307981686,False
2025-06-05,daily_fx,r_fx,500,4,0.9150435026993685,-0.926477645986895,0.35419780893024955,False
2025-06-09,daily_fx,r_fx,500,4,0.9080353149480218,-1.0082975827398997,0.31331162311258476,False
2025-06-10,daily_fx,r_fx,500,4,0.9081141646805078,-1.004262128084482,0.31525228298468155,False
2025-06-11,daily_fx,r_fx,500,4,0.9280077520733876,-0.7833441988055264,0.4334250148434453,False
2025-06-12,daily_fx,r_fx,500,4,0.9521114082428492,-0.520893239996686,0.6024411448407145,False
2025-06-13,daily_fx,r_fx,500,4,0.9495917859953132,-0.5479955586106284,0.5836949524794623,False
2025-06-16,daily_fx,r_fx,500,4,0.9429743675784183,-0.6171861158583986,0.537111972489245,False
2025-06-17,daily_fx,r_fx,500,4,0.937459997930409,-0.6752441809737159,0.499520641164402,False
2025-06-18,daily_fx,r_fx,500,4,0.9325734760318384,-0.7260289938083484,0.4678209964514535,False
2025-06-19,daily_fx,r_fx,500,4,0.9318349624715946,-0.7327491331883559,0.4637114508663416,False
2025-06-20,daily_fx,r_fx,500,4,0.9524923024821053,-0.5094715611327659,0.6104217273566048,False
2025-06-23,daily_fx,r_fx,500,4,0.9779249770117441,-0.23493168707754328,0.8142617550193403,False
2025-06-24,daily_fx,r_fx,500,4,1.0052406328732981,0.05472778727532103,0.9563553314872684,False
2025-06-25,daily_fx,r_fx,500,4,1.0208704946814833,0.21477583106745513,0.829942097183711,False
2025-06-26,daily_fx,r_fx,500,4,1.0064797135602874,0.06577021759148273,0.9475607677982343,False
2025-06-27,daily_fx,r_fx,500,4,1.0039727473587705,0.03994152170638457,0.9681397479642415,False
2025-06-30,daily_fx,r_fx,500,4,1.028749567480492,0.28682759971356087,0.774244328943491,False
2025-07-01,daily_fx,r_fx,500,4,1.0586819414439013,0.5834009990356191,0.5596233854506583,False
2025-07-02,daily_fx,r_fx,500,4,1.0701585430061487,0.6967505793535255,0.48595889928030145,False
2025-07-03,daily_fx,r_fx,500,4,1.0495173543236673,0.4975395043617139,0.6188086522497729,False
2025-07-04,daily_fx,r_fx,500,4,1.0509577592333441,0.5103869376444027,0.6097804063187724,False
2025-07-07,daily_fx,r_fx,500,4,1.0533747355278038,0.5320233378107746,0.594709831848089,False
2025-07-08,daily_fx,r_fx,500,4,1.0416879239299852,0.41488199542054177,0.6782282907164727,False
2025-07-09,daily_fx,r_fx,500,4,1.0460255133427934,0.457099172431914,0.6475997650915319,False
2025-07-10,daily_fx,r_fx,500,4,1.0416953122700543,0.41473205437988214,0.6783380641303163,False
2025-07-11,daily_fx,r_fx,500,4,1.0411311651048984,0.4089522043717496,0.6825747369715238,False
2025-07-14,daily_fx,r_fx,500,4,1.0429577163557038,0.42741275766541986,0.6690787168197396,False
2025-07-15,daily_fx,r_fx,500,4,1.0275919847256656,0.27686468978990375,0.7818840065589836,False
2025-07-16,daily_fx,r_fx,500,4,1.0221474084431743,0.2193862126273325,0.826349209169529,False
2025-07-17,daily_fx,r_fx,500,4,1.0293936317100296,0.29076546662288205,0.7712306983791737,False
2025-07-18,daily_fx,r_fx,500,4,1.0060874206579349,0.0603407840490698,0.9518842201317135,False
2025-07-21,daily_fx,r_fx,500,4,1.0004315742826209,0.00417119388604417,0.9966718784491322,False
2025-07-22,daily_fx,r_fx,500,4,1.0183044805254544,0.17646782671883685,0.8599264225672645,False
2025-07-23,daily_fx,r_fx,500,4,0.9995500017927136,-0.0043206289227097384,0.9965526476153821,False
2025-07-24,daily_fx,r_fx,500,4,0.997696791835695,-0.021876277652704324,0.9825466479370553,False
2025-07-25,daily_fx,r_fx,500,4,0.9742203716064598,-0.2412970834747171,0.8093248711707146,False
2025-07-28,daily_fx,r_fx,500,4,0.9637045427024331,-0.3322260573610435,0.7397185692039228,False
2025-07-29,daily_fx,r_fx,500,4,0.9751073896165484,-0.22513739426389562,0.821872391204763,False
2025-07-30,daily_fx,r_fx,500,4,1.013687734224459,0.1237460819668997,0.901516323908818,False
2025-07-31,daily_fx,r_fx,500,4,0.9995143534182453,-0.004414983995905818,0.9964773638773985,False
2025-08-01,daily_fx,r_fx,500,4,0.9869694882534665,-0.11656621714569389,0.9072038099845252,False
2025-08-04,daily_fx,r_fx,500,4,1.004635020095888,0.04133752783344906,0.9670268157418154,False
2025-08-05,daily_fx,r_fx,500,4,0.9885669224459366,-0.10185660027636671,0.918870498693577,False
2025-08-06,daily_fx,r_fx,500,4,0.9724036336041746,-0.2407557174829907,0.8097444524805713,False
2025-08-07,daily_fx,r_fx,500,4,0.9906055332104738,-0.08180324337388743,0.9348031768815355,False
2025-08-08,daily_fx,r_fx,500,4,0.9848960743203095,-0.13131954249582245,0.8955225329843779,False
2025-08-11,daily_fx,r_fx,500,4,0.9749706305004334,-0.2161936501204218,0.8288368029841031,False
2025-08-12,daily_fx,r_fx,500,4,0.8754602814958863,-1.0706698151601033,0.28431791963725783,False
2025-08-13,daily_fx,r_fx,500,4,0.7967808431896675,-1.7404956845593662,0.08177201717212479,False
2025-08-14,daily_fx,r_fx,500,4,0.7209526041338238,-2.389836053404097,0.01685589527443887,True
2025-08-15,daily_fx,r_fx,500,4,0.9564020246299451,-0.27033740352656455,0.7869006923549844,False
2025-08-18,daily_fx,r_fx,500,4,0.9577793248897631,-0.2610026781163512,0.7940904419845376,False
2025-08-19,daily_fx,r_fx,500,4,0.9517616584327889,-0.29905996179435773,0.7648942948678721,False
2025-08-20,daily_fx,r_fx,500,4,0.9505441360082904,-0.306777706278417,0.759012578378119,False
2025-08-21,daily_fx,r_fx,500,4,0.9512675998601055,-0.304524306751237,0.760728477415958,False
2025-08-22,daily_fx,r_fx,500,4,0.9582574329230382,-0.26152417134616796,0.7936883118956501,False
2025-08-25,daily_fx,r_fx,500,4,0.9640436454945994,-0.22624202473013472,0.8210131868304016,False
2025-08-26,daily_fx,r_fx,500,4,0.9912549309113394,-0.05514798903265533,0.9560205645685049,False
2025-08-27,daily_fx,r_fx,500,4,0.9933512197156273,-0.04202019633995941,0.9664825979840508,False
2025-08-28,daily_fx,r_fx,500,4,0.9856048270071078,-0.09122344541838058,0.9273150458719144,False
2025-08-29,daily_fx,r_fx,500,4,0.9841586422122242,-0.10077088429842544,0.9197323401232134,False
2025-09-02,daily_fx,r_fx,500,4,0.9977849203577343,-0.014082901597901555,0.9887638416526445,False
2025-09-03,daily_fx,r_fx,500,4,0.995304177508693,-0.029938070867697807,0.9761164432856191,False
2025-09-04,daily_fx,r_fx,500,4,0.9888069449859547,-0.07166854291085227,0.9428656908851352,False
2025-09-05,daily_fx,r_fx,500,4,0.9790147273453529,-0.1351201215367251,0.892516901385147,False
2025-09-08,daily_fx,r_fx,500,4,0.9639298053452622,-0.2335776851993309,0.8153128532040608,False
2025-09-09,daily_fx,r_fx,500,4,0.9476605629896092,-0.3386948110461119,0.7348396500586445,False
2025-09-10,daily_fx,r_fx,500,4,0.9306975329225203,-0.4470481988476762,0.6548402595077338,False
2025-09-11,daily_fx,r_fx,500,4,0.9337334986332878,-0.427395627391705,0.6690911917214957,False
2025-09-12,daily_fx,r_fx,500,4,0.9202216446203365,-0.5192457569041863,0.6035893742916345,False
2025-09-15,daily_fx,r_fx,500,4,0.919919164401703,-0.5210546490981075,0.6023287021286525,False
2025-09-16,daily_fx,r_fx,500,4,0.905404823499671,-0.6213076548587485,0.5343972180703516,False
2025-09-17,daily_fx,r_fx,500,4,0.9016994140270415,-0.6458025080168285,0.5184072635604415,False
2025-09-18,daily_fx,r_fx,500,4,0.9225659790327067,-0.5089892271939478,0.610759775234589,False
2025-09-19,daily_fx,r_fx,500,4,0.9228325354287111,-0.509293664210748,0.6105463982753943,False
2025-09-22,daily_fx,r_fx,500,4,0.9205596692625354,-0.5245444812189125,0.599899890203581,False
2025-09-23,daily_fx,r_fx,500,4,0.9009517102688377,-0.6632216621269336,0.507188599811865,False
2025-09-24,daily_fx,r_fx,500,4,0.8888384002844463,-0.7431078779339628,0.45741637048009176,False
2025-09-25,daily_fx,r_fx,500,4,0.8895485105846065,-0.7366425361883713,0.46133976045571234,False
2025-09-26,daily_fx,r_fx,500,4,0.90285853955235,-0.6474774020782994,0.5173230153209663,False
2025-09-29,daily_fx,r_fx,500,4,0.9025013997660022,-0.6542555033473912,0.5129472081968385,False
2025-09-30,daily_fx,r_fx,500,4,0.898434617264438,-0.6857814386982252,0.49285094269065466,False
2025-10-02,daily_fx,r_fx,500,4,0.9083810995881008,-0.618378245280897,0.5363260347186076,False
2025-10-03,daily_fx,r_fx,500,4,0.9133149879657722,-0.58511998145113,0.5584670442269712,False
2025-10-06,daily_fx,r_fx,500,4,0.9145626704770129,-0.577986436158172,0.5632732767775259,False
2025-10-07,daily_fx,r_fx,500,4,0.9132244510007919,-0.5884543261186087,0.5562273823196477,False
2025-10-08,daily_fx,r_fx,500,4,0.9132465058958533,-0.5883897408985828,0.5562707222329166,False
2025-10-09,daily_fx,r_fx,500,4,0.9114184059549941,-0.6018546164693277,0.547270915976146,False
2025-10-10,daily_fx,r_fx,500,4,0.9081618185676222,-0.6267848471635626,0.5308002775129155,False
2025-10-13,daily_fx,r_fx,500,4,0.9149759200722554,-0.5802999883320885,0.5617123353006439,False
2025-10-14,daily_fx,r_fx,500,4,0.9220179462567548,-0.5318845006746976,0.5948059927378777,False
2025-10-15,daily_fx,r_fx,500,4,0.9272982158751227,-0.49686158543123254,0.6192866624880478,False
2025-10-16,daily_fx,r_fx,500,4,0.9294356821623401,-0.48409930093431297,0.6283153973942286,False
2025-10-17,daily_fx,r_fx,500,4,0.9188018257079701,-0.5614315824603732,0.5745033589998243,False
2025-10-20,daily_fx,r_fx,500,4,0.9145525675650742,-0.5914608244805499,0.5542116964929256,False
2025-10-21,daily_fx,r_fx,500,4,0.9185442687895418,-0.5650164183574027,0.572062596860897,False
2025-10-22,daily_fx,r_fx,500,4,0.9409476494026988,-0.41080546722209177,0.6812151839477296,False
2025-10-23,daily_fx,r_fx,500,4,0.9270576564485467,-0.5116369074734002,0.6089051500693567,False
2025-10-24,daily_fx,r_fx,500,4,0.925926937470351,-0.5187579860859954,0.6039295195747045,False
2025-10-27,daily_fx,r_fx,500,4,0.9276365789766611,-0.5068618769827888,0.6122517364361906,False
2025-10-28,daily_fx,r_fx,500,4,0.9211034550065661,-0.5565068510988355,0.5778644122331547,False
2025-10-29,daily_fx,r_fx,500,4,0.9211858219203574,-0.5575156821737521,0.5771751474963898,False
2025-10-30,daily_fx,r_fx,500,4,0.9306853283547039,-0.49029605027315504,0.6239244215342195,False
2025-10-31,daily_fx,r_fx,500,4,0.9324240800919372,-0.47861932351153,0.632209468913504,False
2025-11-03,daily_fx,r_fx,500,4,0.9328584191807048,-0.47584397364276493,0.6341855392506082,False
2025-11-04,daily_fx,r_fx,500,4,0.9310143249600664,-0.489839418417847,0.6242475348054355,False
2025-11-05,daily_fx,r_fx,500,4,0.9305932641489082,-0.4931431144360504,0.6219114688072684,False
2025-11-06,daily_fx,r_fx,500,4,0.9307841732840154,-0.4920057554881343,0.6227152748187772,False
2025-11-07,daily_fx,r_fx,500,4,0.9239862393255225,-0.5428961168749273,0.5872013297064242,False
2025-11-10,daily_fx,r_fx,500,4,0.925392063702202,-0.5334954784034533,0.5936906401948314,False
2025-11-11,daily_fx,r_fx,500,4,0.9240235620853916,-0.5449519798917638,0.5857865447327697,False
2025-11-12,daily_fx,r_fx,500,4,0.9236694507236666,-0.54777624971792,0.5838455484213929,False
2025-11-13,daily_fx,r_fx,500,4,0.9244773064874194,-0.5422119527476982,0.5876725020957796,False
2025-11-14,daily_fx,r_fx,500,4,0.9275386246402736,-0.5199786164997985,0.6030784791562269,False
2025-11-17,daily_fx,r_fx,500,4,0.9222070476712089,-0.5613402956835296,0.5745655765741953,False
2025-11-18,daily_fx,r_fx,500,4,0.9209713509545743,-0.5709553957225504,0.5680298787640157,False
2025-11-19,daily_fx,r_fx,500,4,0.9123176488734465,-0.6383115518241936,0.5232708937429691,False
2025-11-20,daily_fx,r_fx,500,4,0.9136126175551255,-0.62918030523501,0.5292310210468534,False
2025-11-21,daily_fx,r_fx,500,4,0.9215008024139199,-0.5716414653008123,0.5675648976757277,False
2025-11-24,daily_fx,r_fx,500,4,0.9153981912020854,-0.6195874817324651,0.5355294104585728,False
2025-11-25,daily_fx,r_fx,500,4,0.9160014195698175,-0.615222163096646,0.5384080131020679,False
2025-11-26,daily_fx,r_fx,500,4,0.9112829653950439,-0.6523912106164198,0.5141488329577202,False
2025-11-27,daily_fx,r_fx,500,4,0.9061772918823272,-0.6925764041864119,0.4885754223461314,False
2025-11-28,daily_fx,r_fx,500,4,0.9076983094274533,-0.6814196214904046,0.49560601074388533,False
2025-12-01,daily_fx,r_fx,500,4,0.9060819730178299,-0.6945806228803343,0.4873181591535074,False
2025-12-02,daily_fx,r_fx,500,4,0.9031378048620984,-0.7187644108864142,0.47228608919041415,False
2025-12-03,daily_fx,r_fx,500,4,0.9024675850247049,-0.7235667598148557,0.46933175460251153,False
2025-12-04,daily_fx,r_fx,500,4,0.9011057969087541,-0.7343446429190525,0.4627387159316436,False
2025-12-05,daily_fx,r_fx,500,4,0.8968766525272158,-0.7684611254118924,0.4422132776310632,False
2025-12-09,daily_fx,r_fx,500,4,0.9016085615985203,-0.7325488046419026,0.463833665665049,False
2025-12-10,daily_fx,r_fx,500,4,0.9082847629267591,-0.6826428402944041,0.49483255663324965,False
2025-12-11,daily_fx,r_fx,500,4,0.9126160550637219,-0.6504608262241034,0.5153945979331571,False
2025-12-12,daily_fx,r_fx,500,4,0.9131953083093296,-0.6468844444411986,0.5177067341327191,False
2025-12-15,daily_fx,r_fx,500,4,0.9138891421200409,-0.6442273712734522,0.5194280042607238,False
2025-12-16,daily_fx,r_fx,500,4,0.9199031605643841,-0.5994273821729205,0.548887921739714,False
2025-12-17,daily_fx,r_fx,500,4,0.9224878863672591,-0.580373136871814,0.5616630164906968,False
2025-12-18,daily_fx,r_fx,500,4,0.9189481654440081,-0.6090282350660288,0.5425057239187554,False
2025-12-19,daily_fx,r_fx,500,4,0.9192528381112849,-0.6077341000628645,0.5433638427437835,False
2025-12-22,daily_fx,r_fx,500,4,0.9269007013385705,-0.5506890561361931,0.5818468480234764,False
2025-12-23,daily_fx,r_fx,500,4,0.9307616094887323,-0.5214974793625271,0.6020202610536756,False
2025-12-24,daily_fx,r_fx,500,4,0.9278290788561346,-0.5449403064782364,0.5857945735675241,False
2025-12-25,daily_fx,r_fx,500,4,0.9287122805721971,-0.5379558150594111,0.5906075533463722,False
2025-12-26,daily_fx,r_fx,500,4,0.9321888056025648,-0.5116040867595882,0.6089281247028455,False
2025-12-29,daily_fx,r_fx,500,4,0.9326370366876321,-0.5085954371738993,0.6110358278952781,False
2025-12-30,daily_fx,r_fx,500,4,0.9312019269428291,-0.5204750776879636,0.602732493968809,False
2026-01-05,daily_fx,r_fx,500,4,0.9253474416523603,-0.5723692162798404,0.5670718664523466,False
2026-01-06,daily_fx,r_fx,500,4,0.9326148914882384,-0.516431913517199,0.6055527811914536,False
2026-01-07,daily_fx,r_fx,500,4,0.9359164582051765,-0.4910661800128453,0.6233796406622818,False
2026-01-08,daily_fx,r_fx,500,4,0.9277232849740249,-0.5573915351634314,0.5772599476890288,False
2026-01-09,daily_fx,r_fx,500,4,0.9310854902613195,-0.5336747340314341,0.5935665926410929,False
2026-01-12,daily_fx,r_fx,500,4,0.9448803176862027,-0.4266854004109247,0.6696084857534861,False
2026-01-13,daily_fx,r_fx,500,4,0.9511253764930969,-0.3783057023256531,0.7052035098171403,False
2026-01-14,daily_fx,r_fx,500,4,0.9462106775378013,-0.41800313867206085,0.6759448224252624,False
2026-01-15,daily_fx,r_fx,500,4,0.9476965285299688,-0.4075395368442684,0.6836117619468423,False
2026-01-16,daily_fx,r_fx,500,4,0.9586687110699788,-0.3222303241602304,0.7472782132681763,False
2026-01-19,daily_fx,r_fx,500,4,0.9670764597824087,-0.2567016946728465,0.7974090632174258,False
2026-01-20,daily_fx,r_fx,500,4,0.9526995554407911,-0.3735495271901775,0.7087394911107818,False
2026-01-21,daily_fx,r_fx,500,4,0.9543466627847242,-0.3604422591747635,0.7185164291102359,False
2026-01-22,daily_fx,r_fx,500,4,0.9614119921888732,-0.30518842584053696,0.7602226470270037,False
2026-01-23,daily_fx,r_fx,500,4,0.9758236724764551,-0.1911972125748949,0.8483710873758368,False
2026-01-26,daily_fx,r_fx,500,4,0.9717329470187179,-0.2244881305771249,0.8223775016823358,False
2026-01-27,daily_fx,r_fx,500,4,0.9719938745327174,-0.222367862343368,0.8240275276745215,False
2026-01-28,daily_fx,r_fx,500,4,0.9705821918290726,-0.23382038560585663,0.8151244227842249,False
2026-01-29,daily_fx,r_fx,500,4,0.9685111128171914,-0.25076141383678485,0.8019985758215395,False
2026-01-30,daily_fx,r_fx,500,4,0.9732777476068358,-0.21294365341540877,0.8313709126452085,False
2026-02-02,daily_fx,r_fx,500,4,0.9796955701908445,-0.16189647486087475,0.8713873788520776,False
2026-02-03,daily_fx,r_fx,500,4,0.9854124368145645,-0.1163180552180791,0.9074004767452144,False
2026-02-04,daily_fx,r_fx,500,4,0.9891380370437982,-0.08656590995678207,0.9310165640582098,False
2026-02-05,daily_fx,r_fx,500,4,0.9909003795116831,-0.0725222130891429,0.9421863285223377,False
2026-02-06,daily_fx,r_fx,500,4,0.9913606348461484,-0.06885647110755745,0.9451038672641192,False
2026-02-09,daily_fx,r_fx,500,4,0.9905457211282325,-0.07539882748072864,0.9398973920907334,False
2026-02-10,daily_fx,r_fx,500,4,0.991890345047371,-0.06468209344816367,0.9484271203208883,False
2026-02-11,daily_fx,r_fx,500,4,0.9933258548104082,-0.053210435929149875,0.9575642407274552,False
2026-02-12,daily_fx,r_fx,500,4,0.9928161640743979,-0.05731706022317624,0.9542926306005737,False
2026-02-13,daily_fx,r_fx,500,4,0.9939364921492118,-0.04833058189754925,0.9614527821951298,False
2026-02-16,daily_fx,r_fx,500,4,0.9928833580039516,-0.05702398176332434,0.9545260915361813,False
2026-02-17,daily_fx,r_fx,500,4,0.9972572254449876,-0.02200034334051067,0.9824476816588721,False
2026-02-18,daily_fx,r_fx,500,4,1.0014782943747063,0.01190318880754545,0.9905028536952938,False
2026-02-19,daily_fx,r_fx,500,4,1.0102288814087237,0.0823557593729398,0.9343638153963194,False
2026-02-20,daily_fx,r_fx,500,4,1.0088300682414006,0.07122158264363669,0.9432214045672649,False
2026-02-23,daily_fx,r_fx,500,4,1.00585185565549,0.04730435638779063,0.9622706560761736,False
2026-02-24,daily_fx,r_fx,500,4,1.0094136223233832,0.07612704244243654,0.9393180258047045,False
2026-02-25,daily_fx,r_fx,500,4,1.006801350194572,0.05518370437096429,0.9559921111801235,False
2026-02-26,daily_fx,r_fx,500,4,1.0027580014273316,0.022446531432656153,0.9820917629735078,False
2026-02-27,daily_fx,r_fx,500,4,1.005810264193025,0.04726285767211636,0.96230373026739,False
2026-03-02,daily_fx,r_fx,500,4,1.0054202381351067,0.04415473978280759,0.9647810592614423,False
2026-03-03,daily_fx,r_fx,500,4,1.0051286805623565,0.04177086251979587,0.9666813630728042,False
2026-03-04,daily_fx,r_fx,500,4,1.00701523656482,0.057153633477218614,0.9544228128720549,False
2026-03-05,daily_fx,r_fx,500,4,1.0065203817491737,0.053178471566112315,0.9575897085412175,False
2026-03-06,daily_fx,r_fx,500,4,1.0065437427795565,0.05334889578285274,0.9574539224406757,False
2026-03-10,daily_fx,r_fx,500,4,1.006002070095531,0.04894096428865402,0.9609663431777506,False
2026-03-11,daily_fx,r_fx,500,4,1.0057336779909152,0.04682369698668542,0.9626537422803052,False
2026-03-12,daily_fx,r_fx,500,4,1.005871820225509,0.04798478226328315,0.9617283706305559,False
2026-03-13,daily_fx,r_fx,500,4,1.006407440310239,0.05243845160469977,0.9581793362988442,False
2026-03-16,daily_fx,r_fx,500,4,1.010168216330422,0.08326472857127666,0.9336410453958148,False
2026-03-17,daily_fx,r_fx,500,4,1.0100785433019766,0.08252973335584217,0.9342254751771608,False
2026-03-18,daily_fx,r_fx,500,4,1.0067233823870716,0.055144859017208975,0.9560230581649474,False
2026-03-19,daily_fx,r_fx,500,4,1.0049644920939753,0.04084214713999861,0.9674217388149722,False
2026-03-24,daily_fx,r_fx,500,4,1.0109108715292943,0.08971481084774488,0.928513846050713,False
2026-03-25,daily_fx,r_fx,500,4,1.0159361793397441,0.1310356884133646,0.895747075523398,False
2026-03-26,daily_fx,r_fx,500,4,1.015639639800905,0.12870809405079614,0.8975886305597691,False
2026-03-27,daily_fx,r_fx,500,4,1.0150647949086051,0.12398728268113318,0.9013253443131284,False
2026-03-30,daily_fx,r_fx,500,4,1.014230951050834,0.11714010009225291,0.9067490331827028,False
2026-03-31,daily_fx,r_fx,500,4,1.0138299426439656,0.11379655345900672,0.9093990707874451,False
2026-04-01,daily_fx,r_fx,500,4,1.0132758446385473,0.1092809347081831,0.9129796679204905,False
2026-04-02,daily_fx,r_fx,500,4,1.0080274345461868,0.06637466230114976,0.947079542262323,False
2026-04-03,daily_fx,r_fx,500,4,1.0088175129401793,0.07286860381419108,0.9419106780296937,False
2026-04-06,daily_fx,r_fx,500,4,1.007620051473888,0.06300321651873121,0.94976394300027,False
2026-04-07,daily_fx,r_fx,500,4,1.0069218513124378,0.0572101733060152,0.9543777743086905,False
2026-04-08,daily_fx,r_fx,500,4,1.0064839587363732,0.053669975160683746,0.9571981046620581,False
2026-04-09,daily_fx,r_fx,500,4,1.0097842147590494,0.08088906565216616,0.9355301758152106,False
2026-04-10,daily_fx,r_fx,500,4,1.0089912061566728,0.07442644223562883,0.9406710692853535,False
2026-04-13,daily_fx,r_fx,500,4,1.0065036029932128,0.05396147252522399,0.956965859965476,False
2026-04-14,daily_fx,r_fx,500,4,1.0072496205524821,0.06022913091787375,0.9519731447060833,False
2026-04-15,daily_fx,r_fx,500,4,1.0099387245927562,0.08257276078603562,0.9341912610334671,False
2026-04-16,daily_fx,r_fx,500,4,1.0051793980603563,0.0431820804794546,0.965556389469205,False
2026-04-17,daily_fx,r_fx,500,4,1.0039692083000613,0.03310957919118567,0.9735872038494007,False
2026-04-20,daily_fx,r_fx,500,4,1.0017035202501312,0.014231253488941931,0.9886454858305258,False
2026-04-21,daily_fx,r_fx,500,4,1.0010153070807704,0.008486539271961278,0.9932288026188139,False
2026-04-22,daily_fx,r_fx,500,4,1.0055162563950877,0.04619692574879397,0.9631532927576363,False
2026-04-23,daily_fx,r_fx,500,4,1.0110697734803396,0.092741408956036,0.9261089991637235,False
2026-04-24,daily_fx,r_fx,500,4,1.0149668021881904,0.12544837572499826,0.9001685922791909,False
2026-04-27,daily_fx,r_fx,500,4,1.01642844758112,0.13769566015223708,0.8904809494252401,False
2026-04-28,daily_fx,r_fx,500,4,1.009312853097693,0.07838392897101501,0.9375226570187984,False
2026-04-29,daily_fx,r_fx,500,4,1.0077019203712692,0.06474415209409473,0.9483777082574696,False
2026-04-30,daily_fx,r_fx,500,4,1.0042013869996886,0.0354088336365711,0.971753740906987,False
2018-09-28,weekly_uci,r_uci,104,4,0.8359003240937473,-0.6282134658572425,0.5298641101116057,False
2018-10-05,weekly_uci,r_uci,104,4,0.7954272680877825,-0.8544311960029213,0.3928661170487451,False
2018-10-12,weekly_uci,r_uci,104,4,0.8231915751345661,-0.7085771547159204,0.4785869173368771,False
2018-10-19,weekly_uci,r_uci,104,4,0.886613892129618,-0.45432723269171776,0.6495933180928273,False
2018-10-26,weekly_uci,r_uci,104,4,0.9281455007356054,-0.2888223766626204,0.772717307418362,False
2018-11-02,weekly_uci,r_uci,104,4,0.9315128459507238,-0.27537381718243265,0.7830290576212351,False
2018-11-09,weekly_uci,r_uci,104,4,0.9143718870475375,-0.3596622335939042,0.7190997377994797,False
2018-11-16,weekly_uci,r_uci,104,4,0.944387696241953,-0.23357634522104184,0.815313893580853,False
2018-11-23,weekly_uci,r_uci,104,4,0.29059125969003163,-8.970929253749189,0.0,True
2018-11-30,weekly_uci,r_uci,104,4,0.5094131001409252,-4.861982122316139,1.1621612119316893e-06,True
2018-12-07,weekly_uci,r_uci,104,4,0.7595944492223503,-2.3783993320537946,0.017387983980879707,True
2018-12-14,weekly_uci,r_uci,104,4,1.011905410564671,0.11773299902014522,0.9062792191676234,False
2018-12-21,weekly_uci,r_uci,104,4,1.0119629634902216,0.11829292823704794,0.9058355605080444,False
2018-12-28,weekly_uci,r_uci,104,4,1.011787710432089,0.11652616038372329,0.9072355543307467,False
2019-01-04,weekly_uci,r_uci,104,4,1.0111009596547251,0.10983853075618963,0.912537432777226,False
2019-01-11,weekly_uci,r_uci,104,4,1.011461516007454,0.1134154571205737,0.909701185769171,False
2019-01-18,weekly_uci,r_uci,104,4,0.2827430223237135,-29.771541171405932,0.0,True
2019-01-25,weekly_uci,r_uci,104,4,0.5035558776436637,-7.308599047941468,2.7000623958883807e-13,True
2019-02-01,weekly_uci,r_uci,104,4,0.7154567243352746,-3.972260285701724,7.119386592657762e-05,True
2019-02-08,weekly_uci,r_uci,104,4,0.9017434592037429,-1.306743969792461,0.19129968006341436,False
2019-02-15,weekly_uci,r_uci,104,4,0.9054785397773885,-1.2557665244676672,0.20920063188974347,False
2019-02-22,weekly_uci,r_uci,104,4,0.9073740567410756,-1.230640259887682,0.21845744059468908,False
2019-03-01,weekly_uci,r_uci,104,4,0.9081591889247629,-1.2164672028103738,0.22380699738412568,False
2019-03-08,weekly_uci,r_uci,104,4,0.9077496868017833,-1.2223185777138192,0.22158717654075377,False
2019-03-15,weekly_uci,r_uci,104,4,0.7549791196669712,-5.006166529531471,5.552472455150337e-07,True
2019-03-22,weekly_uci,r_uci,104,4,0.822797842001528,-3.590977962433466,0.00032943949383046345,True
2019-03-29,weekly_uci,r_uci,104,4,0.892707659255768,-2.1716703641666895,0.029880535426080046,True
2019-04-05,weekly_uci,r_uci,104,4,0.961282084895434,-0.7840887750661018,0.4329880214175308,False
2019-04-12,weekly_uci,r_uci,104,4,0.9613814297825247,-0.7849140650070824,0.4325039549796581,False
2019-04-19,weekly_uci,r_uci,104,4,0.7443122033705778,-9.590189779699374,0.0,True
2019-04-26,weekly_uci,r_uci,104,4,0.8306787084721922,-6.342739967653481,2.257143361106273e-10,True
2019-05-03,weekly_uci,r_uci,104,4,0.6340165453700007,-1.5174195726416766,0.1291607853758594,False
2019-05-10,weekly_uci,r_uci,104,4,0.6340604354789315,-1.5170103603798504,0.12926406829682313,False
2019-05-17,weekly_uci,r_uci,104,4,0.6960026449510099,-1.259953821872029,0.20768602113254975,False
2019-05-24,weekly_uci,r_uci,104,4,0.7589297266366684,-0.9990883918897684,0.31775187389748005,False
2019-05-31,weekly_uci,r_uci,104,4,0.758600103459595,-1.0009611235700997,0.3168456038521785,False
2019-06-07,weekly_uci,r_uci,104,4,0.7585308268425051,-1.0012728528581187,0.31669491363617164,False
2019-06-14,weekly_uci,r_uci,104,4,0.7586078697558932,-1.0007643511083648,0.3169407480471338,False
2019-06-21,weekly_uci,r_uci,104,4,0.7587466536165398,-1.0001533560636646,0.31723629819793286,False
2019-06-28,weekly_uci,r_uci,104,4,0.7587405113578357,-1.0001816467020885,0.3172226094786432,False
2019-07-05,weekly_uci,r_uci,104,4,0.7586542232464183,-1.0008963779574485,0.31687690783716516,False
2019-07-12,weekly_uci,r_uci,104,4,0.7587516081174261,-1.0005181704482857,0.3170598086746068,False
2019-07-19,weekly_uci,r_uci,104,4,0.7588397417386864,-1.0001140568890587,0.3172553141545411,False
2019-07-26,weekly_uci,r_uci,104,4,0.7589094156554496,-0.9997953461954665,0.3174095584561345,False
2019-08-02,weekly_uci,r_uci,104,4,0.7588991702237751,-0.9998198612696896,0.3173976923130293,False
2019-08-09,weekly_uci,r_uci,104,4,0.7587808185334362,-1.000371896748628,0.31713056507778115,False
2019-08-16,weekly_uci,r_uci,104,4,0.7587640748244597,-1.0004922335627975,0.31707235426729197,False
2019-08-23,weekly_uci,r_uci,104,4,0.758424781493558,-1.0024584232011973,0.3161222374085706,False
2019-08-30,weekly_uci,r_uci,104,4,0.7584413098011668,-1.0024182611550791,0.31614162609564844,False
2019-09-06,weekly_uci,r_uci,104,4,0.758661637788755,-1.0014538934800161,0.3166074200244977,False
2019-09-13,weekly_uci,r_uci,104,4,0.758906830252434,-1.0005119100175621,0.317062836796115,False
2019-09-20,weekly_uci,r_uci,104,4,0.7589522077134605,-1.000346754048873,0.3171427283002075,False
2019-09-27,weekly_uci,r_uci,104,4,0.7589271803384662,-1.0004184935659817,0.3171080238581725,False
2019-10-04,weekly_uci,r_uci,104,4,0.7589094208955907,-1.000571083211801,0.31703421594124204,False
2019-10-11,weekly_uci,r_uci,104,4,0.7588449710374274,-1.000795099025276,0.3169258794581249,False
2019-10-18,weekly_uci,r_uci,104,4,0.7588095970759066,-1.0009886157725907,0.3168323122061305,False
2019-10-25,weekly_uci,r_uci,104,4,0.7587657743517815,-1.00112418483862,0.3167667740236184,False
2019-11-01,weekly_uci,r_uci,104,4,0.758720944967767,-1.0013762428605781,0.3166449452018911,False
2019-11-08,weekly_uci,r_uci,104,4,0.7587218637867459,-1.0014014706553784,0.31663275338254904,False
2019-11-15,weekly_uci,r_uci,104,4,0.7586497591877934,-1.0018197786379093,0.31643064286038314,False
2019-11-22,weekly_uci,r_uci,104,4,0.7587180219995674,-1.00151936679506,0.31657578187775637,False
2019-11-29,weekly_uci,r_uci,104,4,0.7587692578079809,-1.0013372695245624,0.3166637804250878,False
2019-12-06,weekly_uci,r_uci,104,4,0.75861067692091,-1.0020595298089536,0.3163148423803839,False
2019-12-13,weekly_uci,r_uci,104,4,0.7585579641065173,-1.0023700181432489,0.31616491699332316,False
2019-12-20,weekly_uci,r_uci,104,4,0.7584874155514377,-1.0026877019693803,0.3160115654092215,False
2019-12-27,weekly_uci,r_uci,104,4,0.7582411596287129,-1.0040582017910233,0.31535056081303914,False
2020-01-03,weekly_uci,r_uci,104,4,0.7584135044941946,-1.003809140353461,0.31547061783856845,False
2020-01-10,weekly_uci,r_uci,104,4,0.7584457744680125,-1.0035798894183767,0.31558115198578207,False
2020-01-17,weekly_uci,r_uci,104,4,0.7585421777571576,-1.0031248095844891,0.3158006456881819,False
2020-01-24,weekly_uci,r_uci,104,4,0.7584837707973666,-1.003594449683334,0.3155741309462812,False
2020-01-31,weekly_uci,r_uci,104,4,0.7583648684831142,-1.0042429193648614,0.31526153934950996,False
2020-02-07,weekly_uci,r_uci,104,4,0.7581591319110876,-1.0051490220157873,0.31482509789048985,False
2020-02-14,weekly_uci,r_uci,104,4,0.7580418792051772,-1.005611007692502,0.3146027266925917,False
2020-02-21,weekly_uci,r_uci,104,4,0.7580223723089987,-1.0055643068854971,0.3146252008665136,False
2020-02-28,weekly_uci,r_uci,104,4,0.7579427668879667,-1.0059746737057358,0.31442775312352866,False
2020-03-06,weekly_uci,r_uci,104,4,0.7578695824024237,-1.0062654518245107,0.3142878947413257,False
2020-03-13,weekly_uci,r_uci,104,4,0.7578417319545454,-1.0063608611389823,0.3142420137099178,False
2020-03-20,weekly_uci,r_uci,104,4,0.7577386603983574,-1.0066639503930246,0.31409629146672846,False
2020-03-27,weekly_uci,r_uci,104,4,0.7576949990258668,-1.0068613763128176,0.3140013949935341,False
2020-04-03,weekly_uci,r_uci,104,4,0.7575835835709592,-1.007553158447192,0.313669025766945,False
2020-04-10,weekly_uci,r_uci,104,4,0.7576801325409356,-1.0069065345162398,0.3139796915062165,False
2020-04-17,weekly_uci,r_uci,104,4,0.7576287493478756,-1.0071426241923789,0.3138662404964001,False
2020-04-24,weekly_uci,r_uci,104,4,0.7575774859473899,-1.0074195458693955,0.3137332023679753,False
2020-05-01,weekly_uci,r_uci,104,4,0.7573595774844056,-1.0086901920864804,0.3131232369758119,False
2020-05-08,weekly_uci,r_uci,104,4,0.7573830186207976,-1.0085328803241542,0.31319871108068,False
2020-05-15,weekly_uci,r_uci,104,4,0.7574797886841659,-1.0081236043765018,0.3133951271756459,False
2020-05-22,weekly_uci,r_uci,104,4,0.757551567240324,-1.007879615323071,0.3135122588104271,False
2020-05-29,weekly_uci,r_uci,104,4,0.7574730289030313,-1.0083235822664265,0.3132991454274554,False
2020-06-05,weekly_uci,r_uci,104,4,0.7574260742512148,-1.0083548893533316,0.3132841209735995,False
2020-06-12,weekly_uci,r_uci,104,4,0.7572733140584682,-1.008945502872589,0.3130007709691516,False
2020-06-19,weekly_uci,r_uci,104,4,0.7570334643323989,-1.0100518342476226,0.3124704567907326,False
2020-06-26,weekly_uci,r_uci,104,4,0.7569433395058406,-1.0103412687678988,0.3123318156046637,False
2020-07-03,weekly_uci,r_uci,104,4,0.7570684409962323,-1.0095974541203359,0.31268818986313107,False
2020-07-10,weekly_uci,r_uci,104,4,0.7571682619079642,-1.0090931263791527,0.3129299741681013,False
2020-07-17,weekly_uci,r_uci,104,4,0.7571824450511857,-1.0091305503326002,0.31291202818580954,False
2020-07-24,weekly_uci,r_uci,104,4,0.7572329924267904,-1.0090465709100562,0.3129522999500778,False
2020-07-31,weekly_uci,r_uci,104,4,0.7573082262745355,-1.0085780244049705,0.3131770508959979,False
2020-08-07,weekly_uci,r_uci,104,4,0.7574194951937016,-1.0081214525374396,0.3133961600814359,False
2020-08-14,weekly_uci,r_uci,104,4,0.7574179397371661,-1.0081384459128047,0.31338800314033355,False
2020-08-21,weekly_uci,r_uci,104,4,0.757200523840891,-1.0091902874886476,0.31288338371372904,False
2020-08-28,weekly_uci,r_uci,104,4,0.7571682799174433,-1.009348490253092,0.31280753249090565,False
2020-09-04,weekly_uci,r_uci,104,4,0.7571462859905481,-1.009402743119742,0.31278152343160226,False
2020-09-11,weekly_uci,r_uci,104,4,0.7571455806689875,-1.0094464344599838,0.3127605786491907,False
2020-09-18,weekly_uci,r_uci,104,4,0.7571338651006329,-1.0094640639192782,0.31275212768936633,False
2020-09-25,weekly_uci,r_uci,104,4,0.757137676791353,-1.0094332712722642,0.3127668887292461,False
2020-10-02,weekly_uci,r_uci,104,4,0.7571835115281856,-1.0093069622350874,0.31282744216501923,False
2020-10-09,weekly_uci,r_uci,104,4,0.7571961921065609,-1.0092632264240078,0.3128484112181118,False
2020-10-16,weekly_uci,r_uci,104,4,0.7570627317956369,-1.0098473082084158,0.3125684506560238,False
2020-10-23,weekly_uci,r_uci,104,4,0.7569343252743693,-1.0104871386728946,0.31226195824956493,False
2020-10-30,weekly_uci,r_uci,104,4,0.7547001270025788,-1.0197357887278473,0.3078537834996342,False
2020-11-06,weekly_uci,r_uci,104,4,0.7521435864452961,-1.0302397163791952,0.30289749000156974,False
2020-11-13,weekly_uci,r_uci,104,4,0.7489286131812005,-1.043710111116869,0.29661953038530386,False
2020-11-20,weekly_uci,r_uci,104,4,0.7553841146571751,-1.004500131444843,0.31513760790753786,False
2020-11-27,weekly_uci,r_uci,104,4,0.7555483737169335,-1.0038551555809205,0.3154484344991575,False
2020-12-04,weekly_uci,r_uci,104,4,0.7556064910099275,-1.0035939485778116,0.31557437258040366,False
2020-12-11,weekly_uci,r_uci,104,4,0.7556237113692984,-1.0035503715803453,0.3155953859637557,False
2020-12-18,weekly_uci,r_uci,104,4,0.7555575222187638,-1.0040171192552978,0.31537036208042735,False
2020-12-25,weekly_uci,r_uci,104,4,0.658402541601086,-1.4030721608573282,0.1605953217733549,False
2021-01-01,weekly_uci,r_uci,104,4,0.5661699202845245,-1.781925611286887,0.07476136337657202,False
2021-01-08,weekly_uci,r_uci,104,4,0.4738290376529026,-2.1618343443140398,0.030630947194877578,True
2021-01-15,weekly_uci,r_uci,104,4,0.6322117914158076,-0.9314336544629017,0.3516292888697916,False
2021-01-22,weekly_uci,r_uci,104,4,0.6319170267151238,-0.9318037860183692,0.3514379376810184,False
2021-01-29,weekly_uci,r_uci,104,4,0.6312570805324919,-0.9346047654621552,0.34999202222812764,False
2021-02-05,weekly_uci,r_uci,104,4,0.6319648019999983,-0.9326836005265309,0.3509833546468446,False
2021-02-12,weekly_uci,r_uci,104,4,0.6328245814155261,-0.9388475203433445,0.34780903676934427,False
2021-02-19,weekly_uci,r_uci,104,4,0.596430174022995,-1.0687521270352789,0.2851813761428983,False
2021-02-26,weekly_uci,r_uci,104,4,0.5980926301395719,-1.102999975079168,0.270027175974783,False
2021-03-05,weekly_uci,r_uci,104,4,0.5873779553136955,-1.1387403764045905,0.2548114567655435,False
2021-03-12,weekly_uci,r_uci,104,4,0.6667833506970542,-0.7630260368197531,0.4454478681545475,False
2021-03-19,weekly_uci,r_uci,104,4,0.664242959998581,-0.7715972291593578,0.44035301589100184,False
2021-03-26,weekly_uci,r_uci,104,4,0.5889827657351617,-0.9569748222970965,0.33857996330221285,False
2021-04-02,weekly_uci,r_uci,104,4,0.5045337768004818,-1.1557676289671623,0.24777621718180565,False
2021-04-09,weekly_uci,r_uci,104,4,0.5212289289494776,-1.1189231046341765,0.2631729452102154,False
2021-04-16,weekly_uci,r_uci,104,4,0.917979441725262,-0.4192682502814583,0.675020097517699,False
2021-04-23,weekly_uci,r_uci,104,4,0.7331884101713542,-1.3686176594222579,0.17111882095624242,False
2021-04-30,weekly_uci,r_uci,104,4,1.7923475228129133,1.2577449296720593,0.20848401769731728,False
2021-05-07,weekly_uci,r_uci,104,4,1.790541988889669,1.255340304300004,0.20935524988091814,False
2021-05-14,weekly_uci,r_uci,104,4,1.7923832945131242,1.2571597793809552,0.20869578417894186,False
2021-05-21,weekly_uci,r_uci,104,4,1.7859717131948731,1.2533078957706145,0.2100936760394212,False
2021-05-28,weekly_uci,r_uci,104,4,1.7907945228519244,1.2636155423804358,0.20636805227485522,False
2021-06-04,weekly_uci,r_uci,104,4,1.800898657691648,1.279780034648029,0.20062250748374844,False
2021-06-11,weekly_uci,r_uci,104,4,1.8102032607003402,1.2947864735193493,0.19539389945284324,False
2021-06-18,weekly_uci,r_uci,104,4,1.8144573797412293,1.301546177027038,0.1930715692550362,False
2021-06-25,weekly_uci,r_uci,104,4,1.8125834810812584,1.300393020766396,0.19346630074971793,False
2021-07-02,weekly_uci,r_uci,104,4,1.684925369143631,1.1906989131346413,0.23377180475667814,False
2021-07-09,weekly_uci,r_uci,104,4,1.6980943560252884,1.2138690251269353,0.22479774279104947,False
2021-07-16,weekly_uci,r_uci,104,4,1.6840871433516047,1.198285009142642,0.23080608057120733,False
2021-07-23,weekly_uci,r_uci,104,4,1.691745673448128,1.217039812551389,0.2235890685612043,False
2021-07-30,weekly_uci,r_uci,104,4,1.690484305400362,1.2160408468492248,0.22396936229063247,False
2021-08-06,weekly_uci,r_uci,104,4,1.692111076616931,1.219972302025483,0.22247537499619963,False
2021-08-13,weekly_uci,r_uci,104,4,1.6927189374395455,1.222741406373363,0.2214273824750097,False
2021-08-20,weekly_uci,r_uci,104,4,1.696414572086069,1.225398367434132,0.22042516175158644,False
2021-08-27,weekly_uci,r_uci,104,4,1.6849723294209993,1.2117346473675277,0.22561397185021503,False
2021-09-03,weekly_uci,r_uci,104,4,1.678515668218244,1.206613107780238,0.22758117637844855,False
2021-09-10,weekly_uci,r_uci,104,4,1.6871018464205332,1.2218956156974243,0.22174710365130545,False
2021-09-17,weekly_uci,r_uci,104,4,1.6952054698638135,1.2415399439701351,0.2144063517476691,False
2021-09-24,weekly_uci,r_uci,104,4,1.699933115439875,1.2516621657610445,0.21069299184167267,False
2021-10-01,weekly_uci,r_uci,104,4,1.6857673950972345,1.2378496881628953,0.21577180047636002,False
2021-10-08,weekly_uci,r_uci,104,4,1.6842410324136556,1.2393292855308868,0.2152235775420248,False
2021-10-15,weekly_uci,r_uci,104,4,1.6855343507580078,1.2429064241733825,0.21390231811962424,False
2021-10-22,weekly_uci,r_uci,104,4,1.6903802970784496,1.2518179068040363,0.21063622361748657,False
2021-10-29,weekly_uci,r_uci,104,4,1.6900625938460712,1.2524856030399178,0.21039297112134703,False
2021-11-05,weekly_uci,r_uci,104,4,1.689925420745699,1.252258214929137,0.21047578943746137,False
2021-11-12,weekly_uci,r_uci,104,4,1.6587796703403492,1.216836049057458,0.22366660125185622,False
2021-11-19,weekly_uci,r_uci,104,4,1.6536813422358003,1.2126211129100999,0.22527471302513846,False
2021-11-26,weekly_uci,r_uci,104,4,1.549788297880908,1.0938860045057657,0.27400497765685383,False
2021-12-03,weekly_uci,r_uci,104,4,1.4656232142503287,0.9956676472878156,0.3194116545142598,False
2021-12-10,weekly_uci,r_uci,104,4,1.55601803840359,1.1887066012941714,0.23455514204165429,False
2021-12-17,weekly_uci,r_uci,104,4,1.6300931829488583,1.3470667857945386,0.1779587241524978,False
2021-12-24,weekly_uci,r_uci,104,4,1.64974510139933,1.387377115543583,0.1653267993861942,False
2021-12-31,weekly_uci,r_uci,104,4,1.6487373126694107,1.3854090959404064,0.16592741125255372,False
2022-01-07,weekly_uci,r_uci,104,4,1.6535269482753336,1.3940054440840344,0.16331596067113896,False
2022-01-14,weekly_uci,r_uci,104,4,1.6528167680342578,1.3942614261318538,0.16323867473898335,False
2022-01-21,weekly_uci,r_uci,104,4,1.652506239664374,1.3926491189952122,0.16372592183935986,False
2022-01-28,weekly_uci,r_uci,104,4,1.6497483846887184,1.3876128824263065,0.16525495654334477,False
2022-02-04,weekly_uci,r_uci,104,4,1.6486000033325285,1.3886907700950717,0.16492680205829058,False
2022-02-11,weekly_uci,r_uci,104,4,1.6512504491196116,1.393365964025032,0.16350915260697563,False
2022-02-18,weekly_uci,r_uci,104,4,1.622895954459737,1.353249385490384,0.17597597295155087,False
2022-02-25,weekly_uci,r_uci,104,4,1.623998843849836,1.3556684566748585,0.17520467996968225,False
2022-03-04,weekly_uci,r_uci,104,4,1.6299945613866733,1.3688054116882296,0.17106010882476985,False
2022-03-11,weekly_uci,r_uci,104,4,1.6341113599228725,1.3850104759616726,0.1660492640949338,False
2022-03-18,weekly_uci,r_uci,104,4,1.6388371167421876,1.395356565655556,0.16290834225312967,False
2022-03-25,weekly_uci,r_uci,104,4,1.642462918785845,1.4033249576887947,0.16051995913196082,False
2022-04-01,weekly_uci,r_uci,104,4,1.6382190709533138,1.399606041526097,0.1616313238116689,False
2022-04-08,weekly_uci,r_uci,104,4,1.638288300520939,1.3997266840434097,0.16159517993835282,False
2022-04-15,weekly_uci,r_uci,104,4,1.5938567993232586,1.3552141666395134,0.17534933241239292,False
2022-04-22,weekly_uci,r_uci,104,4,1.0239739778810655,0.07766200759219231,0.9380969163399733,False
2022-04-29,weekly_uci,r_uci,104,4,1.0769050249999392,0.2484019395714579,0.803823433041726,False
2022-05-06,weekly_uci,r_uci,104,4,1.1305689801076682,0.4215721318495093,0.6733373510925205,False
2022-05-13,weekly_uci,r_uci,104,4,1.1681780753150952,0.5502072500514702,0.5821772314158729,False
2022-05-20,weekly_uci,r_uci,104,4,1.1680289747683517,0.5497192365884337,0.5825119606168352,False
2022-05-27,weekly_uci,r_uci,104,4,1.1361624826977763,0.4543832694616419,0.6495529920541547,False
2022-06-03,weekly_uci,r_uci,104,4,1.131908233155173,0.44226562169435896,0.6582970050559995,False
2022-06-10,weekly_uci,r_uci,104,4,1.1386959031701194,0.46503856944639005,0.641903836388461,False
2022-06-17,weekly_uci,r_uci,104,4,1.1416768357902878,0.474923501185622,0.6348414999316625,False
2022-06-24,weekly_uci,r_uci,104,4,1.1404044571912237,0.4705966686003722,0.6379287870883676,False
2022-07-01,weekly_uci,r_uci,104,4,1.137101357853112,0.4619336560327331,0.6441288977033746,False
2022-07-08,weekly_uci,r_uci,104,4,1.1372903921350088,0.46307086040000356,0.6433135760878208,False
2022-07-15,weekly_uci,r_uci,104,4,1.1001969417374555,0.3485111517712546,0.7274563402623795,False
2022-07-22,weekly_uci,r_uci,104,4,1.060969080838517,0.21729177346677037,0.8279809677697898,False
2022-07-29,weekly_uci,r_uci,104,4,1.060240717860497,0.21461360352936903,0.8300685869797695,False
2022-08-05,weekly_uci,r_uci,104,4,1.0595879566006867,0.21255389117906717,0.831674939040441,False
2022-08-12,weekly_uci,r_uci,104,4,1.0632667453600269,0.22554857393008754,0.8215525421523084,False
2022-08-19,weekly_uci,r_uci,104,4,1.0597843511238574,0.21452573969440106,0.8301370967839177,False
2022-08-26,weekly_uci,r_uci,104,4,1.0239151301441962,0.0884101458848229,0.9295506976247838,False
2022-09-02,weekly_uci,r_uci,104,4,0.9825694580970427,-0.06639256680291869,0.9470652879791956,False
2022-09-09,weekly_uci,r_uci,104,4,1.0479528541682201,0.17736072139376116,0.8592250579337706,False
2022-09-16,weekly_uci,r_uci,104,4,1.1886774043747392,0.6959837087649949,0.4864390322558809,False
2022-09-23,weekly_uci,r_uci,104,4,1.2944104012757272,1.0938051996911016,0.2740404231494953,False
2022-09-30,weekly_uci,r_uci,104,4,1.259933250103782,0.9892730684835879,0.32252955696941354,False
2022-10-07,weekly_uci,r_uci,104,4,1.2431257879180544,0.9290989845300897,0.35283779069192134,False
2022-10-14,weekly_uci,r_uci,104,4,1.2318104207126848,0.8899927728786362,0.3734697667243583,False
2022-10-21,weekly_uci,r_uci,104,4,1.228812472911182,0.8794997075238121,0.37913039162500217,False
2022-10-28,weekly_uci,r_uci,104,4,1.2304573561481995,0.8879766602559213,0.3745533061317423,False
2022-11-04,weekly_uci,r_uci,104,4,1.2268942537756804,0.8766041654111904,0.3807016759361317,False
2022-11-11,weekly_uci,r_uci,104,4,1.2222764832757875,0.8649771674119577,0.3870513209055755,False
2022-11-18,weekly_uci,r_uci,104,4,1.2131254057154512,0.8350396875226331,0.4036953630729827,False
2022-11-25,weekly_uci,r_uci,104,4,1.2106260397723663,0.8258573444136132,0.40888502004459104,False
2022-12-02,weekly_uci,r_uci,104,4,1.2042045996176367,0.8051178465389862,0.4207516781368832,False
2022-12-09,weekly_uci,r_uci,104,4,1.2079056417754075,0.8197173538788733,0.4123772546855382,False
2022-12-16,weekly_uci,r_uci,104,4,1.2076586106238458,0.8193963445792166,0.4125603198217309,False
2022-12-23,weekly_uci,r_uci,104,4,1.2109918192245939,0.8361901991766085,0.4030479111744394,False
2022-12-30,weekly_uci,r_uci,104,4,1.2142229377644262,0.8495436840316108,0.3955788333286827,False
2023-01-06,weekly_uci,r_uci,104,4,1.2172401931582792,0.8627144298425217,0.38829449666941507,False
2023-01-13,weekly_uci,r_uci,104,4,1.213062309862227,0.8475208317891748,0.3967048807232738,False
2023-01-20,weekly_uci,r_uci,104,4,1.1918130187486116,0.7650597086908754,0.4442359906877069,False
2023-01-27,weekly_uci,r_uci,104,4,1.124481614963559,0.49735283610646186,0.6189402586044341,False
2023-02-03,weekly_uci,r_uci,104,4,0.9680251105652177,-0.12836723923200388,0.8978583559348403,False
2023-02-10,weekly_uci,r_uci,104,4,0.8927155771476271,-0.43974484880735326,0.6601219159871947,False
2023-02-17,weekly_uci,r_uci,104,4,0.9318231510722105,-0.31233209393205735,0.7547881517147423,False
2023-02-24,weekly_uci,r_uci,104,4,1.0253780443617055,0.11586878255682675,0.9077565369264233,False
2023-03-03,weekly_uci,r_uci,104,4,1.0040981360345607,0.018459933054854532,0.9852719409048043,False
2023-03-10,weekly_uci,r_uci,104,4,0.9981375806282787,-0.00831309784183379,0.9933671839759732,False
2023-03-17,weekly_uci,r_uci,104,4,0.9954799679378306,-0.02011783502776522,0.9839493727296724,False
2023-03-24,weekly_uci,r_uci,104,4,0.9984470916551419,-0.006767755763148563,0.9946001533864259,False
2023-03-31,weekly_uci,r_uci,104,4,0.9979837963098491,-0.008769930369720383,0.9930026976545105,False
2023-04-07,weekly_uci,r_uci,104,4,1.0014726160565062,0.006386212590842964,0.9949045742068474,False
2023-04-14,weekly_uci,r_uci,104,4,1.0028280942829189,0.01225649320302835,0.9902209781410916,False
2023-04-21,weekly_uci,r_uci,104,4,0.9943815151330188,-0.024799495831310303,0.9802148932041748,False
2023-04-28,weekly_uci,r_uci,104,4,1.0042520964248445,0.01878454983385869,0.9850129790960971,False
2023-05-05,weekly_uci,r_uci,104,4,1.0134624090830757,0.05945648859991751,0.9525885211988123,False
2023-05-12,weekly_uci,r_uci,104,4,1.0233828437596417,0.1042098963388924,0.9170027805920267,False
2023-05-19,weekly_uci,r_uci,104,4,1.0300940441555588,0.13383125871871263,0.8935360086534847,False
2023-05-26,weekly_uci,r_uci,104,4,1.0361126111089902,0.16036602904843197,0.8725927481433278,False
2023-06-02,weekly_uci,r_uci,104,4,1.042597554954649,0.1891467176489248,0.8499778268940601,False
2023-06-09,weekly_uci,r_uci,104,4,1.0389196694458471,0.17282668310017277,0.8627876625555932,False
2023-06-16,weekly_uci,r_uci,104,4,1.033277575873352,0.14794349186818362,0.8823873642963418,False
2023-06-23,weekly_uci,r_uci,104,4,1.032122690198558,0.14273047310966158,0.8865030490472581,False
2023-06-30,weekly_uci,r_uci,104,4,1.0536949747593722,0.2332372822654948,0.8155771569861945,False
2023-07-07,weekly_uci,r_uci,104,4,1.0565457966025282,0.24562285738224107,0.8059741935580464,False
2023-07-14,weekly_uci,r_uci,104,4,1.0608698539237686,0.2634410385580551,0.7922106631504378,False
2023-07-21,weekly_uci,r_uci,104,4,1.0411479410631217,0.18186658349751544,0.8556874296178616,False
2023-07-28,weekly_uci,r_uci,104,4,1.0433465018521124,0.19154256107206843,0.8481005388515181,False
2023-08-04,weekly_uci,r_uci,104,4,1.048708446037917,0.2157064261579393,0.8292165917913057,False
2023-08-11,weekly_uci,r_uci,104,4,1.0563544229651856,0.24952841554134822,0.8029520634685239,False
2023-08-18,weekly_uci,r_uci,104,4,1.0524821096217878,0.23262260734095105,0.8160544707225823,False
2023-08-25,weekly_uci,r_uci,104,4,1.0487800089365344,0.21623516466996348,0.8288044444345342,False
2023-09-01,weekly_uci,r_uci,104,4,1.0463583074931277,0.2055346418773687,0.8371544354831026,False
2023-09-08,weekly_uci,r_uci,104,4,1.0470613107282396,0.20860041772104604,0.8347601844545687,False
2023-09-15,weekly_uci,r_uci,104,4,1.0475704203622496,0.21041372929266433,0.8333447780796459,False
2023-09-22,weekly_uci,r_uci,104,4,1.0456374088470022,0.20199787657693566,0.8399183842118481,False
2023-09-29,weekly_uci,r_uci,104,4,1.0468029304744053,0.20661962155604566,0.8363069351394452,False
2023-10-06,weekly_uci,r_uci,104,4,1.047421164141615,0.2091314644295847,0.8343456126770188,False
2023-10-13,weekly_uci,r_uci,104,4,1.0477003434035563,0.21024543478911312,0.8334761201076759,False
2023-10-20,weekly_uci,r_uci,104,4,1.047291538909941,0.2087390725967169,0.8346519364371285,False
2023-10-27,weekly_uci,r_uci,104,4,1.045289266472764,0.20039029317122034,0.8411753504564143,False
2023-11-03,weekly_uci,r_uci,104,4,1.0388574075464607,0.172414816134855,0.8631114250083509,False
2023-11-10,weekly_uci,r_uci,104,4,1.0067483231370984,0.03008394198127046,0.9760001073777125,False
2023-11-17,weekly_uci,r_uci,104,4,0.9628264997665393,-0.1658002141575965,0.8683141775820993,False
2023-11-24,weekly_uci,r_uci,104,4,0.9502067259879018,-0.2227572156729667,0.8237244682723277,False
2023-12-01,weekly_uci,r_uci,104,4,0.9817034383141259,-0.07831983530252594,0.9375736396353145,False
2023-12-08,weekly_uci,r_uci,104,4,0.9826515770275693,-0.07427648905145494,0.9407903843642722,False
2023-12-15,weekly_uci,r_uci,104,4,0.9840328141666421,-0.06836278064005166,0.9454968492344014,False
2023-12-22,weekly_uci,r_uci,104,4,0.9858361586906379,-0.06066914121911442,0.9516227081330044,False
2023-12-29,weekly_uci,r_uci,104,4,0.9874359529547992,-0.053756502284075615,0.9571291655265632,False
2024-01-05,weekly_uci,r_uci,104,4,0.9854842177202999,-0.062159440053077296,0.9504358621463003,False
2024-01-12,weekly_uci,r_uci,104,4,0.9826726017094547,-0.07417095857001176,0.9408743538863942,False
2024-01-19,weekly_uci,r_uci,104,4,0.9800417636294825,-0.0854342896453787,0.9319161336111059,False
2024-01-26,weekly_uci,r_uci,104,4,0.9809773197135793,-0.0814366817988578,0.9350946781181797,False
2024-02-02,weekly_uci,r_uci,104,4,0.9828486895342711,-0.07331146991932418,0.9415582645864238,False
2024-02-09,weekly_uci,r_uci,104,4,0.9820429041562899,-0.07675804898627327,0.9388160242922561,False
2024-02-16,weekly_uci,r_uci,104,4,0.9845268750892578,-0.06565669880689957,0.9476511473318481,False
2024-02-23,weekly_uci,r_uci,104,4,0.9837172991524626,-0.06910018725002913,0.9449098719824462,False
2024-03-01,weekly_uci,r_uci,104,4,0.9825280530385802,-0.07417939961429804,0.9408676374098026,False
2024-03-08,weekly_uci,r_uci,104,4,0.984516096813071,-0.06558007427291146,0.9477121533839052,False
2024-03-15,weekly_uci,r_uci,104,4,0.9840669262022516,-0.06746327468723709,0.9462128979444338,False
2024-03-22,weekly_uci,r_uci,104,4,0.9729190882949835,-0.11466907096282297,0.9087074299748537,False
2024-03-29,weekly_uci,r_uci,104,4,0.9434834606461255,-0.23940178012670812,0.8107940497947581,False
2024-04-05,weekly_uci,r_uci,104,4,0.9067450742959048,-0.39507546810662364,0.6927871929167004,False
2024-04-12,weekly_uci,r_uci,104,4,0.8876946811965474,-0.5528412846704327,0.5803720958696856,False
2024-04-19,weekly_uci,r_uci,104,4,1.245455410435523,0.817349230282182,0.4137288804060182,False
2024-04-26,weekly_uci,r_uci,104,4,1.24212900326362,0.8064238676798409,0.41999848944553,False
2024-05-03,weekly_uci,r_uci,104,4,1.2387736078376412,0.7948257784193532,0.4267148535162164,False
2024-05-10,weekly_uci,r_uci,104,4,1.2688597987108752,0.8841067430184085,0.3766385935283969,False
2024-05-17,weekly_uci,r_uci,104,4,1.264426456424914,0.867725187058608,0.3855447940415724,False
2024-05-24,weekly_uci,r_uci,104,4,1.3129710777950432,0.9816017729342623,0.326296073713336,False
2024-05-31,weekly_uci,r_uci,104,4,1.317573483509513,0.9940454778876665,0.3202007272662548,False
2024-06-07,weekly_uci,r_uci,104,4,1.3096693253367881,0.9777262171242308,0.3282097515088309,False
2024-06-14,weekly_uci,r_uci,104,4,1.3082935562119113,0.9751374090299675,0.32949210450173516,False
2024-06-21,weekly_uci,r_uci,104,4,1.3019078049375996,0.9517267057479674,0.3412356017991378,False
2024-06-28,weekly_uci,r_uci,104,4,1.303906693393968,0.9577641618194258,0.3381816945552161,False
2024-07-05,weekly_uci,r_uci,104,4,1.3040805766360093,0.9607408464043444,0.3366824879170016,False
2024-07-12,weekly_uci,r_uci,104,4,1.3821259870676657,1.171941206630797,0.24122066166250566,False
2024-07-19,weekly_uci,r_uci,104,4,1.4587950134301173,1.340839852209287,0.1799724541012091,False
2024-07-26,weekly_uci,r_uci,104,4,1.4601804083131475,1.3425570761311894,0.17941543717462527,False
2024-08-02,weekly_uci,r_uci,104,4,1.446112620154909,1.3043451333489078,0.19211593327225351,False
2024-08-09,weekly_uci,r_uci,104,4,1.332201750604065,0.9687254422593728,0.3326821949076768,False
2024-08-16,weekly_uci,r_uci,104,4,1.1329465638124008,0.39296617742312734,0.6943444624809125,False
2024-08-23,weekly_uci,r_uci,104,4,0.8633553725498901,-0.4514507068387409,0.6516647444445056,False
2024-08-30,weekly_uci,r_uci,104,4,0.6950829653652604,-1.0846835752600972,0.2780618248822171,False
2024-09-06,weekly_uci,r_uci,104,4,0.7239640495801459,-0.9740659595891598,0.3300237899499874,False
2024-09-13,weekly_uci,r_uci,104,4,0.7064801538893042,-1.0609134684196577,0.2887292278639091,False
2024-09-20,weekly_uci,r_uci,104,4,0.7616120383366461,-0.9649456653373439,0.3345720272304662,False
2024-09-27,weekly_uci,r_uci,104,4,0.8633593400179582,-0.6456792667800912,0.5184870905537307,False
2024-10-04,weekly_uci,r_uci,104,4,0.8990201906329989,-0.48848825468477447,0.6252040431229224,False
2024-10-11,weekly_uci,r_uci,104,4,0.9310600114929958,-0.33335050842953756,0.7388697172141523,False
2024-10-18,weekly_uci,r_uci,104,4,0.8920734769920917,-0.5238052549858097,0.6004139980147774,False
2024-10-25,weekly_uci,r_uci,104,4,0.9121171971178633,-0.4301127501855806,0.6671136256273875,False
2024-11-01,weekly_uci,r_uci,104,4,0.9188728334157344,-0.4008174338560978,0.6885545423048756,False
2024-11-08,weekly_uci,r_uci,104,4,0.9863841009146213,-0.06854463095510542,0.9453520932302586,False
2024-11-15,weekly_uci,r_uci,104,4,1.0152747863783451,0.07605368523157809,0.939376387197135,False
2024-11-22,weekly_uci,r_uci,104,4,1.0345372551878165,0.1713711759737913,0.8639319177284603,False
2024-11-29,weekly_uci,r_uci,104,4,1.028187696256366,0.13695144139402388,0.891069177507323,False
2024-12-06,weekly_uci,r_uci,104,4,1.015737781353176,0.0765312396402634,0.9389964612087602,False
2024-12-13,weekly_uci,r_uci,104,4,0.9961595499196213,-0.018616388276701548,0.9851471291474221,False
2024-12-20,weekly_uci,r_uci,104,4,1.0106650991350505,0.05084599114860716,0.9594482426127224,False
2024-12-27,weekly_uci,r_uci,104,4,0.9959430196080705,-0.01937223950223071,0.984544155920005,False
2025-01-03,weekly_uci,r_uci,104,4,0.9948105008219447,-0.024818153683101203,0.9802000109728395,False
2025-01-10,weekly_uci,r_uci,104,4,1.0152520315477884,0.07390763213428664,0.9410838828956662,False
2025-01-17,weekly_uci,r_uci,104,4,1.0517075184436062,0.25123193242750125,0.8016347975839169,False
2025-01-24,weekly_uci,r_uci,104,4,1.065843947108669,0.3169115669308867,0.7513107049448569,False
2025-01-31,weekly_uci,r_uci,104,4,1.0072750000926416,0.03479307543253663,0.9722447422944736,False
2025-02-07,weekly_uci,r_uci,104,4,0.921817367550129,-0.3797810208895446,0.704107971806307,False
2025-02-14,weekly_uci,r_uci,104,4,0.8330792912185911,-0.818438066809445,0.41310709276592994,False
2025-02-21,weekly_uci,r_uci,104,4,0.9959625334044916,-0.02087706684650497,0.9833437206423359,False
2025-02-28,weekly_uci,r_uci,104,4,1.0412393775194977,0.2075544429641136,0.8355768788816325,False
2025-03-07,weekly_uci,r_uci,104,4,1.0592148366013343,0.2937863295054406,0.7689211818391748,False
2025-03-14,weekly_uci,r_uci,104,4,1.0584868834218297,0.29011160185341195,0.7717308603139421,False
2025-03-21,weekly_uci,r_uci,104,4,1.0516722400324445,0.2577725390879715,0.7965824590656136,False
2025-03-28,weekly_uci,r_uci,104,4,0.9816560053637129,-0.09177289225896358,0.9268784819942466,False
2025-04-04,weekly_uci,r_uci,104,4,0.8983954055458133,-0.5082201898203923,0.6112989333205672,False
2025-04-11,weekly_uci,r_uci,104,4,0.8169527287932533,-0.9174218523152714,0.35892162613411993,False
2025-04-18,weekly_uci,r_uci,104,4,0.7573400891349413,-1.1649672486211051,0.24403225029666675,False
2025-04-25,weekly_uci,r_uci,104,4,0.7038231699933182,-1.429657912578373,0.15281522529348202,False
2025-05-02,weekly_uci,r_uci,104,4,0.6381539932983755,-1.7542745700268465,0.0793834710088046,False
2025-05-09,weekly_uci,r_uci,104,4,0.6343326602388238,-1.620885603368941,0.10504217496952228,False
2025-05-16,weekly_uci,r_uci,104,4,0.6307393257528133,-1.6351934622750037,0.1020084982412015,False
2025-05-23,weekly_uci,r_uci,104,4,0.6233493559099015,-1.6514305033112895,0.09865070056244529,False
2025-05-30,weekly_uci,r_uci,104,4,0.6170013094879092,-1.6797944080081637,0.09299732354704626,False
2025-06-06,weekly_uci,r_uci,104,4,0.589782973629316,-1.8020241831746329,0.07154160084381567,False
2025-06-13,weekly_uci,r_uci,104,4,0.5660033414206322,-1.8864564855342882,0.05923346695647003,False
2025-06-20,weekly_uci,r_uci,104,4,0.5550526818630687,-1.9431998254885057,0.051992019179757154,False
2025-06-27,weekly_uci,r_uci,104,4,0.5561616293922013,-1.9047352046553985,0.056814500323185246,False
2025-07-04,weekly_uci,r_uci,104,4,0.5142941800088507,-2.0869292391641805,0.03689453138364951,True
2025-07-11,weekly_uci,r_uci,104,4,0.4143378154528449,-2.5395073606888374,0.011100870939543261,True
2025-07-18,weekly_uci,r_uci,104,4,0.41835119214707006,-2.3223059453182424,0.020216467650571834,True
2025-07-25,weekly_uci,r_uci,104,4,0.42797677697845865,-2.290555760393115,0.021989120090209813,True
2025-08-01,weekly_uci,r_uci,104,4,0.41998574197398714,-2.228928985011277,0.025818630213449323,True
2025-08-08,weekly_uci,r_uci,104,4,0.4200428225849098,-2.2317540585277555,0.02563122222739178,True
2025-08-15,weekly_uci,r_uci,104,4,0.4225238598839473,-2.2261431710234447,0.02600459304519598,True
2025-08-22,weekly_uci,r_uci,104,4,0.4326262381092996,-2.205007950919539,0.027453536604508777,True
2025-08-29,weekly_uci,r_uci,104,4,0.44587689201056563,-2.0782070673026705,0.037690291454192115,True
2025-09-05,weekly_uci,r_uci,104,4,0.4704172242876852,-2.002191295911042,0.04526416146540524,True
2025-09-12,weekly_uci,r_uci,104,4,0.5078342054555806,-1.8602052992786393,0.06285648560319457,False
2025-09-19,weekly_uci,r_uci,104,4,0.5402184289386515,-1.7198148075805402,0.0854661101034968,False
2025-09-26,weekly_uci,r_uci,104,4,0.5127784468896,-1.8247981849618984,0.06803148987513463,False
2025-10-03,weekly_uci,r_uci,104,4,0.5123777539731253,-1.8254009818501709,0.06794054125414228,False
2025-10-10,weekly_uci,r_uci,104,4,0.49409734561111385,-1.8937170310590898,0.05826257949027047,False
2025-10-17,weekly_uci,r_uci,104,4,0.5012591129555982,-1.9234824994220272,0.05441948226726878,False
2025-10-24,weekly_uci,r_uci,104,4,0.4767046917955407,-2.248685271988109,0.02453252686668228,True
2025-10-31,weekly_uci,r_uci,104,4,0.4995241335158419,-3.0834785789312624,0.0020459583894238964,True
2025-11-07,weekly_uci,r_uci,104,4,0.5794934012307484,-2.214111605807826,0.026821102461197288,True
2025-11-14,weekly_uci,r_uci,104,4,0.5642839390662079,-2.2915233444215968,0.02193316328989825,True
2025-11-21,weekly_uci,r_uci,104,4,0.5430951698658542,-2.4089177433227045,0.01599990366344195,True
2025-11-28,weekly_uci,r_uci,104,4,0.5107442729571658,-2.523087020672804,0.011632960995029196,True
2025-12-05,weekly_uci,r_uci,104,4,0.4874025141279679,-2.617920726340521,0.008846735471828682,True
2025-12-12,weekly_uci,r_uci,104,4,0.4939479708449361,-2.5689100959976456,0.010201892109333643,True
2025-12-19,weekly_uci,r_uci,104,4,0.4989415454663312,-2.5179237758825512,0.01180488651475109,True
2025-12-26,weekly_uci,r_uci,104,4,0.48297523011946786,-2.624093157631398,0.008688001866350437,True
2026-01-02,weekly_uci,r_uci,104,4,0.48299820924634285,-2.617991311002781,0.008844905730396091,True
2026-01-09,weekly_uci,r_uci,104,4,0.5005490679180614,-2.524859382130491,0.011574459220779598,True
2026-01-16,weekly_uci,r_uci,104,4,0.548387083747031,-2.3270811707166628,0.01996094547003313,True
2026-01-23,weekly_uci,r_uci,104,4,0.5961069888300047,-2.0665858790340383,0.03877319253261868,True
2026-01-30,weekly_uci,r_uci,104,4,0.61174074636745,-1.9706078684682273,0.04876874592804592,True
2026-02-06,weekly_uci,r_uci,104,4,0.6048411706115425,-2.019840953789842,0.04339988759623026,True
2026-02-13,weekly_uci,r_uci,104,4,0.5922806571621295,-2.103217723828544,0.035446741661016024,True
2026-02-20,weekly_uci,r_uci,104,4,0.5884169614242946,-2.128813516616226,0.0332696921787512,True
2026-02-27,weekly_uci,r_uci,104,4,0.5939777185971254,-2.13955901930425,0.032390421466673036,True
2026-03-06,weekly_uci,r_uci,104,4,0.6839489050329702,-1.614567005930674,0.10640449533656748,False
2026-03-13,weekly_uci,r_uci,104,4,0.7889326154194238,-1.0469833262059138,0.2951072684245948,False
2026-03-20,weekly_uci,r_uci,104,4,0.8728427338179323,-0.624434861900711,0.532342036122671,False
2026-03-27,weekly_uci,r_uci,104,4,0.8321433142969586,-0.820521304775625,0.41191898906432156,False
2026-04-03,weekly_uci,r_uci,104,4,0.8054869264904586,-0.9397684247943762,0.34733635839118904,False
2026-04-10,weekly_uci,r_uci,104,4,0.7970896669027607,-0.9775300076446977,0.32830682935028,False
2026-04-17,weekly_uci,r_uci,104,4,0.7979304369611859,-0.9751727174820481,0.32947459283517055,False
2026-04-24,weekly_uci,r_uci,104,4,0.8164204407807782,-0.886829782474543,0.3751705504686589,False
2026-05-01,weekly_uci,r_uci,104,4,0.7582080444791255,-1.2329001612735202,0.21761301528566146,False
2018-09-28,weekly_fx,r_fx,104,4,1.0068470888440504,0.21310154862581093,0.8312477567590868,False
2018-10-05,weekly_fx,r_fx,104,4,1.0063605913175648,0.19575926020874013,0.8447985986896214,False
2018-10-12,weekly_fx,r_fx,104,4,1.0058158636531929,0.17931773986140198,0.8576882182148655,False
2018-10-19,weekly_fx,r_fx,104,4,1.0057336054667239,0.17646560309419218,0.8599281693523142,False
2018-10-26,weekly_fx,r_fx,104,4,1.0057979577812421,0.17834585719960083,0.8584513672057341,False
2018-11-02,weekly_fx,r_fx,104,4,1.006160458887638,0.19045194741214763,0.8489549943580412,False
2018-11-09,weekly_fx,r_fx,104,4,1.0064742215495242,0.2011025239449435,0.8406184084893582,False
2018-11-16,weekly_fx,r_fx,104,4,1.006844830139866,0.2134007451340909,0.8310143993567756,False
2018-11-23,weekly_fx,r_fx,104,4,1.0071974951582938,0.22567181756843957,0.8214566789823006,False
2018-11-30,weekly_fx,r_fx,104,4,1.0075659334883968,0.23805539914025123,0.811838126697529,False
2018-12-07,weekly_fx,r_fx,104,4,1.007895677814658,0.24950192605802396,0.8029725512264951,False
2018-12-14,weekly_fx,r_fx,104,4,1.008215988504434,0.2613589614616115,0.7938157014174323,False
2018-12-21,weekly_fx,r_fx,104,4,1.0085455396360368,0.2731165118011333,0.7847636544978831,False
2018-12-28,weekly_fx,r_fx,104,4,1.0088798582540084,0.28510038411335037,0.7755672357784755,False
2019-01-04,weekly_fx,r_fx,104,4,1.009215147621457,0.2973957343921535,0.7661643999140404,False
2019-01-11,weekly_fx,r_fx,104,4,1.0095088878163447,0.30828762971748913,0.7578634780218281,False
2019-01-18,weekly_fx,r_fx,104,4,1.0097683268021589,0.3173970561223444,0.7509423407036129,False
2019-01-25,weekly_fx,r_fx,104,4,1.009932200727071,0.3233182131176035,0.7464542620310597,False
2019-02-01,weekly_fx,r_fx,104,4,1.0100374187412149,0.32736248424249687,0.7433937378282565,False
2019-02-08,weekly_fx,r_fx,104,4,1.010219574048884,0.33305630641306,0.7390917806417665,False
2019-02-15,weekly_fx,r_fx,104,4,1.0104618724266312,0.3420704148487878,0.7322979014346658,False
2019-02-22,weekly_fx,r_fx,104,4,1.0108390117777917,0.35627559074803034,0.7216341873646772,False
2019-03-01,weekly_fx,r_fx,104,4,1.0114295628377492,0.3770025232082875,0.706171729789157,False
2019-03-08,weekly_fx,r_fx,104,4,1.0120950229397034,0.4014508605073431,0.6880882099718186,False
2019-03-15,weekly_fx,r_fx,104,4,1.0126913403709379,0.4243812403671507,0.6712877997366777,False
2019-03-22,weekly_fx,r_fx,104,4,1.0131935275774728,0.44792034411432313,0.6542106854224685,False
2019-03-29,weekly_fx,r_fx,104,4,1.0137042592578218,0.4718250623149954,0.6370516604070555,False
2019-04-05,weekly_fx,r_fx,104,4,1.0140721914496185,0.4901777050849275,0.6240081557953956,False
2019-04-12,weekly_fx,r_fx,104,4,1.0143413187871109,0.5051705895483244,0.6134390252249151,False
2019-04-19,weekly_fx,r_fx,104,4,1.0145824056393615,0.5214167320629196,0.6020764980259785,False
2019-04-26,weekly_fx,r_fx,104,4,1.0148542949537591,0.5402431351478253,0.5890293686883195,False
2019-05-03,weekly_fx,r_fx,104,4,1.015261352634134,0.5597507784521157,0.5756494414779114,False
2019-05-10,weekly_fx,r_fx,104,4,1.015787056454911,0.5839108876094304,0.5592802676846913,False
2019-05-17,weekly_fx,r_fx,104,4,1.0163044246650208,0.6077023821791943,0.5433848828112087,False
2019-05-24,weekly_fx,r_fx,104,4,1.0167088916027944,0.6279742439903437,0.5300208126166246,False
2019-05-31,weekly_fx,r_fx,104,4,1.017101100020708,0.6463133982729762,0.5180764125991988,False
2019-06-07,weekly_fx,r_fx,104,4,1.017403087147168,0.6615819302790766,0.5082391912034943,False
2019-06-14,weekly_fx,r_fx,104,4,1.0176414196203545,0.6752869919589836,0.4994934467506358,False
2019-06-21,weekly_fx,r_fx,104,4,1.0178703455603615,0.6889256008685711,0.4908700879205714,False
2019-06-28,weekly_fx,r_fx,104,4,1.018118193857422,0.7014990743789143,0.4829916120754605,False
2019-07-05,weekly_fx,r_fx,104,4,1.0183683618208073,0.7161532463651701,0.47389672855763587,False
2019-07-12,weekly_fx,r_fx,104,4,1.018586104153645,0.730695537199321,0.4649651420855867,False
2019-07-19,weekly_fx,r_fx,104,4,1.018847309246389,0.7466258626788141,0.45528943245076925,False
2019-07-26,weekly_fx,r_fx,104,4,1.0191501316456388,0.7607580400823044,0.4468016008893776,False
2019-08-02,weekly_fx,r_fx,104,4,1.0193624456003338,0.7711820455705276,0.4405990348158526,False
2019-08-09,weekly_fx,r_fx,104,4,1.0194809855667084,0.7783135741090589,0.43638417510112415,False
2019-08-16,weekly_fx,r_fx,104,4,1.0172910569936342,0.6658361479967638,0.505515837020474,False
2019-08-23,weekly_fx,r_fx,104,4,1.0172845966623831,0.6410361731405677,0.5214991812457057,False
2019-08-30,weekly_fx,r_fx,104,4,1.0184405270600545,0.6896468976471513,0.4904162675125936,False
2019-09-06,weekly_fx,r_fx,104,4,1.0194721852373558,0.732893690350677,0.46362327175937335,False
2019-09-13,weekly_fx,r_fx,104,4,0.7671657822175175,-8.824081861982123,0.0,True
2019-09-20,weekly_fx,r_fx,104,4,0.5160975694830502,-18.482893610747546,0.0,True
2019-09-27,weekly_fx,r_fx,104,4,0.26646419604717136,-28.3071334869565,0.0,True
2019-10-04,weekly_fx,r_fx,104,4,2.0457577933669135,1.973354241330338,0.048455217111205595,True
2019-10-11,weekly_fx,r_fx,104,4,2.03656854063715,1.9568084324161767,0.05036999530346886,False
2019-10-18,weekly_fx,r_fx,104,4,2.033756631624777,1.9506340700948925,0.05110059130872835,False
2019-10-25,weekly_fx,r_fx,104,4,2.03127091027815,1.945041819294801,0.05176994532433943,False
2019-11-01,weekly_fx,r_fx,104,4,2.0330919259439337,1.9482324792051398,0.05138715216935874,False
2019-11-08,weekly_fx,r_fx,104,4,2.0354749540759904,1.9513710816188257,0.05101291894615567,False
2019-11-15,weekly_fx,r_fx,104,4,2.0344370757759216,1.9513174755976515,0.05101929148401285,False
2019-11-22,weekly_fx,r_fx,104,4,2.03261820577892,1.9477021242803652,0.05145061578931087,False
2019-11-29,weekly_fx,r_fx,104,4,2.0293523595496366,1.9421652403300014,0.05211709959739497,False
2019-12-06,weekly_fx,r_fx,104,4,2.03281978679697,1.9476281214469355,0.05145947637010306,False
2019-12-13,weekly_fx,r_fx,104,4,2.0326817793488217,1.9498315350906401,0.051196201575135936,False
2019-12-20,weekly_fx,r_fx,104,4,2.0301022384878413,1.944629728954897,0.05181955858598153,False
2019-12-27,weekly_fx,r_fx,104,4,2.0255703789043187,1.9383215375580338,0.05258400636167204,False
2020-01-03,weekly_fx,r_fx,104,4,2.0264919750421884,1.9410159682319281,0.052256340538978874,False
2020-01-10,weekly_fx,r_fx,104,4,2.033402556783161,1.95376907259563,0.05072853338105854,False
2020-01-17,weekly_fx,r_fx,104,4,2.037486568815409,1.9573965684349297,0.050300861636359606,False
2020-01-24,weekly_fx,r_fx,104,4,2.0367873258179126,1.956458232908087,0.05041119804012162,False
2020-01-31,weekly_fx,r_fx,104,4,2.036990647501935,1.9574973013911248,0.050289028752607656,False
2020-02-07,weekly_fx,r_fx,104,4,2.02984647281825,1.9465199626621108,0.05159231237110573,False
2020-02-14,weekly_fx,r_fx,104,4,2.030859827093428,1.9481871054244264,0.05139257914697759,False
2020-02-21,weekly_fx,r_fx,104,4,2.028691012534188,1.9448699431812106,0.05179063336749978,False
2020-02-28,weekly_fx,r_fx,104,4,2.0293535216407257,1.946304717151061,0.05161814730086123,False
2020-03-06,weekly_fx,r_fx,104,4,2.023426098122561,1.936007959686577,0.05286672610394616,False
2020-03-13,weekly_fx,r_fx,104,4,2.0215747604543766,1.9326043676405344,0.053284953979291005,False
2020-03-20,weekly_fx,r_fx,104,4,2.0113809534442826,1.9137416407277548,0.055653175605939964,False
2020-03-27,weekly_fx,r_fx,104,4,2.0041688334647363,1.895068236926793,0.058083362048610754,False
2020-04-03,weekly_fx,r_fx,104,4,1.9894529449986618,1.8687587876094522,0.0616563809756796,False
2020-04-10,weekly_fx,r_fx,104,4,1.9983714988823786,1.8722673263914367,0.06116962870502429,False
2020-04-17,weekly_fx,r_fx,104,4,1.2710663390753782,0.9021332333879977,0.36698609676099814,False
2020-04-24,weekly_fx,r_fx,104,4,1.3828214339318736,1.2736187181262355,0.2027985752492334,False
2020-05-01,weekly_fx,r_fx,104,4,1.4721264766681443,1.5661258032103453,0.11731916841877599,False
2020-05-08,weekly_fx,r_fx,104,4,1.5425262461520193,1.798446696135578,0.07210624849576774,False
2020-05-15,weekly_fx,r_fx,104,4,1.5314397094954664,1.7563594747714695,0.07902704789505721,False
2020-05-22,weekly_fx,r_fx,104,4,1.517850012283315,1.7080808105297147,0.08762134900445129,False
2020-05-29,weekly_fx,r_fx,104,4,1.5013473361017777,1.6524607434195688,0.09844066145875541,False
2020-06-05,weekly_fx,r_fx,104,4,1.492387338510055,1.6165088746796077,0.1059843361970676,False
2020-06-12,weekly_fx,r_fx,104,4,1.4847104880163908,1.585386441451461,0.11287855983600759,False
2020-06-19,weekly_fx,r_fx,104,4,1.4726577391755973,1.5425804123394142,0.12293261361332863,False
2020-06-26,weekly_fx,r_fx,104,4,1.4573152177050237,1.4917731894988722,0.1357586146677816,False
2020-07-03,weekly_fx,r_fx,104,4,1.4479998358463355,1.4583282642570716,0.14475008315017823,False
2020-07-10,weekly_fx,r_fx,104,4,1.4477057513803895,1.4517275615294907,0.14657737257268222,False
2020-07-17,weekly_fx,r_fx,104,4,1.4481168428476248,1.4487096797103525,0.14741867611247272,False
2020-07-24,weekly_fx,r_fx,104,4,1.4467219183164663,1.4440813859873751,0.14871608339787268,False
2020-07-31,weekly_fx,r_fx,104,4,1.4449638908126599,1.4387224293971508,0.15022918184053236,False
2020-08-07,weekly_fx,r_fx,104,4,1.4481912826519507,1.4481473791532546,0.1475758373965914,False
2020-08-14,weekly_fx,r_fx,104,4,1.4505548311745724,1.4560243114608113,0.14538589905444388,False
2020-08-21,weekly_fx,r_fx,104,4,1.4524385034063203,1.4620451019159828,0.14372885094818622,False
2020-08-28,weekly_fx,r_fx,104,4,1.4374836160968072,1.4129405618824367,0.15767320138274954,False
2020-09-04,weekly_fx,r_fx,104,4,1.4177947322580446,1.3492262907021086,0.1772642926513619,False
2020-09-11,weekly_fx,r_fx,104,4,1.374046231107573,1.2076526669279568,0.22718089178813328,False
2020-09-18,weekly_fx,r_fx,104,4,1.428177951949509,1.2882807398772262,0.19764825509024986,False
2020-09-25,weekly_fx,r_fx,104,4,1.4245811452937935,1.2742724268090266,0.2025668848925566,False
2020-10-02,weekly_fx,r_fx,104,4,1.4468232920277333,1.3101039243095844,0.19016068106288886,False
2020-10-09,weekly_fx,r_fx,104,4,1.44802045676992,1.313740965118036,0.18893339021110656,False
2020-10-16,weekly_fx,r_fx,104,4,1.4485314590168805,1.3143840512520055,0.18871699483187454,False
2020-10-23,weekly_fx,r_fx,104,4,1.4484304167491868,1.3136330254069033,0.1889697293267827,False
2020-10-30,weekly_fx,r_fx,104,4,1.4466252350391464,1.3091445179928474,0.19048540180163887,False
2020-11-06,weekly_fx,r_fx,104,4,1.447873199536431,1.31263139119822,0.1893071865422169,False
2020-11-13,weekly_fx,r_fx,104,4,1.4501873762956636,1.3186568769792544,0.1872838495738316,False
2020-11-20,weekly_fx,r_fx,104,4,1.4520220747543022,1.3240718808592726,0.18547917326604457,False
2020-11-27,weekly_fx,r_fx,104,4,1.452217495085392,1.3243882309890542,0.18537414120615514,False
2020-12-04,weekly_fx,r_fx,104,4,1.451677112843569,1.3225442645736896,0.1859869797352811,False
2020-12-11,weekly_fx,r_fx,104,4,1.4516314289901795,1.3223087482400815,0.18606536084766523,False
2020-12-18,weekly_fx,r_fx,104,4,1.4502558977295252,1.3184499563398109,0.18735306698433174,False
2020-12-25,weekly_fx,r_fx,104,4,1.4491866086596394,1.3151355642925056,0.1884643459894213,False
2021-01-01,weekly_fx,r_fx,104,4,1.4499536965268724,1.3171267793951915,0.18779613199490353,False
2021-01-08,weekly_fx,r_fx,104,4,1.4478075778089123,1.313379380257523,0.18905514209645613,False
2021-01-15,weekly_fx,r_fx,104,4,1.4506143852850826,1.3215978881776071,0.18630208699294304,False
2021-01-22,weekly_fx,r_fx,104,4,1.4516060951422995,1.3245089016562481,0.1853340886810022,False
2021-01-29,weekly_fx,r_fx,104,4,1.4507568250187015,1.3222572904752377,0.18608248952039053,False
2021-02-05,weekly_fx,r_fx,104,4,1.4487094207493942,1.3162879037650599,0.1880774292666807,False
2021-02-12,weekly_fx,r_fx,104,4,1.4444605400489539,1.3039632883158407,0.19224609977255236,False
2021-02-19,weekly_fx,r_fx,104,4,1.4391684798260322,1.2893259557912313,0.1972847910367661,False
2021-02-26,weekly_fx,r_fx,104,4,1.4364454922823855,1.2818118186667278,0.19990866725525525,False
2021-03-05,weekly_fx,r_fx,104,4,1.4284336095177388,1.2667865560803369,0.20523162045920973,False
2021-03-12,weekly_fx,r_fx,104,4,1.4365936146644938,1.2905869356197868,0.19684694855505946,False
2021-03-19,weekly_fx,r_fx,104,4,1.4398213264408912,1.3001696463537071,0.1935428314690255,False
2021-03-26,weekly_fx,r_fx,104,4,1.443109547310239,1.3117045909612444,0.1896198271469185,False
2021-04-02,weekly_fx,r_fx,104,4,1.4434160197571182,1.3118492138073647,0.18957101600427206,False
2021-04-09,weekly_fx,r_fx,104,4,1.448763149331314,1.3253568428264604,0.18505282393829758,False
2021-04-16,weekly_fx,r_fx,104,4,1.4493183657031103,1.3286968786456828,0.18394799514167826,False
2021-04-23,weekly_fx,r_fx,104,4,1.450635519126559,1.3323229073636584,0.1827541028368338,False
2021-04-30,weekly_fx,r_fx,104,4,1.4452813418818942,1.3187575340835136,0.18725018540493932,False
2021-05-07,weekly_fx,r_fx,104,4,1.4440847512902788,1.3161190239470333,0.18813409672933323,False
2021-05-14,weekly_fx,r_fx,104,4,1.4438495956902508,1.3191332316679074,0.187124575047648,False
2021-05-21,weekly_fx,r_fx,104,4,1.442512917270356,1.319871991261909,0.18687776039795878,False
2021-05-28,weekly_fx,r_fx,104,4,1.4404757901666025,1.3130654199599516,0.1891609048753593,False
2021-06-04,weekly_fx,r_fx,104,4,1.4299348013632018,1.286155116013147,0.19838893191438078,False
2021-06-11,weekly_fx,r_fx,104,4,1.4295577455027062,1.2885817357780838,0.19754353638382893,False
2021-06-18,weekly_fx,r_fx,104,4,1.4320663031585965,1.295908276553494,0.19500708745021522,False
2021-06-25,weekly_fx,r_fx,104,4,1.4339037537077144,1.3007863138649811,0.19333160789417025,False
2021-07-02,weekly_fx,r_fx,104,4,1.4345428368675766,1.3031061925195777,0.19253850977994746,False
2021-07-09,weekly_fx,r_fx,104,4,1.4346959328384743,1.3063928530017639,0.1914189950627776,False
2021-07-16,weekly_fx,r_fx,104,4,1.4333681886275362,1.3027937909592522,0.19264517111503254,False
2021-07-23,weekly_fx,r_fx,104,4,1.3295208434471608,0.9930045752251412,0.32070772483996635,False
2021-07-30,weekly_fx,r_fx,104,4,1.066947262994821,0.20160641166841425,0.8402244323692041,False
2021-08-06,weekly_fx,r_fx,104,4,0.8386160090740566,-0.48652512026513345,0.6265948993237966,False
2021-08-13,weekly_fx,r_fx,104,4,0.8346714223551659,-2.621761137948156,0.008747671697769688,True
2021-08-20,weekly_fx,r_fx,104,4,1.043618746184291,0.5473978339745841,0.5841054430567625,False
2021-08-27,weekly_fx,r_fx,104,4,1.0458892298167601,0.5774074810746012,0.5636642216851129,False
2021-09-03,weekly_fx,r_fx,104,4,1.0460911527538226,0.5799910881505306,0.5619206276064674,False
2021-09-10,weekly_fx,r_fx,104,4,1.0480606654996727,0.6050771982310981,0.5451277039528133,False
2021-09-17,weekly_fx,r_fx,104,4,1.0480726695808325,0.6045838077967708,0.5454555681497386,False
2021-09-24,weekly_fx,r_fx,104,4,1.0468045991118877,0.586295342537496,0.5576770603283228,False
2021-10-01,weekly_fx,r_fx,104,4,1.0466890202411723,0.5844146259875188,0.5589413888514652,False
2021-10-08,weekly_fx,r_fx,104,4,1.0473275673764533,0.5924601260959401,0.5535425140930215,False
2021-10-15,weekly_fx,r_fx,104,4,1.0468260650133048,0.5873813589113227,0.5569476105163413,False
2021-10-22,weekly_fx,r_fx,104,4,1.045728362020141,0.5726351475428131,0.5668917565673666,False
2021-10-29,weekly_fx,r_fx,104,4,1.0469332561673228,0.5847344930685757,0.5587262571351579,False
2021-11-05,weekly_fx,r_fx,104,4,1.0479281715694215,0.596328568936558,0.5509557492922674,False
2021-11-12,weekly_fx,r_fx,104,4,1.04475991787051,0.5613747021746575,0.5745421260518693,False
2021-11-19,weekly_fx,r_fx,104,4,1.043708497535198,0.5511775673467637,0.581511956287426,False
2021-11-26,weekly_fx,r_fx,104,4,1.043521468044319,0.5482303645163425,0.5835337350453684,False
2021-12-03,weekly_fx,r_fx,104,4,1.0433901463131023,0.544822565674819,0.5858755571448047,False
2021-12-10,weekly_fx,r_fx,104,4,1.042120652060965,0.526956647738076,0.5982236941736565,False
2021-12-17,weekly_fx,r_fx,104,4,1.0309438328313667,0.3952938994410036,0.6926260011289096,False
2021-12-24,weekly_fx,r_fx,104,4,1.0271498878973404,0.34470287255401333,0.7303177583687113,False
2021-12-31,weekly_fx,r_fx,104,4,1.0279713474368437,0.35749332980198323,0.7207225187906598,False
2022-01-07,weekly_fx,r_fx,104,4,1.0231917855428154,0.2949039559333928,0.7680672498753016,False
2022-01-14,weekly_fx,r_fx,104,4,1.0245968749827201,0.31172281155065007,0.7552511900779142,False
2022-01-21,weekly_fx,r_fx,104,4,1.0204466684655216,0.25835604190362504,0.79613213866883,False
2022-01-28,weekly_fx,r_fx,104,4,1.0167976357288373,0.21040264845909076,0.833353425748216,False
2022-02-04,weekly_fx,r_fx,104,4,1.013827626131121,0.17465106852255383,0.8613538183545884,False
2022-02-11,weekly_fx,r_fx,104,4,1.0115776753708423,0.14671168266803947,0.8833595969569723,False
2022-02-18,weekly_fx,r_fx,104,4,1.0073225662365137,0.09300545316489045,0.9258992290039048,False
2022-02-25,weekly_fx,r_fx,104,4,1.004268941777009,0.05422112669651672,0.9567589887720864,False
2022-03-04,weekly_fx,r_fx,104,4,1.001505983745531,0.01938142396387539,0.9845368291554482,False
2022-03-11,weekly_fx,r_fx,104,4,1.0006707590653898,0.008733607711547227,0.9930316778328052,False
2022-03-18,weekly_fx,r_fx,104,4,0.6842166179224732,-4.94876881134916,7.468439204849631e-07,True
2022-03-25,weekly_fx,r_fx,104,4,0.6546030536003737,-2.532510225215213,0.01132490667098085,True
2022-04-01,weekly_fx,r_fx,104,4,0.5788639049768044,-2.676845265318177,0.007431894879257772,True
2022-04-08,weekly_fx,r_fx,104,4,0.5014535511224931,-3.197581901652623,0.0013858505080592831,True
2022-04-15,weekly_fx,r_fx,104,4,0.759460447215394,-0.9041803078182333,0.36589980025971025,False
2022-04-22,weekly_fx,r_fx,104,4,0.787670633331107,-0.8003992567848864,0.42347951147592866,False
2022-04-29,weekly_fx,r_fx,104,4,0.7946624889995113,-0.8044876674472888,0.42111538890337163,False
2022-05-06,weekly_fx,r_fx,104,4,0.830162048484346,-0.6679333328567039,0.5041761489286083,False
2022-05-13,weekly_fx,r_fx,104,4,0.8504179411511429,-0.5881200677807402,0.556451704178841,False
2022-05-20,weekly_fx,r_fx,104,4,0.8723304489857798,-0.5099941172887857,0.610055583133146,False
2022-05-27,weekly_fx,r_fx,104,4,0.8837843846893438,-0.4670313899317923,0.6404774201363532,False
2022-06-03,weekly_fx,r_fx,104,4,0.8941331824887283,-0.4288618799935874,0.6680237430790681,False
2022-06-10,weekly_fx,r_fx,104,4,0.9113866427196666,-0.35887105568535227,0.7196915534718362,False
2022-06-17,weekly_fx,r_fx,104,4,0.9174656482515107,-0.3371747336844816,0.7359851828357034,False
2022-06-24,weekly_fx,r_fx,104,4,0.9095399999217977,-0.3859565332732322,0.699528860702249,False
2022-07-01,weekly_fx,r_fx,104,4,0.9214032743526901,-0.3349088760805909,0.7376938262498622,False
2022-07-08,weekly_fx,r_fx,104,4,0.9284851596240888,-0.3048731368197091,0.7604627760799454,False
2022-07-15,weekly_fx,r_fx,104,4,0.9279165951599028,-0.3074725295110312,0.7584837292538968,False
2022-07-22,weekly_fx,r_fx,104,4,0.9226784645162942,-0.3326186941850902,0.7394221302238597,False
2022-07-29,weekly_fx,r_fx,104,4,0.9228999735515434,-0.3314739950536089,0.7402864806958944,False
2022-08-05,weekly_fx,r_fx,104,4,0.9226250706957435,-0.3325455744285413,0.7394773323686152,False
2022-08-12,weekly_fx,r_fx,104,4,0.9239969275966748,-0.32672857873114597,0.7438731828115945,False
2022-08-19,weekly_fx,r_fx,104,4,0.9239446437961579,-0.32695715795892955,0.7437002888625441,False
2022-08-26,weekly_fx,r_fx,104,4,0.9227521706338059,-0.33287746861493217,0.7392267778922448,False
2022-09-02,weekly_fx,r_fx,104,4,0.9223108538372531,-0.3347431471899729,0.7378188504952388,False
2022-09-09,weekly_fx,r_fx,104,4,0.9192663520958456,-0.3484923923357073,0.7274704262252416,False
2022-09-16,weekly_fx,r_fx,104,4,0.916631335551625,-0.3610891184705995,0.7180328274797643,False
2022-09-23,weekly_fx,r_fx,104,4,0.9130889342318443,-0.3777508528936021,0.7056156867601029,False
2022-09-30,weekly_fx,r_fx,104,4,0.9142214037125768,-0.3728636117703914,0.7092499557580829,False
2022-10-07,weekly_fx,r_fx,104,4,0.9130055612346911,-0.3788838967181667,0.7047740828198181,False
2022-10-14,weekly_fx,r_fx,104,4,0.9197665735083292,-0.3498544442379753,0.7264479372202068,False
2022-10-21,weekly_fx,r_fx,104,4,0.9236833377840987,-0.33279009765914513,0.739292733532404,False
2022-10-28,weekly_fx,r_fx,104,4,0.9311964646682217,-0.2996821138063202,0.7644196430222818,False
2022-11-04,weekly_fx,r_fx,104,4,0.9243204719478599,-0.332645620815631,0.7394018021607405,False
2022-11-11,weekly_fx,r_fx,104,4,0.9168615122670704,-0.36737684432726403,0.7133379414266245,False
2022-11-18,weekly_fx,r_fx,104,4,0.9169659190265695,-0.3669087839141601,0.7136870591186864,False
2022-11-25,weekly_fx,r_fx,104,4,0.916495812011719,-0.3689401079347177,0.7121723671351887,False
2022-12-02,weekly_fx,r_fx,104,4,0.918941116670786,-0.3583817326860413,0.7200576602355746,False
2022-12-09,weekly_fx,r_fx,104,4,0.9183991350590587,-0.360925547414694,0.718155104971921,False
2022-12-16,weekly_fx,r_fx,104,4,0.9161086580403446,-0.37250225855622643,0.7095189307128087,False
2022-12-23,weekly_fx,r_fx,104,4,0.9162637472301269,-0.3721347663771936,0.709792512370262,False
2022-12-30,weekly_fx,r_fx,104,4,0.9167479274228618,-0.3700472849251671,0.7113472588683127,False
2023-01-06,weekly_fx,r_fx,104,4,0.9139222015289598,-0.3825365598146591,0.7020634163076709,False
2023-01-13,weekly_fx,r_fx,104,4,0.912990535758915,-0.38666290427723193,0.6990057821589719,False
2023-01-20,weekly_fx,r_fx,104,4,0.9128025729407779,-0.388136422308443,0.6979150795532139,False
2023-01-27,weekly_fx,r_fx,104,4,0.9135693942876468,-0.384923598006057,0.7002940217944325,False
2023-02-03,weekly_fx,r_fx,104,4,0.9124362851753149,-0.39115981934262295,0.6956791064186778,False
2023-02-10,weekly_fx,r_fx,104,4,0.9048693959633554,-0.42538490474103563,0.6705561083986347,False
2023-02-17,weekly_fx,r_fx,104,4,0.9052683299267598,-0.4228541489439645,0.6724016775888884,False
2023-02-24,weekly_fx,r_fx,104,4,0.9043985338289859,-0.42758935465423453,0.6689501176562636,False
2023-03-03,weekly_fx,r_fx,104,4,0.9099234746482746,-0.3980299176953683,0.6906081326994473,False
2023-03-10,weekly_fx,r_fx,104,4,0.9088865272330455,-0.40275071532368234,0.6871316208839375,False
2023-03-17,weekly_fx,r_fx,104,4,0.9063640536253889,-0.41369804863768067,0.6790952563653503,False
2023-03-24,weekly_fx,r_fx,104,4,0.905450263576697,-0.41782136335790426,0.6760777300994665,False
2023-03-31,weekly_fx,r_fx,104,4,0.9054668804117709,-0.4169645489592495,0.6767043383253979,False
2023-04-07,weekly_fx,r_fx,104,4,0.9002943030506421,-0.4441521626946198,0.6569325754628488,False
2023-04-14,weekly_fx,r_fx,104,4,0.8996998205010995,-0.4469424373789955,0.6549166220661302,False
2023-04-21,weekly_fx,r_fx,104,4,0.9001735157228865,-0.44518534998638415,0.6561858129439213,False
2023-04-28,weekly_fx,r_fx,104,4,0.9028672367168571,-0.43303120004371737,0.6649921035787982,False
2023-05-05,weekly_fx,r_fx,104,4,0.9000303191476055,-0.44560462921316096,0.6558828660860916,False
2023-05-12,weekly_fx,r_fx,104,4,0.9028913998383099,-0.43215039585561127,0.6656321089457173,False
2023-05-19,weekly_fx,r_fx,104,4,0.9071980171968109,-0.41196105853389287,0.6803679660186068,False
2023-05-26,weekly_fx,r_fx,104,4,0.8982166527939944,-0.4564914081856012,0.6480366477839021,False
2023-06-02,weekly_fx,r_fx,104,4,0.90408285258804,-0.4272676613933791,0.6691843842050798,False
2023-06-09,weekly_fx,r_fx,104,4,0.9086143500781277,-0.40627204476431295,0.6845427234413086,False
2023-06-16,weekly_fx,r_fx,104,4,0.9103576707282891,-0.39807485143445054,0.6905750114605,False
2023-06-23,weekly_fx,r_fx,104,4,0.9106831651652267,-0.3957222483272169,0.6923099407269131,False
2023-06-30,weekly_fx,r_fx,104,4,0.9119399180411035,-0.3902684925097693,0.6963380190970563,False
2023-07-07,weekly_fx,r_fx,104,4,0.9123231143195669,-0.3895433490295263,0.696874249998352,False
2023-07-14,weekly_fx,r_fx,104,4,0.9141023869800344,-0.38168177972641937,0.7026974164263711,False
2023-07-21,weekly_fx,r_fx,104,4,0.923431848882932,-0.33688694468615776,0.7362021272830872,False
2023-07-28,weekly_fx,r_fx,104,4,0.9264321353133882,-0.3237582451314861,0.7461210704542238,False
2023-08-04,weekly_fx,r_fx,104,4,0.9258047934656358,-0.32650368791839296,0.7440432994999993,False
2023-08-11,weekly_fx,r_fx,104,4,0.7899791986720572,-1.1545486227489592,0.24827531632048605,False
2023-08-18,weekly_fx,r_fx,104,4,0.8530842856209478,-0.79941386452223,0.4240504737730939,False
2023-08-25,weekly_fx,r_fx,104,4,0.9050794549095621,-0.5155278113839441,0.6061842404007896,False
2023-09-01,weekly_fx,r_fx,104,4,0.9538729350993019,-0.250281992227176,0.8023692815169166,False
2023-09-08,weekly_fx,r_fx,104,4,0.9525681771232972,-0.25736424168487254,0.7968976043463016,False
2023-09-15,weekly_fx,r_fx,104,4,0.9520586643809579,-0.2601076728365456,0.7947807195144532,False
2023-09-22,weekly_fx,r_fx,104,4,0.9542980931587436,-0.24736085229655547,0.8046289682523426,False
2023-09-29,weekly_fx,r_fx,104,4,0.9530743771522796,-0.2546530272663718,0.7989910991201619,False
2023-10-06,weekly_fx,r_fx,104,4,0.9524886133154603,-0.2571423620088804,0.7970688765712919,False
2023-10-13,weekly_fx,r_fx,104,4,0.951658587993846,-0.2616360560615873,0.7936020433043933,False
2023-10-20,weekly_fx,r_fx,104,4,0.9527046251677296,-0.2553785794297347,0.7984307135491411,False
2023-10-27,weekly_fx,r_fx,104,4,0.9520193939410942,-0.2594094104509313,0.7953193696824257,False
2023-11-03,weekly_fx,r_fx,104,4,0.9521963986759867,-0.25805784290715295,0.7963622663449303,False
2023-11-10,weekly_fx,r_fx,104,4,0.9529184936459575,-0.25403127419445026,0.7994713970943748,False
2023-11-17,weekly_fx,r_fx,104,4,0.9524812916843203,-0.257147506933879,0.7970649050163925,False
2023-11-24,weekly_fx,r_fx,104,4,0.9531469977515181,-0.2529392761050668,0.8003151381278666,False
2023-12-01,weekly_fx,r_fx,104,4,0.9515741990248838,-0.26218611230751565,0.7931779597636299,False
2023-12-08,weekly_fx,r_fx,104,4,0.9519136009581942,-0.2602901725789533,0.7946399525670049,False
2023-12-15,weekly_fx,r_fx,104,4,0.9541807398760622,-0.24774527675545643,0.8043314978638529,False
2023-12-22,weekly_fx,r_fx,104,4,0.9566683343316632,-0.23308556483796833,0.8156949638201816,False
2023-12-29,weekly_fx,r_fx,104,4,0.9542606369068494,-0.24723100278792084,0.8047294531217304,False
2024-01-05,weekly_fx,r_fx,104,4,0.9541970702573624,-0.24648428368916728,0.8053073690196673,False
2024-01-12,weekly_fx,r_fx,104,4,0.9516033488718927,-0.2608452795550235,0.7942118247836327,False
2024-01-19,weekly_fx,r_fx,104,4,0.9515966151794021,-0.260319367079009,0.7946174346861559,False
2024-01-26,weekly_fx,r_fx,104,4,0.9534792225089984,-0.24928388298264234,0.8031411973999276,False
2024-02-02,weekly_fx,r_fx,104,4,0.9540291603539129,-0.24638477284256738,0.8053843924994708,False
2024-02-09,weekly_fx,r_fx,104,4,0.953841278725335,-0.24732135582199638,0.8046595325092918,False
2024-02-16,weekly_fx,r_fx,104,4,0.9528208895705776,-0.25255058412495235,0.8006155203827967,False
2024-02-23,weekly_fx,r_fx,104,4,0.7898775679436095,-1.1247262722716067,0.26070504515955806,False
2024-03-01,weekly_fx,r_fx,104,4,0.6613698132315712,-1.8431119284151771,0.06531267008470487,False
2024-03-08,weekly_fx,r_fx,104,4,0.5858003886607821,-2.3786263781422057,0.01737727909795006,True
2024-03-15,weekly_fx,r_fx,104,4,1.132601599018391,0.9651589044335475,0.33446522703630754,False
2024-03-22,weekly_fx,r_fx,104,4,1.0963726363359179,0.7186695345360676,0.47234455873844694,False
2024-03-29,weekly_fx,r_fx,104,4,1.0860882791049578,0.6328699286957716,0.5268185866361983,False
2024-04-05,weekly_fx,r_fx,104,4,1.0381454637038405,0.28015063934880513,0.7793619349220786,False
2024-04-12,weekly_fx,r_fx,104,4,0.9824411194437114,-0.12980834992270793,0.8967180565317916,False
2024-04-19,weekly_fx,r_fx,104,4,0.9523605000595143,-0.3547894493100776,0.7227473330997014,False
2024-04-26,weekly_fx,r_fx,104,4,0.9352640598550391,-0.4872459641836009,0.6260840357887512,False
2024-05-03,weekly_fx,r_fx,104,4,0.9170333582406262,-0.6226812938907901,0.5334939776527909,False
2024-05-10,weekly_fx,r_fx,104,4,0.8837143399292571,-0.8748825640080368,0.38163780708516537,False
2024-05-17,weekly_fx,r_fx,104,4,0.8724626745511137,-0.9619546825587798,0.3360723683925617,False
2024-05-24,weekly_fx,r_fx,104,4,0.8501814431056071,-1.1327149943766222,0.2573339588073238,False
2024-05-31,weekly_fx,r_fx,104,4,0.7702071731588057,-1.7989209237540384,0.07203119025480298,False
2024-06-07,weekly_fx,r_fx,104,4,0.7417723626551789,-2.019761790394385,0.04340810228504144,True
2024-06-14,weekly_fx,r_fx,104,4,0.740219444937985,-2.2353431564426196,0.02539482885018085,True
2024-06-21,weekly_fx,r_fx,104,4,0.8250404120778588,-1.4015670060909036,0.1610445853016247,False
2024-06-28,weekly_fx,r_fx,104,4,0.8147303107262731,-1.5160679193384092,0.1295021792074038,False
2024-07-05,weekly_fx,r_fx,104,4,0.8294464869814425,-1.3896112966339256,0.1646469435313369,False
2024-07-12,weekly_fx,r_fx,104,4,0.8253139443318537,-1.4224865191469502,0.15488506228805576,False
2024-07-19,weekly_fx,r_fx,104,4,0.8279749657853428,-1.3842942134948952,0.1662683851374278,False
2024-07-26,weekly_fx,r_fx,104,4,0.8268084867700917,-1.3924643821557223,0.163781820131075,False
2024-08-02,weekly_fx,r_fx,104,4,0.8164672016083164,-1.4883095378082385,0.13666928079352147,False
2024-08-09,weekly_fx,r_fx,104,4,0.8098933074479893,-1.5313956237716888,0.12567164501853512,False
2024-08-16,weekly_fx,r_fx,104,4,0.8093331942683853,-1.535831401793354,0.12457973597488725,False
2024-08-23,weekly_fx,r_fx,104,4,0.8114161562930864,-1.5115553769121102,0.13064701088050934,False
2024-08-30,weekly_fx,r_fx,104,4,0.7991039455241071,-1.6327807132699816,0.10251512481597436,False
2024-09-06,weekly_fx,r_fx,104,4,0.7921693136013627,-1.6853318751419404,0.09192455919429832,False
2024-09-13,weekly_fx,r_fx,104,4,0.7971358272905356,-1.6374782673584598,0.10153057627045148,False
2024-09-20,weekly_fx,r_fx,104,4,0.7915595506318291,-1.6781086792242284,0.09332588470100478,False
2024-09-27,weekly_fx,r_fx,104,4,0.7890106015848025,-1.6979865491449728,0.08951030055614373,False
2024-10-04,weekly_fx,r_fx,104,4,0.7837915338074752,-1.7368681594693087,0.08241044475083781,False
2024-10-11,weekly_fx,r_fx,104,4,0.7876083843557395,-1.702790900633323,0.0886072063219816,False
2024-10-18,weekly_fx,r_fx,104,4,0.7867869088559913,-1.7105799192868494,0.087158688538854,False
2024-10-25,weekly_fx,r_fx,104,4,0.7879122911427451,-1.7044018676522734,0.088306035251559,False
2024-11-01,weekly_fx,r_fx,104,4,0.7964479888781063,-1.6511948258658704,0.09869879930366499,False
2024-11-08,weekly_fx,r_fx,104,4,0.8062310982516105,-1.5500658174789579,0.12112571943014716,False
2024-11-15,weekly_fx,r_fx,104,4,0.808342403810078,-1.535654378377928,0.12462316975801024,False
2024-11-22,weekly_fx,r_fx,104,4,0.8066075214409921,-1.551654465715159,0.12074492336359555,False
2024-11-29,weekly_fx,r_fx,104,4,0.8036890670984481,-1.5735011230424025,0.11560282848164682,False
2024-12-06,weekly_fx,r_fx,104,4,0.7974617553401707,-1.6323068753397334,0.10261485559908512,False
2024-12-13,weekly_fx,r_fx,104,4,0.8022861131092148,-1.5834712940792712,0.11331408445063951,False
2024-12-20,weekly_fx,r_fx,104,4,0.8045326484527744,-1.5633798297150643,0.11796328152938984,False
2024-12-27,weekly_fx,r_fx,104,4,0.8034604864354453,-1.5738416056797788,0.1155240726753517,False
2025-01-03,weekly_fx,r_fx,104,4,0.8068827127584315,-1.5402228995438214,0.12350602985349202,False
2025-01-10,weekly_fx,r_fx,104,4,0.8034783562695934,-1.5681500371125303,0.11684612136945338,False
2025-01-17,weekly_fx,r_fx,104,4,0.8062960560770841,-1.541563576307755,0.12317968241434318,False
2025-01-24,weekly_fx,r_fx,104,4,0.807429243309656,-1.5321775145332333,0.12547863566056883,False
2025-01-31,weekly_fx,r_fx,104,4,0.8071641734783679,-1.5361016427968028,0.12451345345312692,False
2025-02-07,weekly_fx,r_fx,104,4,0.8132235268718427,-1.4808081186824578,0.13865771248290648,False
2025-02-14,weekly_fx,r_fx,104,4,0.8131580835035472,-1.4815770349797435,0.13845287332628375,False
2025-02-21,weekly_fx,r_fx,104,4,0.8068198766559878,-1.5610393644159697,0.11851446327295911,False
2025-02-28,weekly_fx,r_fx,104,4,0.8120027509184827,-1.5045739459513512,0.1324336488565705,False
2025-03-07,weekly_fx,r_fx,104,4,0.822875819739367,-1.4122435845081722,0.15787825129697097,False
2025-03-14,weekly_fx,r_fx,104,4,0.8276350066507395,-1.3742558021444444,0.16936228235716522,False
2025-03-21,weekly_fx,r_fx,104,4,0.8315399797333025,-1.3442902965990415,0.17885453212083036,False
2025-03-28,weekly_fx,r_fx,104,4,0.8316743600269929,-1.348326486058388,0.17755339693882566,False
2025-04-04,weekly_fx,r_fx,104,4,0.8414673369690058,-1.2541610254482696,0.20978348288657056,False
2025-04-11,weekly_fx,r_fx,104,4,0.8430591081342002,-1.2415308153426539,0.21440972176858386,False
2025-04-18,weekly_fx,r_fx,104,4,0.8435710971854802,-1.2379179887691634,0.21574647149896853,False
2025-04-25,weekly_fx,r_fx,104,4,0.8432677186854627,-1.2447318186234357,0.2132303458329461,False
2025-05-02,weekly_fx,r_fx,104,4,0.8490205189545454,-1.1957476673843954,0.23179504361784775,False
2025-05-09,weekly_fx,r_fx,104,4,0.8521133948469274,-1.1712486840805016,0.24149883156802776,False
2025-05-16,weekly_fx,r_fx,104,4,0.8442600020947499,-1.238130113512501,0.21566781963047044,False
2025-05-23,weekly_fx,r_fx,104,4,0.8471781844437893,-1.2078191594247538,0.22711683013985873,False
2025-05-30,weekly_fx,r_fx,104,4,0.8226338626999622,-1.3758771699144399,0.16885966447746048,False
2025-06-06,weekly_fx,r_fx,104,4,0.8304367410233557,-1.2815436216908287,0.200002788280365,False
2025-06-13,weekly_fx,r_fx,104,4,0.851954635984582,-1.054212765473388,0.29178551686121756,False
2025-06-20,weekly_fx,r_fx,104,4,0.8954346487198618,-0.658704673952546,0.5100854310193919,False
2025-06-27,weekly_fx,r_fx,104,4,0.925699043685241,-0.46680721450964585,0.640637813722541,False
2025-07-04,weekly_fx,r_fx,104,4,0.9929942236218992,-0.04368823398950823,0.9651529181790732,False
2025-07-11,weekly_fx,r_fx,104,4,0.9887442601714741,-0.07040518406100227,0.9438711652059613,False
2025-07-18,weekly_fx,r_fx,104,4,0.8351675362781419,-1.0307967168918766,0.3026361581893424,False
2025-07-25,weekly_fx,r_fx,104,4,0.6904526394805545,-1.937834527608547,0.05264341383294324,False
2025-08-01,weekly_fx,r_fx,104,4,0.5671178235112739,-3.0082723852334534,0.002627375334785853,True
2025-08-08,weekly_fx,r_fx,104,4,0.8466107655490954,-0.6098376702055024,0.5419693449116285,False
2025-08-15,weekly_fx,r_fx,104,4,0.8563769062982026,-0.5706053705812939,0.5682671771839924,False
2025-08-22,weekly_fx,r_fx,104,4,0.81706444861779,-0.790125525898953,0.42945446388831465,False
2025-08-29,weekly_fx,r_fx,104,4,0.845323659081866,-0.6433253920270228,0.5200129833630798,False
2025-09-05,weekly_fx,r_fx,104,4,0.8701575668004451,-0.5358143640790106,0.5920868538437729,False
2025-09-12,weekly_fx,r_fx,104,4,0.8914733447664517,-0.44770407752945934,0.6543667785177061,False
2025-09-19,weekly_fx,r_fx,104,4,0.8377662124120037,-0.7179614056010113,0.4727810840096769,False
2025-09-26,weekly_fx,r_fx,104,4,0.8773403720667516,-0.5296780125156741,0.5963351951707423,False
2025-10-03,weekly_fx,r_fx,104,4,0.958206140860396,-0.17704760579744033,0.8594709961683051,False
2025-10-10,weekly_fx,r_fx,104,4,1.0603630841203844,0.25465707322646314,0.7989879739056487,False
2025-10-17,weekly_fx,r_fx,104,4,1.0728959151210054,0.3076455940302463,0.7583520226400664,False
2025-10-24,weekly_fx,r_fx,104,4,1.073075195834286,0.3091185657767014,0.7572313368972807,False
2025-10-31,weekly_fx,r_fx,104,4,1.0295985547742992,0.1304694802682954,0.8961949989401905,False
2025-11-07,weekly_fx,r_fx,104,4,1.0455401532755648,0.19967235411695775,0.8417368365707714,False
2025-11-14,weekly_fx,r_fx,104,4,1.0679415285428555,0.29894117040076773,0.7649849331747882,False
2025-11-21,weekly_fx,r_fx,104,4,1.0860970206832585,0.3849012651399885,0.7003105685371127,False
2025-11-28,weekly_fx,r_fx,104,4,1.0935071516077755,0.4172302604289635,0.676509993400807,False
2025-12-05,weekly_fx,r_fx,104,4,1.076503175879587,0.344171810056428,0.7307170810472405,False
2025-12-12,weekly_fx,r_fx,104,4,1.0614463511802208,0.27765555433505473,0.7812767819561934,False
2025-12-19,weekly_fx,r_fx,104,4,1.0696088103787418,0.31515997693959424,0.7526401919662169,False
2025-12-26,weekly_fx,r_fx,104,4,1.0889820967685975,0.4031623937151164,0.6868287628713889,False
2026-01-02,weekly_fx,r_fx,104,4,1.0779273059334489,0.35623178006145184,0.7216669939109361,False
2026-01-09,weekly_fx,r_fx,104,4,1.0665982320433487,0.30344305236975466,0.7615522402575654,False
2026-01-16,weekly_fx,r_fx,104,4,0.9992729121488302,-0.003391439292117238,0.9972940281372056,False
2026-01-23,weekly_fx,r_fx,104,4,0.9091003931673205,-0.3978901072838367,0.6907111925468672,False
2026-01-30,weekly_fx,r_fx,104,4,0.9176112069812444,-0.3534419543929992,0.7237571377208356,False
2026-02-06,weekly_fx,r_fx,104,4,0.9236481728087156,-0.32524619510879754,0.7449947489261854,False
2026-02-13,weekly_fx,r_fx,104,4,1.0003393303663932,0.0014418532093887733,0.998849567983898,False
2026-02-20,weekly_fx,r_fx,104,4,0.9677769209461599,-0.1404304309352679,0.8883199156647257,False
2026-02-27,weekly_fx,r_fx,104,4,0.9644377559858507,-0.15512955920777954,0.8767191793827982,False
2026-03-06,weekly_fx,r_fx,104,4,0.9534727844011106,-0.20344065526195668,0.8387906258517077,False
2026-03-13,weekly_fx,r_fx,104,4,0.944065196273676,-0.24557985859041173,0.8060074823463286,False
2026-03-20,weekly_fx,r_fx,104,4,0.9170794857609776,-0.36798187657301107,0.7128867479088348,False
2026-03-27,weekly_fx,r_fx,104,4,0.9130718019525728,-0.38313158405822706,0.7016222023945291,False
2026-04-03,weekly_fx,r_fx,104,4,0.9202052898301714,-0.34891581505724995,0.7271525117545319,False
2026-04-10,weekly_fx,r_fx,104,4,0.9224796923541492,-0.3412080531191563,0.7329469611731703,False
2026-04-17,weekly_fx,r_fx,104,4,0.9210514397849057,-0.3478467097619378,0.7279553082556585,False
2026-04-24,weekly_fx,r_fx,104,4,0.8890186025491285,-0.511141605644064,0.6092519043786981,False
2026-05-01,weekly_fx,r_fx,104,4,0.8992291653179957,-0.46255770681882175,0.6436814297813058,False
