date,uci,trading_volume,trading_value,usd_uzs,log_uci,log_fx,r_uci,r_fx,zero_return_uci,zero_volume_uci,zero_value_uci,post_reform
2016-08-30,1005.14,0,0.0,2984.45,6.912882114273934,8.001170754243372,0.0,0.0,1,1,1,0
2016-08-31,1005.14,0,0.0,2989.64,6.912882114273934,8.002908257798117,0.0,0.17375035547448903,1,1,1,0
2016-09-04,1005.45,1,6000.0,2989.64,6.913190481472077,8.002908257798117,0.0308367198142534,0.0,0,0,0,0
2016-09-05,1005.45,0,0.0,2989.64,6.913190481472077,8.002908257798117,0.0,0.0,1,1,1,0
2016-09-06,1005.45,0,0.0,2994.76,6.913190481472077,8.004619373782758,0.0,0.17111159846407986,1,1,1,0
2016-09-07,1005.45,0,0.0,2994.76,6.913190481472077,8.004619373782758,0.0,0.0,1,1,1,0
2016-09-08,1005.45,0,0.0,2994.76,6.913190481472077,8.004619373782758,0.0,0.0,1,1,1,0
2016-09-09,1005.45,0,0.0,2994.76,6.913190481472077,8.004619373782758,0.0,0.0,1,1,1,0
2016-09-13,1005.45,0,0.0,2994.76,6.913190481472077,8.004619373782758,0.0,0.0,1,1,1,0
2016-09-14,1005.45,0,0.0,3000.25,6.913190481472077,8.00645089751155,0.0,0.18315237287929165,1,1,1,0
2016-09-15,1005.45,0,0.0,3000.25,6.913190481472077,8.00645089751155,0.0,0.0,1,1,1,0
2016-09-16,1005.45,0,0.0,3000.25,6.913190481472077,8.00645089751155,0.0,0.0,1,1,1,0
2016-09-19,1005.45,126000,63000000.0,3000.25,6.913190481472077,8.00645089751155,0.0,0.0,1,0,0,0
2016-09-20,1005.45,14213,33826940.0,3005.11,6.913190481472077,8.008069451956576,0.0,0.16185544450255662,1,0,0,0
2016-09-21,1005.45,0,0.0,3005.11,6.913190481472077,8.008069451956576,0.0,0.0,1,1,1,0
2016-09-22,1005.45,0,0.0,3005.11,6.913190481472077,8.008069451956576,0.0,0.0,1,1,1,0
2016-09-23,1005.45,0,0.0,3005.11,6.913190481472077,8.008069451956576,0.0,0.0,1,1,1,0
2016-09-26,1005.45,40,400000.0,3005.11,6.913190481472077,8.008069451956576,0.0,0.0,1,0,0,0
2016-09-27,1005.45,49000000,4899999744.0,3010.2,6.913190481472077,8.009761800718262,0.0,0.16923487616864463,1,0,0,0
2016-09-28,1007.3,4489066,529546112.0,3010.2,6.915028762948635,8.009761800718262,0.1838281476558734,0.0,0,0,0,0
2016-09-29,1007.3,324,1296000.0,3010.2,6.915028762948635,8.009761800718262,0.0,0.0,1,0,0,0
2016-09-30,1007.3,0,0.0,3010.2,6.915028762948635,8.009761800718262,0.0,0.0,1,1,1,0
2016-10-03,1007.3,262215,268195830.0,3010.2,6.915028762948635,8.009761800718262,0.0,0.0,1,0,0,0
2016-10-04,1007.3,2910,451050.0,3028.47,6.915028762948635,8.015812820477931,0.0,0.6051019759668819,1,0,0,0
2016-10-05,1007.92,10672,53360000.0,3028.47,6.915644080402374,8.015812820477931,0.06153174537386619,0.0,0,0,0,0
2016-10-06,1007.92,0,0.0,3028.47,6.915644080402374,8.015812820477931,0.0,0.0,1,1,1,0
2016-10-07,1007.92,1620,2031400.0,3028.47,6.915644080402374,8.015812820477931,0.0,0.0,1,0,0,0
2016-10-10,1007.92,123,404670.0,3028.47,6.915644080402374,8.015812820477931,0.0,0.0,1,0,0,0
2016-10-11,1007.92,2852,9383080.0,3046.85,6.915644080402374,8.021863549024344,0.0,0.6050728546412643,1,0,0,0
2016-10-12,1007.92,1805,5938450.0,3046.85,6.915644080402374,8.021863549024344,0.0,0.0,1,0,0,0
2016-10-13,1007.93,2243,6448720.0,3046.85,6.915654001775493,8.021863549024344,0.0009921373118615406,0.0,0,0,0,0
2016-10-14,1007.93,998,3283420.0,3046.85,6.915654001775493,8.021863549024344,0.0,0.0,1,0,0,0
2016-10-17,1007.93,0,0.0,3046.85,6.915654001775493,8.021863549024344,0.0,0.0,1,1,1,0
2016-10-18,1007.93,0,0.0,3065.35,6.915654001775493,8.027917034346766,0.0,0.6053485322421892,1,1,1,0
2016-10-19,1007.95,140040,141440400.0,3065.35,6.915673844226433,8.027917034346766,0.0019842450940110723,0.0,0,0,0,0
2016-10-20,1007.95,11360,11529600.0,3065.35,6.915673844226433,8.027917034346766,0.0,0.0,1,0,0,0
2016-10-21,1007.95,24849,14263500.0,3065.35,6.915673844226433,8.027917034346766,0.0,0.0,1,0,0,0
2016-10-24,1008.3,318287300,1196130220.0,3065.35,6.9160210233991695,8.027917034346766,0.03471791727367446,0.0,0,0,0,0
2016-10-25,1008.19,25328,29815750.0,3083.96,6.915911922932409,8.033969764430495,-0.010910046676038121,0.6052730083728974,0,0,0,0
2016-10-26,1007.86,824321,5754812300.0,3083.96,6.9155845500964706,8.033969764430495,-0.032737283593853306,0.0,0,0,0,0
2016-10-27,1007.86,58999,59588990.0,3083.96,6.9155845500964706,8.033969764430495,0.0,0.0,1,0,0,0
2016-10-28,1007.93,56190,61591600.0,3083.96,6.915654001775493,8.033969764430495,0.006945167902205895,0.0,0,0,0,0
2016-10-31,1008.57,30798122,3093467904.0,3083.96,6.916288765000377,8.033969764430495,0.0634763224883983,0.0,0,0,0,0
2016-11-01,1008.57,17485,102022050.0,3102.18,6.916288765000377,8.039860369132281,0.0,0.5890604701786373,1,0,0,0
2016-11-02,1008.57,652,2608000.0,3102.18,6.916288765000377,8.039860369132281,0.0,0.0,1,0,0,0
2016-11-03,1008.57,503,5030000.0,3102.18,6.916288765000377,8.039860369132281,0.0,0.0,1,0,0,0
2016-11-04,1008.57,6237,12925000.0,3102.18,6.916288765000377,8.039860369132281,0.0,0.0,1,0,0,0
2016-11-07,1008.57,18989,19178890.0,3102.18,6.916288765000377,8.039860369132281,0.0,0.0,1,0,0,0
2016-11-08,1009.74,96520,365018480.8,3120.51,6.917448150953037,8.045751728983609,0.11593859526604078,0.5891359851327493,0,0,0,0
2016-11-09,1009.18,23934,38915254.0,3120.51,6.916893398893162,8.045751728983609,-0.055475205987498555,0.0,0,0,0,0
2016-11-10,1009.18,26662,18667610.0,3120.51,6.916893398893162,8.045751728983609,0.0,0.0,1,0,0,0
2016-11-11,1009.18,4662,10660000.0,3120.51,6.916893398893162,8.045751728983609,0.0,0.0,1,0,0,0
2016-11-14,1009.18,105684,107374720.0,3120.51,6.916893398893162,8.045751728983609,0.0,0.0,1,0,0,0
2016-11-15,1009.18,82498,88286260.0,3138.95,6.916893398893162,8.051643628075396,0.0,0.5891899091787778,1,0,0,0
2016-11-16,1009.13,481388,773059755.0,3138.95,6.9168438524904685,8.051643628075396,-0.004954640269350108,0.0,0,0,0,0
2016-11-17,1009.13,302730,50703500.0,3138.95,6.9168438524904685,8.051643628075396,0.0,0.0,1,0,0,0
2016-11-18,1009.14,12354,6260315.0,3138.95,6.916853761967396,8.051643628075396,0.0009909476927916216,0.0,0,0,0,0
2016-11-21,1009.14,85662,78257610.0,3138.95,6.916853761967396,8.051643628075396,0.0,0.0,1,0,0,0
2016-11-22,1009.14,36864,28941490.0,3157.5,6.916853761967396,8.057535854224646,0.0,0.589222614924978,1,0,0,0
2016-11-23,1009.26,13343197,13284368952.73,3157.5,6.916972668031746,8.057535854224646,0.011890606434938888,0.0,0,0,0,0
2016-11-24,1009.26,9500,26005000.0,3157.5,6.916972668031746,8.057535854224646,0.0,0.0,1,0,0,0
2016-11-25,1009.26,4326,6528704.0,3157.5,6.916972668031746,8.057535854224646,0.0,0.0,1,0,0,0
2016-11-28,1009.48,97104,60380655.0,3157.5,6.917190625768622,8.057535854224646,0.021795773687660613,0.0,0,0,0,0
2016-11-29,1010.6,2206,9947710.0,3176.16,6.918299492857808,8.06342819893186,0.11088670891856722,0.5892344707213226,0,0,0,0
2016-11-30,1010.6,15385,15538850.0,3176.16,6.918299492857808,8.06342819893186,0.0,0.0,1,0,0,0
2016-12-01,1010.6,6914,24301148.0,3176.16,6.918299492857808,8.06342819893186,0.0,0.0,1,0,0,0
2016-12-02,1010.6,129745,27448085.0,3176.16,6.918299492857808,8.06342819893186,0.0,0.0,1,0,0,0
2016-12-05,1010.6,65764,21458045.0,3176.16,6.918299492857808,8.06342819893186,0.0,0.0,1,0,0,0
2016-12-06,1010.6,11973026,166676300.0,3189.93,6.918299492857808,8.067754251964459,0.0,0.4326053032599475,1,0,0,0
2016-12-07,1010.61,35746,74626912.15,3189.93,6.918309387920667,8.067754251964459,0.0009895062858866766,0.0,0,0,0,0
2016-12-09,1010.61,87820,16231820.0,3189.93,6.918309387920667,8.067754251964459,0.0,0.0,1,0,0,0
2016-12-12,1010.61,12500,12625000.0,3189.93,6.918309387920667,8.067754251964459,0.0,0.0,1,0,0,0
2016-12-13,1010.61,17237,17949730.0,3203.7,6.918309387920667,8.07206167084561,0.0,0.43074188811509373,1,0,0,0
2016-12-14,1010.61,296969,73924277.8,3203.7,6.918309387920667,8.07206167084561,0.0,0.0,1,0,0,0
2016-12-15,1010.61,4195,11404990.0,3203.7,6.918309387920667,8.07206167084561,0.0,0.0,1,0,0,0
2016-12-16,1010.5,2238690,277645428.0,3203.7,6.918200536843676,8.07206167084561,-0.010885107699110108,0.0,0,0,0,0
2016-12-19,1010.5,211367,138040230.0,3203.7,6.918200536843676,8.07206167084561,0.0,0.0,1,0,0,0
2016-12-20,1010.5,14092,20192600.0,3217.56,6.918200536843676,8.076378587315057,0.0,0.43169164694472073,1,0,0,0
2016-12-21,1010.61,8400310,113237632.95,3217.56,6.918309387920667,8.076378587315057,0.010885107699110108,0.0,0,0,0,0
2016-12-22,1010.61,44210,75743700.94,3217.56,6.918309387920667,8.076378587315057,0.0,0.0,1,0,0,0
2016-12-23,1010.61,1369,1065225.75,3217.56,6.918309387920667,8.076378587315057,0.0,0.0,1,0,0,0
2016-12-26,1000.36,435146,1262122707.4,3217.56,6.908115214197685,8.076378587315057,-1.0194173722982036,0.0,0,0,0,0
2016-12-27,1000.36,1095513,203018763.0,3231.48,6.908115214197685,8.080695515607518,0.0,0.43169282924608865,1,0,0,0
2016-12-28,1000.88,23730880,2340536241.53,3231.48,6.908634892009145,8.080695515607518,0.05196778114600065,0.0,0,0,0,0
2016-12-29,1000.88,23893,85489154.0,3231.48,6.908634892009145,8.080695515607518,0.0,0.0,1,0,0,0
2016-12-30,1000.88,120618,187548250.0,3231.48,6.908634892009145,8.080695515607518,0.0,0.0,1,0,0,0
2017-01-03,1000.88,52707,48654770.0,3231.48,6.908634892009145,8.080695515607518,0.0,0.0,1,0,0,0
2017-01-04,1000.88,5,477.0,3239.62,6.908634892009145,8.083211317957458,0.0,0.25158023499400883,1,0,0,0
2017-01-05,1000.88,6380,21577160.0,3239.62,6.908634892009145,8.083211317957458,0.0,0.0,1,0,0,0
2017-01-06,1000.88,0,0.0,3239.62,6.908634892009145,8.083211317957458,0.0,0.0,1,1,1,0
2017-01-09,1000.88,17153,17324530.0,3239.62,6.908634892009145,8.083211317957458,0.0,0.0,1,0,0,0
2017-01-10,1000.88,31766,25115410.0,3243.89,6.908634892009145,8.084528505905764,0.0,0.13171879483060422,1,0,0,0
2017-01-11,1001.67,10067,3893163.0,3243.89,6.909423886082683,8.084528505905764,0.07889940735381629,0.0,0,0,0,0
2017-01-12,1000.51,26394,42540000.0,3243.89,6.908265148976337,8.084528505905764,-0.11587371063459528,0.0,0,0,0,0
2017-01-13,1002.77,46671,87919230.0,3243.89,6.910521449602095,8.084528505905764,0.2256300625758101,0.0,0,0,0,0
2017-01-16,1002.77,1007320,18941707.0,3243.89,6.910521449602095,8.084528505905764,0.0,0.0,1,0,0,0
2017-01-17,1002.77,71820,71820.0,3251.06,6.910521449602095,8.086736375993334,0.0,0.2207870087570285,1,0,0,0
2017-01-18,1002.77,0,0.0,3251.06,6.910521449602095,8.086736375993334,0.0,0.0,1,1,1,0
2017-01-19,1002.77,0,0.0,3251.06,6.910521449602095,8.086736375993334,0.0,0.0,1,1,1,0
2017-01-20,1002.77,398174,623833700.0,3251.06,6.910521449602095,8.086736375993334,0.0,0.0,1,0,0,0
2017-01-23,1002.77,1170622,574061250.0,3251.06,6.910521449602095,8.086736375993334,0.0,0.0,1,0,0,0
2017-01-24,1002.77,709101,250289300.0,3265.54,6.910521449602095,8.09118041854039,0.0,0.4444042547055105,1,0,0,0
2017-01-25,1005.68,312475,5844685000.0,3265.54,6.913419208606576,8.09118041854039,0.2897759004480527,0.0,0,0,0,0
2017-01-26,1005.68,770,385000.0,3265.54,6.913419208606576,8.09118041854039,0.0,0.0,1,0,0,0
2017-01-27,1005.68,935,4675000.0,3265.54,6.913419208606576,8.09118041854039,0.0,0.0,1,0,0,0
2017-01-30,1005.68,6363,6905430.0,3265.54,6.913419208606576,8.09118041854039,0.0,0.0,1,0,0,0
2017-01-31,1005.68,14520,16987904.0,3280.25,6.913419208606576,8.095674917985825,0.0,0.44944994454354514,1,0,0,0
2017-02-01,1005.68,5388,5441880.0,3280.25,6.913419208606576,8.095674917985825,0.0,0.0,1,0,0,0
2017-02-02,1006.99,1835,22042600.0,3280.25,6.914720962182661,8.095674917985825,0.1301753576084863,0.0,0,0,0,0
2017-02-03,1005.11,65004,217379174.28,3280.25,6.912852267239981,8.095674917985825,-0.1868694942679383,0.0,0,0,0,0
2017-02-06,1008.05,1221747,17774380.6,3280.25,6.91577305057572,8.095674917985825,0.29207833357389745,0.0,0,0,0,0
2017-02-07,1008.05,14999,16045990.0,3294.74,6.91577305057572,8.100082536387744,0.0,0.44076184019186115,1,0,0,0
2017-02-08,1008.05,9984,10497840.0,3294.74,6.91577305057572,8.100082536387744,0.0,0.0,1,0,0,0
2017-02-09,1008.4,10989,15575790.0,3294.74,6.9161201953137645,8.100082536387744,0.03471447380443138,0.0,0,0,0,0
2017-02-10,1007.83,3,4660.0,3294.74,6.915554783614519,8.100082536387744,-0.056541169924528845,0.0,0,0,0,0
2017-02-13,1007.83,25219,47331190.0,3294.74,6.915554783614519,8.100082536387744,0.0,0.0,1,0,0,0
2017-02-14,1008.4,271185,262664960.0,3309.35,6.9161201953137645,8.104507074464731,0.056541169924528845,0.44245380769876164,0,0,0,0
2017-02-15,1008.4,109001,13483590.0,3309.35,6.9161201953137645,8.104507074464731,0.0,0.0,1,0,0,0
2017-02-16,1008.4,0,0.0,3309.35,6.9161201953137645,8.104507074464731,0.0,0.0,1,1,1,0
2017-02-17,1008.4,19990,60099900.0,3309.35,6.9161201953137645,8.104507074464731,0.0,0.0,1,0,0,0
2017-02-20,1008.4,0,0.0,3309.35,6.9161201953137645,8.104507074464731,0.0,0.0,1,1,1,0
2017-02-21,1008.4,6536,6690630.0,3356.87,6.9161201953137645,8.11876427117807,0.0,1.4257196713339582,1,0,0,0
2017-02-22,1008.4,4920,5943915.0,3356.87,6.9161201953137645,8.11876427117807,0.0,0.0,1,0,0,0
2017-02-23,1014.99,5136,34668594.0,3356.87,6.922634039210606,8.11876427117807,0.6513843896841287,0.0,0,0,0,0
2017-02-24,1014.99,12542625,3328242538.0,3356.87,6.922634039210606,8.11876427117807,0.0,0.0,1,0,0,0
2017-02-27,1014.99,12113,12234130.0,3356.87,6.922634039210606,8.11876427117807,0.0,0.0,1,0,0,0
2017-02-28,1014.99,331000,331504000.0,3404.35,6.922634039210606,8.132809304619144,0.0,1.404503344107333,1,0,0,0
2017-03-01,1014.99,4186426,1094503760.0,3404.35,6.922634039210606,8.132809304619144,0.0,0.0,1,0,0,0
2017-03-02,1014.99,114,456000.0,3404.35,6.922634039210606,8.132809304619144,0.0,0.0,1,0,0,0
2017-03-03,1014.85,58761,61311660.0,3404.35,6.922496097303635,8.132809304619144,-0.013794190697069553,0.0,0,0,0,0
2017-03-06,1014.85,817526,1180280240.0,3404.35,6.922496097303635,8.132809304619144,0.0,0.0,1,0,0,0
2017-03-07,1014.85,112,423600.0,3452.3,6.922496097303635,8.146795954568566,0.0,1.3986649949421448,1,0,0,0
2017-03-09,1014.85,246,984000.0,3452.3,6.922496097303635,8.146795954568566,0.0,0.0,1,0,0,0
2017-03-10,1014.85,18510,19210690.0,3452.3,6.922496097303635,8.146795954568566,0.0,0.0,1,0,0,0
2017-03-13,1014.85,755,881840.0,3452.3,6.922496097303635,8.146795954568566,0.0,0.0,1,0,0,0
2017-03-14,1014.85,308541,13916550.0,3500.01,6.922496097303635,8.160521104616281,0.0,1.3725150047715573,1,0,0,0
2017-03-15,1014.85,2,2336.0,3500.01,6.922496097303635,8.160521104616281,0.0,0.0,1,0,0,0
2017-03-16,1014.85,1192700,1192700000.0,3500.01,6.922496097303635,8.160521104616281,0.0,0.0,1,0,0,0
2017-03-17,1014.85,108107853,814224530.0,3500.01,6.922496097303635,8.160521104616281,0.0,0.0,1,0,0,0
2017-03-18,1014.85,311138,10227970.0,3500.01,6.922496097303635,8.160521104616281,0.0,0.0,1,0,0,0
2017-03-22,1014.85,9251,13576010.0,3500.01,6.922496097303635,8.160521104616281,0.0,0.0,1,0,0,0
2017-03-23,1014.85,206103,41645590.0,3548.11,6.922496097303635,8.174170346331062,0.0,1.3649241714780658,1,0,0,0
2017-03-24,1015.06,64870,54045935.0,3548.11,6.922703003029258,8.174170346331062,0.020690572562287457,0.0,0,0,0,0
2017-03-27,1015.06,6250,101104000.0,3548.11,6.922703003029258,8.174170346331062,0.0,0.0,1,0,0,0
2017-03-28,1015.06,10,250000.0,3595.02,6.922703003029258,8.187304833422008,0.0,1.3134487090946223,1,0,0,0
2017-03-29,1015.06,232386,54951030.0,3595.02,6.922703003029258,8.187304833422008,0.0,0.0,1,0,0,0
2017-03-30,1015.06,1592,16400000.0,3595.02,6.922703003029258,8.187304833422008,0.0,0.0,1,0,0,0
2017-03-31,1015.06,240,978240.0,3595.02,6.922703003029258,8.187304833422008,0.0,0.0,1,0,0,0
2017-04-03,1015.06,88051,37372215.0,3595.02,6.922703003029258,8.187304833422008,0.0,0.0,1,0,0,0
2017-04-04,1015.0,1464100,333938950.0,3623.07,6.922643891475888,8.19507701171312,-0.005911155337035012,0.7772178291112652,0,0,0,0
2017-04-05,1015.0,183735,27838595.0,3623.07,6.922643891475888,8.19507701171312,0.0,0.0,1,0,0,0
2017-04-06,1015.0,8218,6261145.0,3623.07,6.922643891475888,8.19507701171312,0.0,0.0,1,0,0,0
2017-04-07,1015.0,96,1152000.0,3623.07,6.922643891475888,8.19507701171312,0.0,0.0,1,0,0,0
2017-04-10,1017.41,9997,12007108.0,3623.07,6.925015461316181,8.19507701171312,0.23715698402932972,0.0,0,0,0,0
2017-04-11,1017.41,1450722,762167880.0,3650.74,6.925015461316181,8.202685165753644,0.0,0.7608154040523729,1,0,0,0
2017-04-12,1017.43,994950,913004545.0,3650.74,6.925035118881396,8.202685165753644,0.0019657565214714623,0.0,0,0,0,0
2017-04-13,994.92,5009649,26020498.0,3650.74,6.902662331916128,8.202685165753644,-2.23727869652679,0.0,0,0,0,0
2017-04-14,994.92,142479,22084245.0,3650.74,6.902662331916128,8.202685165753644,0.0,0.0,1,0,0,0
2017-04-17,994.92,0,0.0,3650.74,6.902662331916128,8.202685165753644,0.0,0.0,1,1,1,0
2017-04-18,994.97,3433,3485480.0,3678.89,6.9027125859502805,8.210366355228585,0.005025403415270802,0.7681189474940453,0,0,0,0
2017-04-19,994.97,48,192000.0,3678.89,6.9027125859502805,8.210366355228585,0.0,0.0,1,0,0,0
2017-04-20,994.97,283,4135200.0,3678.89,6.9027125859502805,8.210366355228585,0.0,0.0,1,0,0,0
2017-04-21,998.77,3220,5055360.0,3678.89,6.906524521911275,8.210366355228585,0.3811935960994717,0.0,0,0,0,0
2017-04-24,998.77,2600,2626000.0,3678.89,6.906524521911275,8.210366355228585,0.0,0.0,1,0,0,0
2017-04-25,998.77,1213374,3812180.0,3706.22,6.906524521911275,8.217767768278199,0.0,0.7401413049613836,1,0,0,0
2017-04-26,998.77,1795,3051500.0,3706.22,6.906524521911275,8.217767768278199,0.0,0.0,1,0,0,0
2017-04-27,998.77,0,0.0,3706.22,6.906524521911275,8.217767768278199,0.0,0.0,1,1,1,0
2017-04-28,998.77,6855,6923550.0,3706.22,6.906524521911275,8.217767768278199,0.0,0.0,1,0,0,0
2017-05-01,998.77,0,0.0,3706.22,6.906524521911275,8.217767768278199,0.0,0.0,1,1,1,0
2017-05-02,999.71,3790,217643.4,3734.91,6.907465236924006,8.225479000891053,0.09407150127307418,0.7711232612853891,0,0,0,0
2017-05-03,998.72,370854,8273730.0,3734.91,6.906474459082415,8.225479000891053,-0.09907778415909618,0.0,0,0,0,0
2017-05-04,998.72,11092,53671230.0,3734.91,6.906474459082415,8.225479000891053,0.0,0.0,1,0,0,0
2017-05-05,999.0,890797414,1177297004.0,3734.91,6.906754778648554,8.225479000891053,0.028031956613894238,0.0,0,0,0,0
2017-05-06,993.63,5860,24754620.0,3734.91,6.901364903960123,8.225479000891053,-0.5389874688431107,0.0,0,0,0,0
2017-05-10,993.35,11370,17239798.0,3734.91,6.9010830692140726,8.225479000891053,-0.028183474605025793,0.0,0,0,0,0
2017-05-11,993.35,2323,20819542.0,3765.77,6.9010830692140726,8.233707634595842,0.0,0.822863370478899,1,0,0,0
2017-05-12,993.35,0,0.0,3765.77,6.9010830692140726,8.233707634595842,0.0,0.0,1,1,1,0
2017-05-15,993.35,12164,12335320.0,3765.77,6.9010830692140726,8.233707634595842,0.0,0.0,1,0,0,0
2017-05-16,1007.73,174298,674523960.0,3790.0,6.915455555608325,8.240121298076472,1.4372486394252704,0.641366348063066,0,0,0,0
2017-05-17,1008.29,9427,31278200.0,3790.0,6.91601110566676,8.240121298076472,0.055555005843466176,0.0,0,0,0,0
2017-05-18,1008.29,6300,6363000.0,3790.0,6.91601110566676,8.240121298076472,0.0,0.0,1,0,0,0
2017-05-19,1007.73,3835,14500520.0,3790.0,6.915455555608325,8.240121298076472,-0.055555005843466176,0.0,0,0,0,0
2017-05-22,1008.29,9545,9645900.0,3790.0,6.91601110566676,8.240121298076472,0.055555005843466176,0.0,0,0,0,0
2017-05-23,1008.29,14352,2224560.0,3820.46,6.91601110566676,8.248126113199021,0.0,0.8004815122548692,1,0,0,0
2017-05-24,1007.73,20630,72434560.0,3820.46,6.915455555608325,8.248126113199021,-0.055555005843466176,0.0,0,0,0,0
2017-05-25,1007.73,21,105000.0,3820.46,6.915455555608325,8.248126113199021,0.0,0.0,1,0,0,0
2017-05-26,1007.73,0,0.0,3820.46,6.915455555608325,8.248126113199021,0.0,0.0,1,1,1,0
2017-05-29,1008.63,51256,13558000.0,3820.46,6.916348253400156,8.248126113199021,0.08926977918308765,0.0,0,0,0,0
2017-05-30,1008.63,20332,100387776.0,3846.33,6.916348253400156,8.254874725899958,0.0,0.6748612700937073,1,0,0,0
2017-05-31,1008.63,716,17900716.0,3846.33,6.916348253400156,8.254874725899958,0.0,0.0,1,0,0,0
2017-06-01,1008.63,6797,6864970.0,3846.33,6.916348253400156,8.254874725899958,0.0,0.0,1,0,0,0
2017-06-02,1008.71,73516,123799155.0,3846.33,6.916427565762021,8.254874725899958,0.007931236186475843,0.0,0,0,0,0
2017-06-05,1008.71,0,0.0,3846.33,6.916427565762021,8.254874725899958,0.0,0.0,1,1,1,0
2017-06-06,1008.99,201398,379725460.0,3874.48,6.916705109501722,8.262166739234301,0.027754373970090285,0.7292013334343039,0,0,0,0
2017-06-07,1009.04,7216,24416767.76,3874.48,6.916754662778938,8.262166739234301,0.004955327721578584,0.0,0,0,0,0
2017-06-08,1009.04,5795,49550000.0,3874.48,6.916754662778938,8.262166739234301,0.0,0.0,1,0,0,0
2017-06-09,1009.04,4261,42560000.0,3874.48,6.916754662778938,8.262166739234301,0.0,0.0,1,0,0,0
2017-06-12,1002.8,22031,22282025.0,3874.48,6.910551366284138,8.262166739234301,-0.620329649479956,0.0,0,0,0,0
2017-06-13,1002.8,400,1800000.0,3903.19,6.910551366284138,8.269549446497935,0.0,0.7382707263634103,1,0,0,0
2017-06-14,1003.13,8477,27397410.0,3903.19,6.910880390729634,8.269549446497935,0.032902444549609555,0.0,0,0,0,0
2017-06-15,1003.21,1144,12555300.0,3903.19,6.910960137931048,8.269549446497935,0.007974720141401548,0.0,0,0,0,0
2017-06-16,1003.22,1149,32634.0,3903.19,6.910970105884079,8.269549446497935,0.0009967953030987076,0.0,0,0,0,0
2017-06-19,1004.11,784920,1042121515.0,3903.19,6.911856856003212,8.269549446497935,0.08867501191325289,0.0,0,0,0,0
2017-06-20,1004.21,10411,5142880.0,3930.91,6.911956441726685,8.276626230222092,0.009958572347379402,0.707678372415721,0,0,0,0
2017-06-21,1004.25,370361,135164368.0,3930.91,6.911996273239391,8.276626230222092,0.003983151270592344,0.0,0,0,0,0
2017-06-22,1004.09,19891983,5612380712.0,3930.91,6.911836937668384,8.276626230222092,-0.015933557100744622,0.0,0,0,0,0
2017-06-23,1003.96,1264938,1578430.0,3930.91,6.911707458820565,8.276626230222092,-0.012947884781855379,0.0,0,0,0,0
2017-06-27,1003.94,429,11310000.0,3930.91,6.911687537509742,8.276626230222092,-0.001992131082317883,0.0,0,0,0,0
2017-06-28,1003.95,1960438,546749216.0,3958.56,6.911697498214761,8.283635601753154,0.000996070501901869,0.7009371531061959,0,0,0,0
2017-06-29,1003.95,0,0.0,3958.56,6.911697498214761,8.283635601753154,0.0,0.0,1,1,1,0
2017-06-30,1003.95,329115,37591250.0,3958.56,6.911697498214761,8.283635601753154,0.0,0.0,1,0,0,0
2017-07-03,1010.61,1295,1526682.0,3958.56,6.918309387920667,8.283635601753154,0.661188970590576,0.0,0,0,0,0
2017-07-04,1010.61,100300000,10300000000.0,3986.55,6.918309387920667,8.29068147419426,0.0,0.7045872441105772,1,0,0,0
2017-07-05,1003.84,5295,6239215.0,3986.55,6.911587925002314,8.29068147419426,-0.6721462918353183,0.0,0,0,0,0
2017-07-06,1003.84,144948,145097480.0,3986.55,6.911587925002314,8.29068147419426,0.0,0.0,1,0,0,0
2017-07-07,1003.84,40,101640.0,3986.55,6.911587925002314,8.29068147419426,0.0,0.0,1,0,0,0
2017-07-10,1003.84,2436345,114262302.0,3986.55,6.911587925002314,8.29068147419426,0.0,0.0,1,0,0,0
2017-07-11,1003.84,6512,53980000.0,4014.5,6.911587925002314,8.29766808562474,0.0,0.6986611430479073,1,0,0,0
2017-07-12,1003.84,3739,3771767.0,4014.5,6.911587925002314,8.29766808562474,0.0,0.0,1,0,0,0
2017-07-13,1004.81,51148,23445868.0,4014.5,6.9125537478937105,8.29766808562474,0.09658228913966838,0.0,0,0,0,0
2017-07-14,1004.81,6130,24500000.0,4014.5,6.9125537478937105,8.29766808562474,0.0,0.0,1,0,0,0
2017-07-17,1004.81,23000,22375000.0,4014.5,6.9125537478937105,8.29766808562474,0.0,0.0,1,0,0,0
2017-07-18,1002.14,513010,310699200.0,4042.47,6.909892992443684,8.304611170273446,-0.26607554500266417,0.6943084648707298,0,0,0,0
2017-07-19,1002.14,14900,58733000.0,4042.47,6.909892992443684,8.304611170273446,0.0,0.0,1,0,0,0
2017-07-20,1000.47,5010,22750.0,4042.47,6.908225168566733,8.304611170273446,-0.1667823876950969,0.0,0,0,0,0
2017-07-21,998.61,10108280,783788200.0,4042.47,6.906364312035996,8.304611170273446,-0.18608565307367542,0.0,0,0,0,0
2017-07-24,998.61,5852,21687970.0,4042.47,6.906364312035996,8.304611170273446,0.0,0.0,1,0,0,0
2017-07-25,998.61,90930,90930000.0,4070.38,6.906364312035996,8.311491640171665,0.0,0.6880469898218777,1,0,0,0
2017-07-26,998.61,3214,3246140.0,4070.38,6.906364312035996,8.311491640171665,0.0,0.0,1,0,0,0
2017-07-27,998.61,85,80.75,4070.38,6.906364312035996,8.311491640171665,0.0,0.0,1,0,0,0
2017-07-28,998.61,16135,15690250.0,4070.38,6.906364312035996,8.311491640171665,0.0,0.0,1,0,0,0
2017-07-31,999.1,780,4001400.0,4070.38,6.906854873738973,8.311491640171665,0.049056170297667734,0.0,0,0,0,0
2017-08-01,999.1,450,1834200.0,4098.37,6.906854873738973,8.318344612668472,0.0,0.6852972496806942,1,0,0,0
2017-08-02,999.1,0,0.0,4098.37,6.906854873738973,8.318344612668472,0.0,0.0,1,1,1,0
2017-08-03,1000.55,189034,3877480.0,4098.37,6.908305127787573,8.318344612668472,0.1450254048600108,0.0,0,0,0,0
2017-08-04,1000.55,890,1602000.0,4098.37,6.908305127787573,8.318344612668472,0.0,0.0,1,0,0,0
2017-08-07,1000.55,0,0.0,4098.37,6.908305127787573,8.318344612668472,0.0,0.0,1,1,1,0
2017-08-08,1000.55,2800,2828000.0,4126.45,6.908305127787573,8.32517275215332,0.0,0.6828139484847284,1,0,0,0
2017-08-09,1002.77,24474,881064000.0,4126.45,6.910521449602095,8.32517275215332,0.22163218145223595,0.0,0,0,0,0
2017-08-10,1002.77,83286,3640560.0,4126.45,6.910521449602095,8.32517275215332,0.0,0.0,1,0,0,0
2017-08-11,1002.77,1509435,1596795000.0,4126.45,6.910521449602095,8.32517275215332,0.0,0.0,1,0,0,0
2017-08-14,1002.77,25484,25738840.0,4126.45,6.910521449602095,8.32517275215332,0.0,0.0,1,0,0,0
2017-08-15,1002.42,1110376,1015423693.7,4154.36,6.910172355497742,8.331913664137906,-0.03490941043535756,0.6740911984586262,0,0,0,0
2017-08-16,1002.15,366233,527941980.0,4154.36,6.909902971039596,8.331913664137906,-0.026938445814561618,0.0,0,0,0,0
2017-08-17,1002.71,21827,177482370.0,4154.36,6.910461613552853,8.331913664137906,0.05586425132566575,0.0,0,0,0,0
2017-08-18,1002.71,1105,5490000.0,4154.36,6.910461613552853,8.331913664137906,0.0,0.0,1,0,0,0
2017-08-21,1002.71,6120,44784030.0,4154.36,6.910461613552853,8.331913664137906,0.0,0.0,1,0,0,0
2017-08-22,1002.71,2203889,2231812910.0,4182.3,6.910461613552853,8.338616613427153,0.0,0.6702949289246973,1,0,0,0
2017-08-23,1000.43,73361,475464088.0,4182.3,6.908185186558631,8.338616613427153,-0.2276426994221481,0.0,0,0,0,0
2017-08-24,1000.43,974218,974218000.0,4182.3,6.908185186558631,8.338616613427153,0.0,0.0,1,0,0,0
2017-08-25,999.97,8282,166833620.0,4182.3,6.907725278532128,8.338616613427153,-0.04599080265030864,0.0,0,0,0,0
2017-08-28,999.97,963992,1108701160.0,4182.3,6.907725278532128,8.338616613427153,0.0,0.0,1,0,0,0
2017-08-29,999.97,2098,48816100.0,4210.35,6.907725278532128,8.345301058612796,0.0,0.6684445185642929,1,0,0,0
2017-08-30,999.0,583400,2300346200.0,4210.35,6.906754778648554,8.345301058612796,-0.09704998835742273,0.0,0,0,0,0
2017-08-31,999.0,996,6847198.0,4210.35,6.906754778648554,8.345301058612796,0.0,0.0,1,0,0,0
2017-09-04,999.12,76614,80509970.0,4210.35,6.906874891554829,8.345301058612796,0.01201129062753381,0.0,0,0,0,0
2017-09-05,993.6,5927,10353030.0,8100.0,6.9013347111792145,8.99961934066053,-0.5540180375614767,65.43182820477344,0,0,0,1
2017-09-06,994.51,9665,1501510.0,8100.0,6.902250153547645,8.99961934066053,0.09154423684307744,0.0,0,0,0,1
2017-09-07,994.51,2451,11004840.0,8100.0,6.902250153547645,8.99961934066053,0.0,0.0,1,0,0,1
2017-09-08,994.51,13838760,140174200.0,8100.0,6.902250153547645,8.99961934066053,0.0,0.0,1,0,0,1
2017-09-11,994.51,7589,8974590.0,8100.0,6.902250153547645,8.99961934066053,0.0,0.0,1,0,0,1
2017-09-12,994.51,289996,467160245.4,8092.13,6.902250153547645,8.99864726340822,0.0,-0.09720772523102994,1,0,0,1
2017-09-13,995.17,153801,157277200.0,8092.13,6.902913576836021,8.99864726340822,0.066342328837532,0.0,0,0,0,1
2017-09-14,995.17,10999,216283000.0,8092.13,6.902913576836021,8.99864726340822,0.0,0.0,1,0,0,1
2017-09-15,995.23,3348,3399900.0,8092.13,6.902973866225107,8.99864726340822,0.00602893890864209,0.0,0,0,0,1
2017-09-18,995.23,4996,12574620.0,8092.13,6.902973866225107,8.99864726340822,0.0,0.0,1,0,0,1
2017-09-19,995.23,247380,247380.0,8077.48,6.902973866225107,8.99683522168197,0.0,-0.18120417262501576,1,0,0,1
2017-09-20,995.23,4630,10720000.0,8077.48,6.902973866225107,8.99683522168197,0.0,0.0,1,0,0,1
2017-09-21,995.23,2129,37757700.0,8077.48,6.902973866225107,8.99683522168197,0.0,0.0,1,0,0,1
2017-09-22,995.23,107890,539346500.0,8077.48,6.902973866225107,8.99683522168197,0.0,0.0,1,0,0,1
2017-09-25,995.23,71183,122081500.0,8077.48,6.902973866225107,8.99683522168197,0.0,0.0,1,0,0,1
2017-09-26,995.23,115,1328400.0,8066.96,6.902973866225107,8.99553198645189,0.0,-0.1303235230079025,1,0,0,1
2017-09-27,995.23,430,907230.0,8066.96,6.902973866225107,8.99553198645189,0.0,0.0,1,0,0,1
2017-09-28,995.23,30,900000.0,8066.96,6.902973866225107,8.99553198645189,0.0,0.0,1,0,0,1
2017-09-29,996.88,40,955000.0,8066.96,6.904630401634612,8.99553198645189,0.16565354095048335,0.0,0,0,0,1
2017-10-02,998.14,12192,5962758.0,8066.96,6.9058935470341885,8.99553198645189,0.1263145399576615,0.0,0,0,0,1
2017-10-03,998.26,2150,30500000.0,8060.8,6.906013763423834,8.994768086158292,0.01202163896456554,-0.07639002935988515,0,0,0,1
2017-10-04,998.26,240,7200000.0,8060.8,6.906013763423834,8.994768086158292,0.0,0.0,1,0,0,1
2017-10-05,998.64,1381891,881476445.0,8060.8,6.906394353342796,8.994768086158292,0.038058991896150474,0.0,0,0,0,1
2017-10-06,998.64,367,4858240.0,8060.8,6.906394353342796,8.994768086158292,0.0,0.0,1,0,0,1
2017-10-09,996.03,1191174,650832790.2,8060.8,6.903777377612913,8.994768086158292,-0.2616975729882398,0.0,0,0,0,1
2017-10-10,996.03,5120,100110300.0,8052.08,6.903777377612913,8.993685722130097,0.0,-0.10823640281945046,1,0,0,1
2017-10-11,990.02,8342307,23897117.4,8052.08,6.897725144944779,8.993685722130097,-0.6052232668134039,0.0,0,0,0,1
2017-10-12,990.02,25001470,2505796000.0,8052.08,6.897725144944779,8.993685722130097,0.0,0.0,1,0,0,1
2017-10-13,990.02,5560646,7704500.4,8052.08,6.897725144944779,8.993685722130097,0.0,0.0,1,0,0,1
2017-10-16,990.02,206,5076000.0,8052.08,6.897725144944779,8.993685722130097,0.0,0.0,1,0,0,1
2017-10-17,989.35,423,3906300.0,8058.77,6.897048161838449,8.99451621839622,-0.06769831063300202,0.08304962661220827,0,0,0,1
2017-10-18,990.53,2320205,24155090.0,8058.77,6.8982401534134095,8.99451621839622,0.1191991574960305,0.0,0,0,0,1
2017-10-19,990.53,5555822,10918000.4,8058.77,6.8982401534134095,8.99451621839622,0.0,0.0,1,0,0,1
2017-10-20,990.53,325,7795000.0,8058.77,6.8982401534134095,8.99451621839622,0.0,0.0,1,0,0,1
2017-10-23,990.47,1515,13515000.0,8058.77,6.898179577946455,8.99451621839622,-0.006057546695448224,0.0,0,0,0,1
2017-10-24,990.4,161557,91556925.0,8069.61,6.898108901930332,8.995860432958654,-0.00706760161230946,0.13442145624349422,0,0,0,1
2017-10-25,990.4,9110896,8199806.4,8069.61,6.898108901930332,8.995860432958654,0.0,0.0,1,0,0,1
2017-10-26,990.4,34655,7017700.0,8069.61,6.898108901930332,8.995860432958654,0.0,0.0,1,0,0,1
2017-10-27,990.51,5387,5009200.0,8069.61,6.898219961998798,8.995860432958654,0.011106006846617333,0.0,0,0,0,1
2017-10-30,990.51,0,0.0,8069.61,6.898219961998798,8.995860432958654,0.0,0.0,1,1,1,1
2017-10-31,990.51,42,1050000.0,8078.12,6.898219961998798,8.99691445117519,0.0,0.10540182165357237,1,0,0,1
2017-11-01,993.94,11595,19696500.0,8078.12,6.901676842661667,8.99691445117519,0.34568806628687554,0.0,0,0,0,1
2017-11-02,993.94,40,182000.0,8078.12,6.901676842661667,8.99691445117519,0.0,0.0,1,0,0,1
2017-11-03,993.94,11318,9617190.0,8078.12,6.901676842661667,8.99691445117519,0.0,0.0,1,0,0,1
2017-11-06,993.94,1014873,914963000.0,8078.12,6.901676842661667,8.99691445117519,0.0,0.0,1,0,0,1
2017-11-07,993.94,780000,702000.0,8067.62,6.901676842661667,8.995613798311929,0.0,-0.1300652863260865,1,0,0,1
2017-11-08,994.16,12010845,121569940.0,8067.62,6.9018981594977395,8.995613798311929,0.0221316836072738,0.0,0,0,0,1
2017-11-09,994.16,5555556,5000000.4,8067.62,6.9018981594977395,8.995613798311929,0.0,0.0,1,0,0,1
2017-11-10,994.16,849,1698000.0,8067.62,6.9018981594977395,8.995613798311929,0.0,0.0,1,0,0,1
2017-11-13,994.15,1365053,127347640.0,8067.62,6.90188810070409,8.995613798311929,-0.0010058793649569964,0.0,0,0,0,1
2017-11-15,994.49,31610124,2513166537.0,8069.29,6.902230042939299,8.99582077722003,0.034194223520866984,0.020697890810161823,0,0,0,1
2017-11-16,994.49,140,543880.0,8069.29,6.902230042939299,8.99582077722003,0.0,0.0,1,0,0,1
2017-11-17,991.83,34906,3914392.0,8069.29,6.899551721631449,8.99582077722003,-0.26783213078500623,0.0,0,0,0,1
2017-11-20,992.63,399988,1071842.44,8069.29,6.900357986351662,8.99582077722003,0.0806264720213612,0.0,0,0,0,1
2017-11-21,992.99,37264,87308.0,8085.11,6.900720593501011,8.99777937736083,0.03626071493485483,0.19586001407994047,0,0,0,1
2017-11-22,993.0,892032,1255791699.0,8085.11,6.900730664045173,8.99777937736083,0.0010070544162132933,0.0,0,0,0,1
2017-11-23,993.0,128090,1355950.0,8085.11,6.900730664045173,8.99777937736083,0.0,0.0,1,0,0,1
2017-11-24,988.98,46512284,69012799.62,8085.11,6.89667410897132,8.99777937736083,-0.4056555073852941,0.0,0,0,0,1
2017-11-27,988.98,5070,6714048.9,8085.11,6.89667410897132,8.99777937736083,0.0,0.0,1,0,0,1
2017-11-28,988.98,909059,921392534.4,8095.88,6.89667410897132,8.99911056928301,0.0,0.13311919221798973,1,0,0,1
2017-11-29,988.91,263885,266167430.08,8095.88,6.896603326470746,8.99911056928301,-0.007078250057368507,0.0,0,0,0,1
2017-11-30,988.68,8302084,86827080.0,8095.88,6.896370720115499,8.99911056928301,-0.023260635524735562,0.0,0,0,0,1
2017-12-01,988.68,511784,496260337.65,8095.88,6.896370720115499,8.99911056928301,0.0,0.0,1,0,0,1
2017-12-04,988.68,366,484682.82,8095.88,6.896370720115499,8.99911056928301,0.0,0.0,1,0,0,1
2017-12-05,986.99,210280,269015151.32,8096.33,6.8946599076698964,8.99916615156611,-0.17108124456024498,0.00555822830996533,0,0,0,1
2017-12-06,985.89,15786083,427881221.68,8096.33,6.893544786513022,8.99916615156611,-0.1115121156874288,0.0,0,0,0,1
2017-12-07,988.25,1532917,9214154079.07,8096.33,6.895935702176795,8.99916615156611,0.2390915663772475,0.0,0,0,0,1
2017-12-11,988.25,516247,507145505.0,8096.33,6.895935702176795,8.99916615156611,0.0,0.0,1,0,0,1
2017-12-12,985.28,10974419,302635254.5,8093.0,6.892925864736135,8.998754769495703,-0.3009837440659524,-0.04113820704070292,0,0,0,1
2017-12-13,985.28,1980,1490000.0,8093.0,6.892925864736135,8.998754769495703,0.0,0.0,1,0,0,1
2017-12-14,985.28,310157,401215248.12,8093.0,6.892925864736135,8.998754769495703,0.0,0.0,1,0,0,1
2017-12-15,999.0,6264037,64941205.06,8093.0,6.906754778648554,8.998754769495703,1.3828913912418805,0.0,0,0,0,1
2018-01-04,1001.7,20,34000.0,8120.07,6.909453835617718,9.002094053808221,0.2699056969164282,0.3339284312518842,0,0,0,1
2018-01-05,1001.7,19537350,5079711000.0,8136.67,6.909453835617718,9.00413628438698,0.0,0.20422305787590744,1,0,0,1
2018-01-06,1001.7,0,0.0,8136.67,6.909453835617718,9.00413628438698,0.0,0.0,1,1,1,1
2018-01-08,1001.7,0,0.0,8136.67,6.909453835617718,9.00413628438698,0.0,0.0,1,1,1,1
2018-01-09,1001.7,0,0.0,8139.0,6.909453835617718,9.004422601327041,0.0,0.028631694006087116,1,1,1,1
2018-01-10,1001.7,0,0.0,8139.0,6.909453835617718,9.004422601327041,0.0,0.0,1,1,1,1
2018-01-11,1001.7,0,0.0,8139.0,6.909453835617718,9.004422601327041,0.0,0.0,1,1,1,1
2018-01-12,1001.7,8800000,88000000.0,8139.0,6.909453835617718,9.004422601327041,0.0,0.0,1,0,0,1
2018-01-15,1001.7,77708,12044740.0,8139.0,6.909453835617718,9.004422601327041,0.0,0.0,1,0,0,1
2018-01-16,1001.7,995,118405.0,8146.38,6.909453835617718,9.005328935782263,0.0,0.09063344552213692,1,0,0,1
2018-01-17,1001.7,590,1003000.0,8146.38,6.909453835617718,9.005328935782263,0.0,0.0,1,0,0,1
2018-01-18,1001.7,22203,3512375.0,8146.38,6.909453835617718,9.005328935782263,0.0,0.0,1,0,0,1
2018-01-19,1001.7,40651,7719000.0,8146.38,6.909453835617718,9.005328935782263,0.0,0.0,1,0,0,1
2018-01-22,1001.7,0,0.0,8146.38,6.909453835617718,9.005328935782263,0.0,0.0,1,1,1,1
2018-01-23,1001.53,119377,26082080.0,8163.93,6.909284109724628,9.007480949664657,-0.016972589309016684,0.2152013882394499,0,0,0,1
2018-01-24,1001.53,8490,2204200.0,8163.93,6.909284109724628,9.007480949664657,0.0,0.0,1,0,0,1
2018-01-25,1001.53,1720,2924000.0,8163.93,6.909284109724628,9.007480949664657,0.0,0.0,1,0,0,1
2018-01-26,1003.88,1495250,80531800.0,8163.93,6.911627771196011,9.007480949664657,0.2343661471383207,0.0,0,0,0,1
2018-01-29,1003.61,24812750,249976250.0,8163.93,6.911358778571761,9.007480949664657,-0.026899262425050807,0.0,0,0,0,1
2018-01-30,1003.61,5915,1062175.0,8175.77,6.911358778571761,9.008930180932339,0.0,0.14492312676814834,1,0,0,1
2018-01-31,1003.61,67755,374090.0,8175.77,6.911358778571761,9.008930180932339,0.0,0.0,1,0,0,1
2018-02-01,1003.61,484600,10975400.0,8175.77,6.911358778571761,9.008930180932339,0.0,0.0,1,0,0,1
2018-02-02,1003.61,21897082,5693241320.0,8175.77,6.911358778571761,9.008930180932339,0.0,0.0,1,0,0,1
2018-02-05,1009.24,400001,73370000.0,8175.77,6.9169528513361795,9.008930180932339,0.5594072764418812,0.0,0,0,0,1
2018-02-06,1011.14,20292,3978160.0,8186.95,6.918833686189138,9.010296702114609,0.1880834852958202,0.13665211822697643,0,0,0,1
2018-02-07,1011.14,5263893,102436223.0,8186.95,6.918833686189138,9.010296702114609,0.0,0.0,1,0,0,1
2018-02-08,1011.14,45788,27251470.0,8186.95,6.918833686189138,9.010296702114609,0.0,0.0,1,0,0,1
2018-02-09,1011.14,69197,3018035.0,8186.95,6.918833686189138,9.010296702114609,0.0,0.0,1,0,0,1
2018-02-12,1011.0,1929,27888900.0,8186.95,6.918695219020472,9.010296702114609,-0.01384671686661676,0.0,0,0,0,1
2018-02-13,1011.0,5098,892600.0,8188.33,6.918695219020472,9.010465248851308,0.0,0.016854673669897124,1,0,0,1
2018-02-14,1012.26,102845,81940975.0,8188.33,6.919940733845938,9.010465248851308,0.12455148254666426,0.0,0,0,0,1
2018-02-15,1013.22,20603425,206607100.0,8188.33,6.9208886573721,9.010465248851308,0.09479235261613539,0.0,0,0,0,1
2018-02-16,1013.22,0,0.0,8188.33,6.9208886573721,9.010465248851308,0.0,0.0,1,1,1,1
2018-02-19,1013.24,101854,15955880.0,8188.33,6.920908396227049,9.010465248851308,0.001973885494965799,0.0,0,0,0,1
2018-02-20,1013.24,33,67500.0,8182.73,6.920908396227049,9.009781114749005,0.0,-0.06841341023022807,1,0,0,1
2018-02-21,1013.51,14773,20790032.3,8182.73,6.9211748326416025,9.009781114749005,0.02664364145532616,0.0,0,0,0,1
2018-02-22,1013.65,159375,645059986.0,8182.73,6.9213129569142025,9.009781114749005,0.013812427259995985,0.0,0,0,0,1
2018-02-23,1013.71,1445735,1896502700.0,8182.73,6.921372147191231,9.009781114749005,0.005919027702816493,0.0,0,0,0,1
2018-02-26,1013.71,135789,697130003.85,8182.73,6.921372147191231,9.009781114749005,0.0,0.0,1,0,0,1
2018-02-27,1013.89,370,1571302.55,8171.64,6.921549697004283,9.008424902103721,0.01775498130527353,-0.13562126452839607,0,0,0,1
2018-02-28,1013.89,17085600,4999680000.0,8171.64,6.921549697004283,9.008424902103721,0.0,0.0,1,0,0,1
2018-03-01,1014.67,4185648,650966175.0,8171.64,6.922318715459188,9.008424902103721,0.07690184549042911,0.0,0,0,0,1
2018-03-02,1017.72,15508533,798549220.0,8171.64,6.925320110161609,9.008424902103721,0.3001394702421223,0.0,0,0,0,1
2018-03-05,1017.72,99,118800.0,8171.64,6.925320110161609,9.008424902103721,0.0,0.0,1,0,0,1
2018-03-06,1024.97,298571,801842437.85,8163.46,6.932418622851501,9.007423377695085,0.7098512689892367,-0.10015244086361008,0,0,0,1
2018-03-07,1024.97,86748,243650.8,8163.46,6.932418622851501,9.007423377695085,0.0,0.0,1,0,0,1
2018-03-09,1025.02,3727691,2463344257.78,8163.46,6.93246740357727,9.007423377695085,0.004878072576897097,0.0,0,0,0,1
2018-03-12,1025.08,829524,967713848.0,8163.46,6.932525937307349,9.007423377695085,0.005853373007891349,0.0,0,0,0,1
2018-03-13,1022.5,907593,1342405800.0,8140.06,6.930005887916956,9.004552829976792,-0.25200493903927423,-0.2870547718293537,0,0,0,1
2018-03-14,1022.5,623000,889387800.0,8140.06,6.930005887916956,9.004552829976792,0.0,0.0,1,0,0,1
2018-03-15,1021.52,178310,560591645.68,8140.06,6.929046993116426,9.004552829976792,-0.09588948005303521,0.0,0,0,0,1
2018-03-16,1021.52,15150,266250.0,8140.06,6.929046993116426,9.004552829976792,0.0,0.0,1,0,0,1
2018-03-17,1021.52,103334,516670000.0,8140.06,6.929046993116426,9.004552829976792,0.0,0.0,1,0,0,1
2018-04-12,1037.14,57972,97825593.0,8094.99,6.944222203938797,8.999000630780522,1.5175210822371277,-0.5552199196269925,0,0,0,1
2018-04-16,1031.43,516938,1934429657.15,8094.99,6.938701467872151,8.999000630780522,-0.5520736066646492,0.0,0,0,0,1
2018-04-17,1031.24,77102,39102000.0,8077.26,6.938517240632178,8.996807985093822,-0.01842272399725786,-0.21926456866996347,0,0,0,1
2018-04-18,1026.25,16681570,1192220850.0,8077.26,6.933666660766638,8.996807985093822,-0.4850579865539828,0.0,0,0,0,1
2018-04-19,1026.9,1329654,26149852.0,8077.26,6.934299834204249,8.996807985093822,0.06331734376106013,0.0,0,0,0,1
2018-04-20,1025.88,10380,5956374.45,8077.26,6.933306059826143,8.996807985093822,-0.09937743781058828,0.0,0,0,0,1
2018-04-23,1023.55,12127267,234610194.0,8077.26,6.93103225588663,8.996807985093822,-0.22738039395129306,0.0,0,0,0,1
2018-04-24,1023.62,499,19802.6,8068.17,6.931100642977128,8.995681969749487,0.006838709049805658,-0.11260153443348742,0,0,0,1
2018-04-25,1023.77,926,2199000.7,8068.17,6.93124717099599,8.995681969749487,0.014652801886150257,0.0,0,0,0,1
2018-04-26,1024.26,529,2117496.0,8068.17,6.931725679620716,8.995681969749487,0.04785086247265369,0.0,0,0,0,1
2018-04-27,1023.82,1592902,1597371500.0,8068.17,6.931296008898118,8.995681969749487,-0.042967072259791905,0.0,0,0,0,1
2018-04-30,1023.98,600,28900.0,8068.17,6.9314522741587155,8.995681969749487,0.015626526059708823,0.0,0,0,0,1
2018-05-01,1023.99,38006701,62555177.0,8068.2,6.931462039926769,8.995685688057879,0.0009765768053782153,0.00037183083918534976,0,0,0,1
2018-05-02,1023.96,1630406,1657457700.0,8068.2,6.931432742336494,8.995685688057879,-0.002929759027558987,0.0,0,0,0,1
2018-05-03,1024.65,27456067,1514825100.0,8068.2,6.932106369845968,8.995685688057879,0.06736275094745281,0.0,0,0,0,1
2018-05-04,1023.73,994413,1000777700.0,8068.2,6.931208098956913,8.995685688057879,-0.08982708890554747,0.0,0,0,0,1
2018-05-07,1023.76,6132,30518174.25,8068.2,6.931237403129341,8.995685688057879,0.002930417242819061,0.0,0,0,0,1
2018-05-08,1024.55,38009353,66820267.0,8059.24,6.932008770782842,8.994574538250857,0.07713676535008318,-0.11111498070217607,0,0,0,1
2018-05-10,1030.62,1392756,1393545060.0,8059.24,6.937915841876989,8.994574538250857,0.590707109414712,0.0,0,0,0,1
2018-05-11,1030.46,320,4206207.0,8059.24,6.937760583468464,8.994574538250857,-0.01552584085251496,0.0,0,0,0,1
2018-05-14,1028.7,1641,7184580.0,8059.24,6.936051148136984,8.994574538250857,-0.17094353314792698,0.0,0,0,0,1
2018-05-15,1029.83,544641,547588138.75,8025.83,6.9371490190579825,8.990420369441312,0.10978709209981119,-0.41541688095456664,0,0,0,1
2018-05-16,1029.27,1805566,1799671594.62,8025.83,6.936605092086192,8.990420369441312,-0.05439269717903983,0.0,0,0,0,1
2018-05-17,1029.81,909617,761825952.51,8025.83,6.937129598188315,8.990420369441312,0.052450610212328996,0.0,0,0,0,1
2018-05-18,1029.73,1957453,1957479220.0,8025.83,6.937051910937725,8.990420369441312,-0.007768725059076331,0.0,0,0,0,1
2018-05-21,1029.81,3340869,3174241888.68,8025.83,6.937129598188315,8.990420369441312,0.007768725059076331,0.0,0,0,0,1
2018-05-22,1031.69,767885,522182024.0,7997.95,6.938953513319218,8.986940537824331,0.18239151309025203,-0.3479831616980178,0,0,0,1
2018-05-23,1031.08,2589372,1021034071.0,7997.95,6.9383620755750375,8.986940537824331,-0.059143774418046746,0.0,0,0,0,1
2018-05-24,1031.37,219896,6058003.0,7997.95,6.938643294515532,8.986940537824331,0.028121894049437657,0.0,0,0,0,1
2018-05-25,1031.27,8110,29321870.0,7997.95,6.938546331400224,8.986940537824331,-0.009696311530760227,0.0,0,0,0,1
2018-05-28,1031.71,546490,536126518.0,7997.95,6.938972898799493,8.986940537824331,0.042656739926894005,0.0,0,0,0,1
2018-05-29,1032.26,774444,9478650.0,7982.25,6.9395058522949595,8.984975605589263,0.05329534954663373,-0.19649322350687726,0,0,0,1
2018-05-30,1033.19,753472,717787230.1,7982.25,6.940406382506632,8.984975605589263,0.09005302116724678,0.0,0,0,0,1
2018-05-31,1032.99,637939,647300384.0,7982.25,6.940212788530672,8.984975605589263,-0.019359397596030448,0.0,0,0,0,1
2018-06-01,1033.09,26482148,523475710.4,7982.25,6.94030959020348,8.984975605589263,0.009680167280823326,0.0,0,0,0,1
2018-06-04,1037.76,7007,10973046.85,7982.25,6.944819823118953,8.984975605589263,0.45102329154733667,0.0,0,0,0,1
2018-06-05,1046.06,758232,7367775966.47,7944.07,6.95278600435644,8.980181017367958,0.7966181237486936,-0.4794588221304963,0,0,0,1
2018-06-06,1048.27,1675678,61556523.15,7944.07,6.95489646528694,8.980181017367958,0.21104609305000466,0.0,0,0,0,1
2018-06-07,1045.45,26546103,530606500.89,7944.07,6.952202693717432,8.980181017367958,-0.2693771569508563,0.0,0,0,0,1
2018-06-08,1045.07,27200428,551552643.26,7944.07,6.951839147801406,8.980181017367958,-0.03635459160253873,0.0,0,0,0,1
2018-06-11,1045.56,143112,13778051.0,7944.07,6.952307906031196,8.980181017367958,0.046875822978975634,0.0,0,0,0,1
2018-06-12,1043.17,183328523,2331193768.0,7909.37,6.9500194330901675,8.975803411572087,-0.22884729410286297,-0.43776057958702097,0,0,0,1
2018-06-13,1041.66,56840967,8336601331.0,7909.37,6.948570873481912,8.975803411572087,-0.14485596082556285,0.0,0,0,0,1
2018-06-14,1046.43,1356324,31241092.04,7909.37,6.953139650016737,8.975803411572087,0.4568776534824792,0.0,0,0,0,1
2018-06-18,1047.57,607212,854295950.0,7909.37,6.954228475339207,8.975803411572087,0.10888253224701216,0.0,0,0,0,1
2018-06-19,1048.38,7889,15420716.85,7883.99,6.955001394579003,8.972589399880126,0.07729192397958329,-0.3214011691961005,0,0,0,1
2018-06-20,1050.67,17139,16998259.0,7883.99,6.95718333489346,8.972589399880126,0.218194031445762,0.0,0,0,0,1
2018-06-21,1050.74,3298,22470855.0,7883.99,6.957249956828281,8.972589399880126,0.006662193482043222,0.0,0,0,0,1
2018-06-22,1051.62,185584,86834754.96,7883.99,6.95808711131314,8.972589399880126,0.0837154484859326,0.0,0,0,0,1
2018-06-25,1051.69,7109,34621270.0,7883.99,6.95815367306583,8.972589399880126,0.006656175269004194,0.0,0,0,0,1
2018-06-26,1047.72,287694,338049100.0,7871.66,6.954371653610717,8.971024246742418,-0.378201945511325,-0.15651531377081085,0,0,0,1
2018-06-27,1063.22,2723091,77101792.0,7871.66,6.969057318358301,8.971024246742418,1.4685664747584148,0.0,0,0,0,1
2018-06-28,1063.02,311,2147055.0,7871.66,6.968869192840401,8.971024246742418,-0.018812551789970655,0.0,0,0,0,1
2018-06-29,1062.72,60136718,6009174952.5,7871.66,6.968586938188381,8.971024246742418,-0.02822546520198088,0.0,0,0,0,1
2018-07-02,1062.57,59730,50812518.0,7871.66,6.968445780981366,8.971024246742418,-0.014115720701557422,0.0,0,0,0,1
2018-07-03,1061.74,539062,17670823.1,7846.27,6.96766435073603,8.967793538616863,-0.07814302453361677,-0.32307081255549264,0,0,0,1
2018-07-04,1062.46,86904825,8720621724.35,7846.27,6.96834225303108,8.967793538616863,0.06779022950507141,0.0,0,0,0,1
2018-07-05,1076.72,1854285,1233878670.5,7846.27,6.98167466192546,8.967793538616863,1.333240889437981,0.0,0,0,0,1
2018-07-06,1077.31,8960,16330650.0,7846.27,6.982222472322488,8.967793538616863,0.054781039702778145,0.0,0,0,0,1
2018-07-09,1075.9,173413470,17610889059.2,7846.27,6.980912799599864,8.967793538616863,-0.13096727226242777,0.0,0,0,0,1
2018-07-10,1085.77,62141,2913832.6,7813.42,6.990044691691972,8.963598047111493,0.9131892092108629,-0.41954915053707964,0,0,0,1
2018-07-11,1084.4,991354,949148489.13,7813.42,6.988782117624511,8.963598047111493,-0.12625740674616637,0.0,0,0,0,1
2018-07-12,1085.61,1663,2438301.7,7813.42,6.9898973199741805,8.963598047111493,0.1115202349669886,0.0,0,0,0,1
2018-07-13,1084.65,315843,309907288.75,7813.42,6.989012633289071,8.963598047111493,-0.08846866851097701,0.0,0,0,0,1
2018-07-16,1082.81,1223720,27532670.0,7813.42,6.987314793013349,8.963598047111493,-0.16978402757219513,0.0,0,0,0,1
2018-07-17,1083.43,69053,10265226.96,7787.81,6.987887213444076,8.960314969687044,0.057242043072758264,-0.3283077424448777,0,0,0,1
2018-07-18,1083.45,105859024,2004781797.81,7787.81,6.987905673164965,8.960314969687044,0.0018459720888763798,0.0,0,0,0,1
2018-07-19,1083.6,141,840303.0,7787.81,6.98804411021094,8.960314969687044,0.013843704597515938,0.0,0,0,0,1
2018-07-20,1080.25,19665,4149816.0,7787.81,6.984947774812043,8.960314969687044,-0.30963353988973097,0.0,0,0,0,1
2018-07-23,1075.93,4117,11742016.0,7787.81,6.98094068284343,8.960314969687044,-0.4007091968612819,0.0,0,0,0,1
2018-07-24,1070.01,46105,6889510.7,7789.38,6.9754232732066725,8.96051654648046,-0.551740963675762,0.020157679341537005,0,0,0,1
2018-07-25,1065.89,722325,31976527.99,7789.38,6.971565409907955,8.96051654648046,-0.3857863298717845,0.0,0,0,0,1
2018-07-26,1064.31,75655443,1443279563.5,7789.38,6.970081980849893,8.96051654648046,-0.1483429058061425,0.0,0,0,0,1
2018-07-27,1064.22,38346253,388016850.0,7789.38,6.96999741544555,8.96051654648046,-0.008456540434309545,0.0,0,0,0,1
2018-07-30,1074.13,66556689,26837185482.17,7789.38,6.979266310574258,8.96051654648046,0.9268895128707655,0.0,0,0,0,1
2018-07-31,1073.8,177117,26078344.0,7791.88,6.978959037988469,8.960837444793105,-0.030727258578888694,0.032089831264592306,0,0,0,1
2018-08-01,1074.61,44251,2864017.0,7791.88,6.979713084039623,8.960837444793105,0.07540460511537006,0.0,0,0,0,1
2018-08-02,1073.57,128530,12394459.63,7791.88,6.978744822458887,8.960837444793105,-0.09682615807360406,0.0,0,0,0,1
2018-08-03,1073.94,570,5162566.0,7791.88,6.979089407586463,8.960837444793105,0.03445851275767353,0.0,0,0,0,1
2018-08-06,1075.15,6945,2967048.0,7791.88,6.980215465711398,8.960837444793105,0.11260581249343815,0.0,0,0,0,1
2018-08-07,1073.99,95887,14213553.0,7783.05,6.979135964038498,8.959703571196751,-0.10795016728994966,-0.11338735963537516,0,0,0,1
2018-08-08,1069.03,139154,54970356.0,7783.05,6.974506974242121,8.959703571196751,-0.4628989796377603,0.0,0,0,0,1
2018-08-09,1061.38,15372,18937466.32,7783.05,6.9673252271787645,8.959703571196751,-0.718174706335617,0.0,0,0,0,1
2018-08-10,1051.73,100712,223743718.49,7783.05,6.958191706363987,8.959703571196751,-0.9133520814777363,0.0,0,0,0,1
2018-08-13,1051.67,61518,146012669.59,7783.05,6.9581346558742885,8.959703571196751,-0.005705048969861792,0.0,0,0,0,1
2018-08-14,1052.24,111848,47714784.2,7790.2,6.958676504160523,8.960621812476173,0.054184828623426995,0.09182412794217498,0,0,0,1
2018-08-15,1054.64,2375512,3566850440.42,7790.2,6.960954755449714,8.960621812476173,0.22782512891916795,0.0,0,0,0,1
2018-08-16,1053.35,3215,16592003.0,7790.2,6.95973084057248,8.960621812476173,-0.1223914877234833,0.0,0,0,0,1
2018-08-17,1066.82,147820,157425854.59,7790.2,6.972437539788667,8.960621812476173,1.2706699216187722,0.0,0,0,0,1
2018-08-20,1060.58,1567137,1514563333.25,7790.2,6.966571207274616,8.960621812476173,-0.5866332514051109,0.0,0,0,0,1
2018-08-24,1060.68,1971,4491906.2,7803.79,6.966665490860857,8.962364792103648,0.00942835862405289,0.17429796274743836,0,0,0,1
2018-08-25,1063.87,113816,10447118.5,7803.79,6.969668481985822,8.962364792103648,0.3002991124965604,0.0,0,0,0,1
2018-08-26,1062.95,6639765,2584223609.8,7803.79,6.968803340547071,8.962364792103648,-0.08651414387514933,0.0,0,0,0,1
2018-08-27,1062.88,3157,13904016.15,7803.79,6.968737483916931,8.962364792103648,-0.006585663013947141,0.0,0,0,0,1
2018-08-28,1064.0,15544352,11573342608.0,7827.23,6.96979066990159,8.965363958833679,0.10531859846585334,0.2999166730031533,0,0,0,1
2018-08-29,1063.1,4431916,4430295277.58,7827.23,6.968944447294559,8.965363958833679,-0.0846222607030711,0.0,0,0,0,1
2018-08-30,1063.62,452947,501844020.22,7827.23,6.969433463253748,8.965363958833679,0.0489015959188599,0.0,0,0,0,1
2018-09-05,1066.11,2013700,204005856.85,7827.23,6.971771788895554,8.965363958833679,0.23383256418059162,0.0,0,0,0,1
2018-09-06,1065.37,1851917,8272120.0,7842.93,6.971077435648297,8.967367768016647,-0.06943532472565295,0.20038091829679416,0,0,0,1
2018-09-07,1063.74,12765364,27917491.8,7842.93,6.969546279138344,8.967367768016647,-0.15311565099533908,0.0,0,0,0,1
2018-09-08,1063.53,3988510,3911527648.73,7842.93,6.969348842987143,8.967367768016647,-0.019743615120049185,0.0,0,0,0,1
2018-09-10,1063.97,3788,16677000.0,7842.93,6.969762474015368,8.967367768016647,0.04136310282243372,0.0,0,0,0,1
2018-09-11,1056.82,153627,141789459.1,7862.17,6.963019678085814,8.969817928744725,-0.6742795929553402,0.24501607280775772,0,0,0,1
2018-09-12,1056.36,1606982,8008715884.17,7862.17,6.962584315260815,8.969817928744725,-0.04353628249988972,0.0,0,0,0,1
2018-09-13,1056.93,1738078,203351095.83,7862.17,6.963123758511692,8.969817928744725,0.05394432508767366,0.0,0,0,0,1
2018-09-14,1059.16,144709,166158699.5,7862.17,6.9652314201192,8.969817928744725,0.21076616075079713,0.0,0,0,0,1
2018-09-15,1059.91,2102,1698220.02,7862.17,6.965939277841046,8.969817928744725,0.07078577218457838,0.0,0,0,0,1
2018-09-17,1057.17,7425713,1445153697.9,7862.17,6.963350805483009,8.969817928744725,-0.25884723580364977,0.0,0,0,0,1
2018-09-18,1057.29,2263,13250120.1,8039.0,6.96346430964022,8.99205997632796,0.011350415721089746,2.2242047583235447,0,0,0,1
2018-09-19,1057.63,12755,43427054.0,8039.0,6.963785834807063,8.99205997632796,0.032152516684291754,0.0,0,0,0,1
2018-09-20,1061.72,8232684,174499694.0,8039.0,6.967645513555201,8.99205997632796,0.38596787481379735,0.0,0,0,0,1
2018-09-21,1056.59,1495781,2817921406.7,8039.0,6.962802020365913,8.99205997632796,-0.4843493189287784,0.0,0,0,0,1
2018-09-24,1057.66,354929,31770879.93,8039.0,6.963814199712114,8.99205997632796,0.10121793462003481,0.0,0,0,0,1
2018-09-25,1057.98,100764,539291003.0,8079.28,6.964116708647887,8.997058038633815,0.030250893577310478,0.49980623058552,0,0,0,1
2018-09-26,1060.46,13584182,14012327912.3,8079.28,6.966458055235873,8.997058038633815,0.23413465879862372,0.0,0,0,0,1
2018-09-27,1059.32,7709439,7715267716.22,8079.28,6.96538247181693,8.997058038633815,-0.10755834189426494,0.0,0,0,0,1
2018-09-28,1060.51,39986,19859030.85,8079.28,6.96650520347466,8.997058038633815,0.1122731657729581,0.0,0,0,0,1
2018-10-02,1065.36,5682686,3430663325.5,8079.28,6.97106804919389,8.997058038633815,0.45628457192297134,0.0,0,0,0,1
2018-10-03,1066.11,2103662,188321900.0,8179.66,6.971771788895554,9.009405863940776,0.07037397016640412,1.2347825306960658,0,0,0,1
2018-10-04,1044.89,222573,354147296.96,8179.66,6.951666895700462,9.009405863940776,-2.010489319509201,0.0,0,0,0,1
2018-10-05,1041.79,2006372,60010374.0,8179.66,6.948695666493665,9.009405863940776,-0.29712292067962665,0.0,0,0,0,1
2018-10-08,1041.79,0,0.0,8179.66,6.948695666493665,9.009405863940776,0.0,0.0,1,1,1,1
2018-10-09,1026.54,3047437,2511690435.2,8181.08,6.933949203064612,9.00957945022154,-1.4746463429053058,0.01735862807645816,0,0,0,1
2018-10-10,1026.54,747394,868832088.5,8181.08,6.933949203064612,9.00957945022154,0.0,0.0,1,0,0,1
2018-10-11,1027.24,225233,323086520.4,8181.08,6.934630872987492,9.00957945022154,0.06816699228799905,0.0,0,0,0,1
2018-10-12,1027.13,8771916,8182222360.2,8181.08,6.934523784196179,9.00957945022154,-0.010708879131371418,0.0,0,0,0,1
2018-10-15,1028.81,951604,160281044.6,8181.08,6.936158073498324,9.00957945022154,0.16342893021450422,0.0,0,0,0,1
2018-10-16,1029.69,7976482,1253231163.04,8208.04,6.937013065049072,9.012869440693024,0.08549915507485295,0.32899904714831507,0,0,0,1
2018-10-17,1029.68,617551,668686899.98,8208.04,6.937003353341122,9.012869440693024,-0.0009711707949833226,0.0,0,0,0,1
2018-10-18,1027.99,24916,27996640.8,8208.04,6.935360718341338,9.012869440693024,-0.16426349997846756,0.0,0,0,0,1
2018-10-19,1026.25,126311,192726873.0,8208.04,6.933666660766638,9.012869440693024,-0.16940575746993147,0.0,0,0,0,1
2018-10-22,1027.64,108638,21552347.82,8208.04,6.93502019013015,9.012869440693024,0.13535293635111856,0.0,0,0,0,1
2018-10-23,1032.18,82432,10666588.87,8226.1,6.939428349437003,9.015067305293186,0.4408159306853676,0.21978646001628022,0,0,0,1
2018-10-24,1031.6,280668330,1059004577.0,8226.1,6.938866274007189,9.015067305293186,-0.05620754298139019,0.0,0,0,0,1
2018-10-25,1032.1,12095195,11970146.91,8226.1,6.939350840571888,9.015067305293186,0.048456656469841874,0.0,0,0,0,1
2018-10-26,1033.05,8905986,9504069450.0,8226.1,6.940270870658817,9.015067305293186,0.09200300869292022,0.0,0,0,0,1
2018-10-29,1031.59,1571243,7855786050.0,8226.1,6.9388565802804845,9.015067305293186,-0.14142903783325167,0.0,0,0,0,1
2018-10-30,1030.47,329369,1635550227.0,8236.87,6.937770287825235,9.01637569637164,-0.10862924552492714,0.13083910784530417,0,0,0,1
2018-10-31,1033.26,65645703,3207229569.73,8236.87,6.940474131544863,9.01637569637164,0.2703843719627841,0.0,0,0,0,1
2018-11-01,1033.94,8679097,8622047538.0,8236.87,6.941132026305435,9.01637569637164,0.06578947605717644,0.0,0,0,0,1
2018-11-02,1034.86,9310975,9096081668.12,8236.87,6.942021430849756,9.01637569637164,0.08894045443215148,0.0,0,0,0,1
2018-11-05,1034.63,8175602,8116680550.0,8236.87,6.941799153862724,9.01637569637164,-0.022227698703236598,0.0,0,0,0,1
2018-11-06,1042.92,500185430,525007271.5,8249.97,6.9497797502373695,9.017964842958479,0.7980596374645543,0.15891465868396182,0,0,0,1
2018-11-07,1042.26,800006,433202331.68,8249.97,6.949146711341887,9.017964842958479,-0.0633038895482052,0.0,0,0,0,1
2018-11-08,1045.03,16968,8163321.82,8249.97,6.951800872120812,9.017964842958479,0.26541607789249966,0.0,0,0,0,1
2018-11-09,1049.64,53818455,3052407835.76,8249.97,6.956202527219764,9.017964842958479,0.4401655098951629,0.0,0,0,0,1
2018-11-12,1050.28,630790,1261449660.0,8249.97,6.956812074269,9.017964842958479,0.06095470492359922,0.0,0,0,0,1
2018-11-13,1051.6,8513,29391615.05,8271.27,6.958068092855726,9.020543343337552,0.1256018586725638,0.25785003790730343,0,0,0,1
2018-11-14,1050.17,18001974,11013464835.63,8271.27,6.956707334808312,9.020543343337552,-0.1360758047413313,0.0,0,0,0,1
2018-11-15,1049.77,94865,42442932.79,8271.27,6.956326371538088,9.020543343337552,-0.03809632702242993,0.0,0,0,0,1
2018-11-16,1049.87,5718246,5728925943.35,8271.27,6.956421625962728,9.020543343337552,0.009525442463953482,0.0,0,0,0,1
2018-11-19,876.2,1443474,2204828571.0,8271.27,6.775594375379798,9.020543343337552,-18.082725058292937,0.0,0,0,0,1
2018-11-20,872.49,134469,200544616.0,8277.53,6.771351192692849,9.021299893697527,-0.42431826869488987,0.07565503599753498,0,0,0,1
2018-11-21,868.41,245985,493610316.0,8277.53,6.766663953368512,9.021299893697527,-0.46872393243377886,0.0,0,0,0,1
2018-11-22,868.45,240206,1107277785.0,8277.53,6.766710013500021,9.021299893697527,0.004606013150976196,0.0,0,0,0,1
2018-11-23,868.22,8956524,8979687010.18,8277.53,6.766445138766946,9.021299893697527,-0.02648747330749046,0.0,0,0,0,1
2018-11-26,866.04,14197,236168895.2,8277.53,6.763931096872182,9.021299893697527,-0.25140418947646737,0.0,0,0,0,1
2018-11-27,865.55,27674392,13034765172.0,8299.2,6.763365143022739,9.023914403597136,-0.05659538494429128,0.26145098996082083,0,0,0,1
2018-11-28,859.89,1491437,7062569320.0,8299.2,6.756804474090014,9.023914403597136,-0.6560668932724667,0.0,0,0,0,1
2018-11-29,857.57,11968,33557739.9,8299.2,6.7541028083613925,9.023914403597136,-0.2701665728621627,0.0,0,0,0,1
2018-11-30,859.31,2440044,7325565271.4,8299.2,6.756129741630725,9.023914403597136,0.20269332693327868,0.0,0,0,0,1
2018-12-03,859.24,323151,13774423.0,8299.2,6.756048277605776,9.023914403597136,-0.008146402494890737,0.0,0,0,0,1
2018-12-04,859.69,5080991,5140201848.0,8314.85,6.756571859148107,9.025798351776999,0.05235815423310086,0.18839481798629265,0,0,0,1
2018-12-05,858.96,114266,124491862.9,8314.85,6.75572235512588,9.025798351776999,-0.08495040222271655,0.0,0,0,0,1
2018-12-06,856.68,8162885,178240337.4,8314.85,6.753064453302369,9.025798351776999,-0.26579018235111107,0.0,0,0,0,1
2018-12-07,859.04,3752722,658122298.6,8314.85,6.755815486674259,9.025798351776999,0.2751033371890088,0.0,0,0,0,1
2018-12-10,864.6,40356,72950380.25,8314.85,6.762266972233531,9.025798351776999,0.6451485559272108,0.0,0,0,0,1
2018-12-11,858.97,1536466,7087732910.48,8312.64,6.7557339970437695,9.025532526927545,-0.6532975189761814,-0.02658248494533666,0,0,0,1
2018-12-12,859.58,14041564,14156347540.4,8312.64,6.756443897862039,9.025532526927545,0.07099008182693822,0.0,0,0,0,1
2018-12-13,859.5,2562324,5228576659.24,8312.64,6.756350824822904,9.025532526927545,-0.009307303913530518,0.0,0,0,0,1
2018-12-14,856.74,32325,20836059.26,8312.64,6.753134488670259,9.025532526927545,-0.32163361526444945,0.0,0,0,0,1
2018-12-17,859.08,2310292,69544035.5,8312.64,6.755862049196094,9.025532526927545,0.27275605258347824,0.0,0,0,0,1
2018-12-18,858.1,6870554,6591512014.9,8325.59,6.7547206428130755,9.027089183208293,-0.11414063830184062,0.1556656280747859,0,0,0,1
2018-12-19,856.42,264581,141138897.94,8325.59,6.752760910015934,9.027089183208293,-0.19597327971414558,0.0,0,0,0,1
2018-12-20,855.48,2729,5256699.13,8325.59,6.751662714917537,9.027089183208293,-0.10981950983968147,0.0,0,0,0,1
2018-12-21,856.03,721911,327915540.79,8325.59,6.752305422256592,9.027089183208293,0.06427073390549154,0.0,0,0,0,1
2018-12-24,857.98,1720314,8390403232.51,8325.59,6.7545807891929694,9.027089183208293,0.227536693637731,0.0,0,0,0,1
2018-12-25,856.05,153995,642534932.42,8339.55,6.7523287856508265,9.028764537062537,-0.2252003542142944,0.16753538542442215,0,0,0,1
2018-12-26,856.43,698345,3460951940.5,8339.55,6.752772586461624,9.028764537062537,0.04438008107978675,0.0,0,0,0,1
2018-12-27,856.17,2063893,10089319789.92,8339.55,6.752468954554585,9.028764537062537,-0.030363190703930343,0.0,0,0,0,1
2018-12-28,854.54,380443,67360922.95,8339.55,6.75056331246063,9.028764537062537,-0.1905642093954718,0.0,0,0,0,1
2018-12-29,854.8,28562,31517603.8,8339.55,6.750867523444993,9.028764537062537,0.030421098436228533,0.0,0,0,0,1
2019-01-04,858.25,179317,111550997.96,8336.25,6.754895432337801,9.028368753946516,0.4027908892808796,-0.03957831160210645,0,0,0,1
2019-01-05,858.21,109137,204156470.49,8336.25,6.754848824785039,9.028368753946516,-0.0046607552762090165,0.0,0,0,0,1
2019-01-07,855.52,69994,117043875.94,8336.25,6.751709471200422,9.028368753946516,-0.3139353584617588,0.0,0,0,0,1
2019-01-08,857.15,437768,103248263.42,8337.07,6.75361293245349,9.028467114680991,0.19034612530681727,0.009836073447466731,0,0,0,1
2019-01-09,858.26,76653,111389852.71,8337.07,6.754907083886584,9.028467114680991,0.12941514330941928,0.0,0,0,0,1
2019-01-10,856.0,825024,72442356.71,8337.07,6.752270376141742,9.028467114680991,-0.26367077448421483,0.0,0,0,0,1
2019-01-11,858.84,388245,128320916.39,8337.07,6.755582641538506,9.028467114680991,0.33122653967643245,0.0,0,0,0,1
2019-01-14,855.77,2110024,146385441.03,8337.07,6.752001648448904,9.028467114680991,-0.3580993089602025,0.0,0,0,0,1
2019-01-15,838.32,175983394,1828612649.14,8356.18,6.731399889166687,9.030756663851816,-2.0601759282217635,0.22895491708254667,0,0,0,1
2019-01-16,840.99,118713,94894618.8,8356.18,6.734579769295833,9.030756663851816,0.3179880129146717,0.0,0,0,0,1
2019-01-17,312.61,369783,133492250.95,8356.18,5.74495640723899,9.030756663851816,-98.96233620568431,0.0,0,0,0,1
2019-01-18,315.53,188155,96944192.21,8356.18,5.754253764624003,9.030756663851816,0.9297357385012361,0.0,0,0,0,1
2019-01-21,303.38,469278,100770400.5,8356.18,5.714986145163526,9.030756663851816,-3.926761946047641,0.0,0,0,0,1
2019-01-22,313.34,487239,59634072.6,8378.18,5.747288862965341,9.033385986117436,3.230271780181493,0.2629322265619294,0,0,0,1
2019-01-23,321.63,736042,39621263.04,8378.18,5.773401816536258,9.033385986117436,2.611295357091681,0.0,0,0,0,1
2019-01-24,321.97,5828540,94393712.55,8378.18,5.774458373502165,9.033385986117436,0.10565569659073404,0.0,0,0,0,1
2019-01-25,326.29,9776578,115805685.13,8378.18,5.7877865564854645,9.033385986117436,1.3328182983299186,0.0,0,0,0,1
2019-01-28,327.07,626288,153924056.8,8378.18,5.79017421526641,9.033385986117436,0.23876587809459338,0.0,0,0,0,1
2019-01-29,329.94,597225,137469711.88,8384.94,5.798910819747778,9.034192518596646,0.8736604481367927,0.08065324792099204,0,0,0,1
2019-01-30,329.11,1442226,42854704.58,8384.94,5.796392041388594,9.034192518596646,-0.2518778359184459,0.0,0,0,0,1
2019-01-31,329.8,958408,79259991.98,8384.94,5.7984864101254985,9.034192518596646,0.2094368736904606,0.0,0,0,0,1
2019-02-01,330.85,1754337,133657432.19,8384.94,5.801665100458068,9.034192518596646,0.31786903325699,0.0,0,0,0,1
2019-02-04,331.86,2652684,177505051.76,8384.94,5.804713193234642,9.034192518596646,0.30480927765736965,0.0,0,0,0,1
2019-02-05,331.7,327666,91460530.24,8401.53,5.804230945953007,9.036169111102552,-0.04822472816350398,0.1976592505906538,0,0,0,1
2019-02-06,333.61,326432,135120308.21,8401.53,5.809972646054504,9.036169111102552,0.5741700101497216,0.0,0,0,0,1
2019-02-07,344.08,668674,185525141.9,8401.53,5.840874188475481,9.036169111102552,3.0901542420976646,0.0,0,0,0,1
2019-02-08,345.54,199338,224960346.49,8401.53,5.8451084107466365,9.036169111102552,0.4234222271155552,0.0,0,0,0,1
2019-02-11,344.11,983443,267521500.28,8401.53,5.840961373700547,9.036169111102552,-0.414703704608943,0.0,0,0,0,1
2019-02-12,342.87,70521,91010613.71,8395.15,5.837351366577616,9.035409437130454,-0.3610007122930803,-0.0759673972098085,0,0,0,1
2019-02-13,342.5,2115453,1987057091.92,8395.15,5.83627165770228,9.035409437130454,-0.10797088753360384,0.0,0,0,0,1
2019-02-14,341.27,4405541,2598917459.81,8395.15,5.832673952840392,9.035409437130454,-0.35977048618880403,0.0,0,0,0,1
2019-02-15,344.33,391059,28213909.47,8395.15,5.841600499862562,9.035409437130454,0.8926547022169551,0.0,0,0,0,1
2019-02-18,340.93,356754,166478095.57,8395.15,5.831677177618607,9.035409437130454,-0.9923322243954757,0.0,0,0,0,1
2019-02-19,340.81,489772,110542160.84,8392.2,5.831325137247676,9.035057982013313,-0.03520403709309505,-0.035145511714063105,0,0,0,1
2019-02-20,346.72,1495604,1090587591.37,8392.2,5.848517537788049,9.035057982013313,1.7192400540372965,0.0,0,0,0,1
2019-02-21,345.3,234944,310371701.86,8392.2,5.844413604395947,9.035057982013313,-0.41039333921020216,0.0,0,0,0,1
2019-02-22,345.43,237355,92522437.95,8392.2,5.84479001776017,9.035057982013313,0.0376413364223005,0.0,0,0,0,1
2019-02-25,341.98,39419,95291201.21,8392.2,5.8347522558204465,9.035057982013313,-1.0037761939723389,0.0,0,0,0,1
2019-02-26,341.47,1440337,99647560.42,8403.19,5.833259827421407,9.036366674644865,-0.14924283990396248,0.13086926315519776,0,0,0,1
2019-02-27,340.3,397544,231364511.52,8403.19,5.82982758150686,9.036366674644865,-0.34322459145466055,0.0,0,0,0,1
2019-02-28,341.18,700764,95392917.43,8403.19,5.832410197252374,9.036366674644865,0.258261574551355,0.0,0,0,0,1
2019-03-01,341.47,243558,47306395.06,8403.19,5.833259827421407,9.036366674644865,0.08496301690330554,0.0,0,0,0,1
2019-03-04,338.18,318655,374960551.88,8403.19,5.8235782981102835,9.036366674644865,-0.9681529311123427,0.0,0,0,0,1
2019-03-05,342.51,185678,95189902.12,8392.96,5.836300854356345,9.035148538195145,1.2722556246061778,-0.12181364497205749,0,0,0,1
2019-03-06,341.38,1501001,481586974.87,8392.96,5.832996226336187,9.035148538195145,-0.33046280201585176,0.0,0,0,0,1
2019-03-07,342.79,401781,152303593.24,8392.96,5.83711801476954,9.035148538195145,0.41217884333528687,0.0,0,0,0,1
2019-03-12,611.68,361778,464011911.15,8374.1,6.416209269948102,9.032898888232172,57.909125517856275,-0.2249649962973166,0,0,0,1
2019-03-13,609.4,308126,144817016.92,8374.1,6.412474866551609,9.032898888232172,-0.37344033964936685,0.0,0,0,0,1
2019-03-14,609.25,2524166,5791562695.94,8374.1,6.412228692505316,9.032898888232172,-0.02461740462926798,0.0,0,0,0,1
2019-03-15,606.26,571480,475462708.82,8374.1,6.407308936961015,9.032898888232172,-0.4919755544301019,0.0,0,0,0,1
2019-03-18,605.86,424011,600219949.21,8374.1,6.4066489362770564,9.032898888232172,-0.06600006839585504,0.0,0,0,0,1
2019-03-19,610.11,1322383,4891877595.48,8378.04,6.413639268779094,9.03336927590475,0.6990332502037511,0.04703876725784539,0,0,0,1
2019-03-20,609.13,331889,161329261.32,8378.04,6.412031709625774,9.03336927590475,-0.1607559153320004,0.0,0,0,0,1
2019-03-25,610.21,6016430,2061815145.7,8378.04,6.413803160217772,9.03336927590475,0.1771450591998125,0.0,0,0,0,1
2019-03-26,609.82,2876087,107525864.93,8389.97,6.413163831654893,9.03479222376952,-0.06393285628787382,0.1422947864769597,0,0,0,1
2019-03-27,610.62,7049930,6880884971.91,8389.97,6.414474834431895,9.03479222376952,0.13110027770020238,0.0,0,0,0,1
2019-03-28,610.51,117324,109590084.63,8389.97,6.414294673432988,9.03479222376952,-0.018016099890694193,0.0,0,0,0,1
2019-03-29,610.84,1482838,1481302344.41,8389.97,6.4148350590849805,9.03479222376952,0.05403856519921035,0.0,0,0,0,1
2019-04-01,611.05,1476017,202811474.6,8389.97,6.41517878888401,9.03479222376952,0.0343729799029191,0.0,0,0,0,1
2019-04-02,611.2,1565568,94656785.67,8419.62,6.415424237852311,9.038319975576623,0.024544896830125396,0.35277518071037406,0,0,0,1
2019-04-03,612.31,10917796,123950543.31,8419.62,6.417238690214011,9.038319975576623,0.18144523616996366,0.0,0,0,0,1
2019-04-04,611.58,477088,190768675.53,8419.62,6.416045772408377,9.038319975576623,-0.11929178056337975,0.0,0,0,0,1
2019-04-05,613.03,479139,717003022.44,8419.62,6.418413874379816,9.038319975576623,0.23681019714389961,0.0,0,0,0,1
2019-04-08,610.33,181007,240534854.48,8419.62,6.413999794495037,9.038319975576623,-0.4414079884778488,0.0,0,0,0,1
2019-04-09,610.33,2680375,2576520785.93,8451.37,6.413999794495037,9.042083837387057,0.0,0.3763861810433866,1,0,0,1
2019-04-10,611.23,5144888,5176335546.93,8451.37,6.415473320417376,9.042083837387057,0.14735259223384034,0.0,0,0,0,1
2019-04-11,611.05,252864,125741875.13,8451.37,6.41517878888401,9.042083837387057,-0.02945315333660048,0.0,0,0,0,1
2019-04-12,619.74,37626786,1285919071.98,8451.37,6.429300035246597,9.042083837387057,1.4121246362587492,0.0,0,0,0,1
2019-04-15,622.55,112799,77645192.86,8451.37,6.433823946398421,9.042083837387057,0.4523911151824045,0.0,0,0,0,1
2019-04-16,617.77,599876,871880223.46,8455.37,6.426116219901098,9.042557021463306,-0.7707726497323542,0.047318407624885594,0,0,0,1
2019-04-17,615.44,3357178,2852649756.38,8455.37,6.422337459150679,9.042557021463306,-0.37787607504187193,0.0,0,0,0,1
2019-04-18,614.16,2820253,2892692934.46,8455.37,6.420255480519643,9.042557021463306,-0.20819786310362076,0.0,0,0,0,1
2019-04-19,1376.46,3868662,3985432929.86,8455.37,7.227270264952298,9.042557021463306,80.70147844326554,0.0,0,0,0,1
2019-04-22,1370.72,624798,54454108.14,8455.37,7.223091428215734,9.042557021463306,-0.4178836736564051,0.0,0,0,0,1
2019-04-23,1373.32,5730970,5541772081.5,8441.36,7.224986444890468,9.040898712049518,0.1895016674733796,-0.16583094137878618,0,0,0,1
2019-04-24,1374.7,4214684,4088859267.8,8441.36,7.225990804477374,9.040898712049518,0.1004359586906034,0.0,0,0,0,1
2019-04-25,1377.06,93451433,1982048694.76,8441.36,7.227706070764129,9.040898712049518,0.17152662867552237,0.0,0,0,0,1
2019-04-26,1377.19,1460341,35419353.15,8441.36,7.227800470328509,9.040898712049518,0.009439956437962138,0.0,0,0,0,1
2019-04-29,1384.53,2396932,66716119.26,8441.36,7.233116010848631,9.040898712049518,0.5315540520122397,0.0,0,0,0,1
2019-04-30,626.08,82406,69197666.43,8445.49,6.439478158462102,9.04138785005718,-79.36378523865288,0.04891380076621488,0,0,0,1
2019-05-01,624.43,8337673,974321080.2,8445.49,6.436839233611378,9.04138785005718,-0.2638924850724145,0.0,0,0,0,1
2019-05-02,625.54,113841,12147270.41,8445.49,6.438615276703253,9.04138785005718,0.1776043091874513,0.0,0,0,0,1
2019-05-03,625.02,215580,266344341.3,8445.49,6.4377836492244125,9.04138785005718,-0.08316274788402467,0.0,0,0,0,1
2019-05-06,624.85,506697,43822847.47,8445.49,6.437511620931793,9.04138785005718,-0.027202829261963046,0.0,0,0,0,1
2019-05-07,627.15,224589,311177325.39,8448.89,6.441185746470683,9.04179035077587,0.36741255388905714,0.04025007186889695,0,0,0,1
2019-05-08,627.56,711508,602906135.71,8448.89,6.441839283964755,9.04179035077587,0.06535374940712657,0.0,0,0,0,1
2019-05-10,628.93,890367,1546376557.97,8448.89,6.4440199627491515,9.04179035077587,0.21806787843967612,0.0,0,0,0,1
2019-05-13,628.37,321998,194844333.06,8448.89,6.443129164949055,9.04179035077587,-0.08907978000962657,0.0,0,0,0,1
2019-05-14,626.96,4574196,3510638040.04,8458.16,6.440882742744609,9.042886934855165,-0.22464222044460413,0.10965840792955817,0,0,0,1
2019-05-15,626.06,1751926,1043456552.39,8458.16,6.439446213152469,9.042886934855165,-0.14365295921399124,0.0,0,0,0,1
2019-05-16,619.0,636415,108982465.0,8458.16,6.428105272684596,9.042886934855165,-1.134094046787304,0.0,0,0,0,1
2019-05-17,616.98,765373,112264823.73,8458.16,6.424836608469154,9.042886934855165,-0.326866421544203,0.0,0,0,0,1
2019-05-20,617.14,131138,29201637.69,8458.16,6.4250959025424965,9.042886934855165,0.02592940733423532,0.0,0,0,0,1
2019-05-21,615.98,31763,312848801.42,8460.92,6.423214495473971,9.043213193732655,-0.18814070685255757,0.03262588774894937,0,0,0,1
2019-05-22,615.34,49395,106418323.7,8460.92,6.4221749605721845,9.043213193732655,-0.1039534901786432,0.0,0,0,0,1
2019-05-23,610.45,6612310,1491083390.93,8460.92,6.414196390114864,9.043213193732655,-0.7978570457320089,0.0,0,0,0,1
2019-05-24,608.37,146394,62433015.89,8460.92,6.410783249504682,9.043213193732655,-0.3413140610182275,0.0,0,0,0,1
2019-05-27,610.37,332971,42471040.14,8460.92,6.414065330662833,9.043213193732655,0.32820811581508735,0.0,0,0,0,1
2019-05-28,612.02,60396,63086722.73,8485.91,6.416764961716917,9.046162420002517,0.2699631054084328,0.29492262698624927,0,0,0,1
2019-05-29,622.39,30289,28098159.16,8485.91,6.433566905897062,9.046162420002517,1.68019441801448,0.0,0,0,0,1
2019-05-30,623.48,68094,97897750.08,8485.91,6.43531668762085,9.046162420002517,0.17497817237881463,0.0,0,0,0,1
2019-05-31,625.31,101605,142387271.93,8485.91,6.438247526769061,9.046162420002517,0.29308391482105733,0.0,0,0,0,1
2019-06-01,626.05,277046,333489743.14,8485.91,6.439430240114957,9.046162420002517,0.1182713345896147,0.0,0,0,0,1
2019-06-03,626.52,50241422,989504920.19,8485.91,6.440180697210462,9.046162420002517,0.07504570955045864,0.0,0,0,0,1
2019-06-04,625.31,216614,992303387.26,8513.57,6.438247526769061,9.04941664006217,-0.19331704414007334,0.32542200596523685,0,0,0,1
2019-06-07,624.63,965056,918458589.53,8513.57,6.437159474435212,9.04941664006217,-0.10880523338485659,0.0,0,0,0,1
2019-06-10,620.59,41820,95588858.59,8513.57,6.430670638445849,9.04941664006217,-0.6488835989363118,0.0,0,0,0,1
2019-06-11,620.24,2435799,94933333.77,8518.68,6.430106499910703,9.05001667824307,-0.056413853514580836,0.060003818090059724,0,0,0,1
2019-06-12,620.69,91049,22205633.96,8518.68,6.430831762447229,9.05001667824307,0.07252625365259391,0.0,0,0,0,1
2019-06-13,624.98,148221187,2976582472.44,8518.68,6.43771964922439,9.05001667824307,0.6887886777160901,0.0,0,0,0,1
2019-06-14,624.94,21467,44136523.23,8518.68,6.437655645128107,9.05001667824307,-0.0064004096283376555,0.0,0,0,0,1
2019-06-17,621.46,674330,200715376.96,8518.68,6.432071548461202,9.05001667824307,-0.5584096666904514,0.0,0,0,0,1
2019-06-18,620.39,957604,4301337695.7,8535.74,6.430348312539337,9.052017333286207,-0.1723235921865296,0.20006550431368453,0,0,0,1
2019-06-19,619.58,463073,27974229.76,8535.74,6.4290418291321325,9.052017333286207,-0.13064834072045173,0.0,0,0,0,1
2019-06-20,621.17,1138775,49034885.25,8535.74,6.431604796483116,9.052017333286207,0.25629673509834916,0.0,0,0,0,1
2019-06-21,621.04,93432,193534980.58,8535.74,6.431395492097425,9.052017333286207,-0.020930438569077836,0.0,0,0,0,1
2019-06-24,620.05,659341,201644843.53,8535.74,6.429800119948781,9.052017333286207,-0.15953721486443584,0.0,0,0,0,1
2019-06-25,620.98,624249,210205908.23,8562.34,6.431298875295688,9.055128796264507,0.14987553469074655,0.3111462978299784,0,0,0,1
2019-06-26,619.27,284165,455868583.7,8562.34,6.428541364981557,9.055128796264507,-0.2757510314131295,0.0,0,0,0,1
2019-06-27,620.29,733199,155598638.68,8562.34,6.430187110617461,9.055128796264507,0.1645745635904028,0.0,0,0,0,1
2019-06-28,621.84,2472290,176918769.08,8562.34,6.432682824921964,9.055128796264507,0.24957143045032382,0.0,0,0,0,1
2019-07-01,633.48,6702023,167131023.56,8562.34,6.4512284286235255,9.055128796264507,1.854560370156122,0.0,0,0,0,1
2019-07-02,632.48,1082027,83464873.43,8574.74,6.449648599548375,9.05657595087475,-0.15798290751503075,0.1447154610243473,0,0,0,1
2019-07-03,632.82,453617,90293202.74,8574.74,6.450186021516578,9.05657595087475,0.053742196820305566,0.0,0,0,0,1
2019-07-04,636.56,442383,43149373.14,8574.74,6.45607867906928,9.05657595087475,0.5892657552701408,0.0,0,0,0,1
2019-07-05,635.67,115099,201608621.93,8574.74,6.45467956075705,9.05657595087475,-0.1399118312229497,0.0,0,0,0,1
2019-07-08,636.48,246139,50633460.25,8574.74,6.455952995665608,9.05657595087475,0.12734349085574692,0.0,0,0,0,1
2019-07-09,637.06,227761,52388355.36,8578.36,6.456863842659184,9.05699803202087,0.09108469935759089,0.042208114611952396,0,0,0,1
2019-07-10,637.34,582794,29480306.84,8578.36,6.457303265139575,9.05699803202087,0.04394224803911939,0.0,0,0,0,1
2019-07-11,636.73,78893,149612762.33,8578.36,6.456345703864904,9.05699803202087,-0.09575612746708373,0.0,0,0,0,1
2019-07-12,635.08,10286197,482646215.71,8578.36,6.453750975209311,9.05699803202087,-0.25947286555929594,0.0,0,0,0,1
2019-07-15,637.49,1646713,681089170.93,8578.36,6.457538590635041,9.05699803202087,0.37876154257299177,0.0,0,0,0,1
2019-07-16,636.92,36004,15424758.81,8584.5,6.456644058988226,9.057713530517267,-0.08945316468151887,0.07154984963975153,0,0,0,1
2019-07-17,637.77,77112,139327452.1,8584.5,6.45797771678108,9.057713530517267,0.1333657792854659,0.0,0,0,0,1
2019-07-18,631.06,109890,59977587.35,8584.5,6.447400945183948,9.057713530517267,-1.0576771597132328,0.0,0,0,0,1
2019-07-19,631.43,495827,206728663.93,8584.5,6.44798708845731,9.057713530517267,0.05861432733622607,0.0,0,0,0,1
2019-07-22,630.59,2651001,2653952730.3,8584.5,6.446655889072124,9.057713530517267,-0.13311993851861104,0.0,0,0,0,1
2019-07-23,630.21,785167401,658710839.99,8624.51,6.446053097175699,9.062363428691517,-0.06027918964255363,0.4649898174250211,0,0,0,1
2019-07-24,622.46,80146,42205804.54,8624.51,6.433679369246179,9.062363428691517,-1.2373727929519518,0.0,0,0,0,1
2019-07-25,626.14,178553,643911923.64,8624.51,6.43957398826844,9.062363428691517,0.5894619022260628,0.0,0,0,0,1
2019-07-26,628.31,1247197,1459407917.0,8624.51,6.443033675245955,9.062363428691517,0.3459686977515197,0.0,0,0,0,1
2019-07-29,624.89,512935,522610534.7,8624.51,6.437575634246584,9.062363428691517,-0.5458040999370972,0.0,0,0,0,1
2019-07-30,622.69,492563,57193940.77,8666.71,6.434048802651979,9.067244528323009,-0.35268315946046513,0.48810996314916366,0,0,0,1
2019-07-31,632.05,111425,147154470.17,8666.71,6.448968504941567,9.067244528323009,1.4919702289587278,0.0,0,0,0,1
2019-08-01,629.64,46840428,70355009.07,8666.71,6.44514822748662,9.067244528323009,-0.3820277454946286,0.0,0,0,0,1
2019-08-02,626.6,35577,60441171.08,8666.71,6.4403083785180915,9.067244528323009,-0.4839848968528848,0.0,0,0,0,1
2019-08-05,624.22,40858209,44524658939.5,8666.71,6.436502870335873,9.067244528323009,-0.38055081822188086,0.0,0,0,0,1
2019-08-06,602.61,4987343,6097523837.56,8704.87,6.401270221314567,9.071637918144768,-3.523264902130574,0.4393389821759186,0,0,0,1
2019-08-07,610.0,14870913,2812202811.16,8704.87,6.413458957167357,9.071637918144768,1.2188735852790344,0.0,0,0,0,1
2019-08-08,609.51,3609477,7556044531.25,8704.87,6.412655355677629,9.071637918144768,-0.08036014897285781,0.0,0,0,0,1
2019-08-09,609.35,6648230,8686142306.05,8704.87,6.412392815269511,9.071637918144768,-0.026254040811757307,0.0,0,0,0,1
2019-08-12,612.39,390835,2112532816.49,8882.0,6.4173693344536025,9.091782035852047,0.4976519184091366,2.0144117707278753,0,0,0,1
2019-08-13,612.63,16632754,3445560302.09,8882.0,6.4177611647960795,9.091782035852047,0.039183034247702864,0.0,0,0,0,1
2019-08-14,608.81,416069,2126636340.14,8882.0,6.4115062321681595,9.091782035852047,-0.6254932627919985,0.0,0,0,0,1
2019-08-15,614.01,25776,133118603.25,8882.0,6.420011214659468,9.091782035852047,0.8504982491308155,0.0,0,0,0,1
2019-08-16,610.35,3593707,5754588702.67,9061.0,6.414032563115809,9.11173476822206,-0.5978651543658842,1.9952732370013493,0,0,0,1
2019-08-19,615.1,10442240,176599277.81,9061.0,6.421784856214322,9.11173476822206,0.7752293098513441,0.0,0,0,0,1
2019-08-20,616.79,75759,183321187.26,9061.0,6.424528609406927,9.11173476822206,0.2743753192604892,0.0,0,0,0,1
2019-08-21,619.3,44648,210046929.33,9384.0,6.428589807944015,9.146761390333312,0.40611985370881953,3.5026622111251626,0,0,0,1
2019-08-22,619.47,3369187,3248224935.16,9384.0,6.428864273746492,9.146761390333312,0.027446580247669772,0.0,0,0,0,1
2019-08-23,628.44,17339,50875840.84,9384.0,6.443240558079396,9.146761390333312,1.4376284332904277,0.0,0,0,0,1
2019-08-26,627.83,51076,118413150.38,9384.0,6.442269429185225,9.146761390333312,-0.09711288941716134,0.0,0,0,0,1
2019-08-27,629.03,10277,51256225.67,9373.93,6.444178950316659,9.145687710991574,0.19095211314343885,-0.10736793417382984,0,0,0,1
2019-08-28,629.17,10761,21790180.16,9373.93,6.444401490454281,9.145687710991574,0.022254013762168512,0.0,0,0,0,1
2019-08-29,627.11,113206,372717198.09,9373.93,6.441121963841861,9.145687710991574,-0.3279526612419481,0.0,0,0,0,1
2019-08-30,631.4,464456,863243192.9,9373.93,6.447939576123892,9.145687710991574,0.6817612282030261,0.0,0,0,0,1
2019-09-04,630.85,39744,89187244.09,9373.93,6.44706811637375,9.145687710991574,-0.08714597501411347,0.0,0,0,0,1
2019-09-05,624.78,8004546,8123585679.25,9384.57,6.4373995877698595,9.14682213017659,-0.9668528603890891,0.11344191850160001,0,0,0,1
2019-09-06,628.14,15818,32010333.6,9384.57,6.442763071559319,9.14682213017659,0.5363483789459167,0.0,0,0,0,1
2019-09-07,634.54,3512,69703468.21,9384.57,6.452900326932563,9.14682213017659,1.0137255373244614,0.0,0,0,0,1
2019-09-09,635.36,21220,102944071.0,9384.57,6.454191767382941,9.14682213017659,0.12914404503776566,0.0,0,0,0,1
2019-09-10,633.36,141615,113364768.0,9395.63,6.451038980863179,9.147999966544532,-0.3152786519762252,0.11778363679422199,0,0,0,1
2019-09-11,631.77,6569,13878991.91,9395.63,6.448525403859796,9.147999966544532,-0.25135770033823945,0.0,0,0,0,1
2019-09-12,633.83,6521216,4001976816.81,9395.63,6.451780779680329,9.147999966544532,0.3255375820532258,0.0,0,0,0,1
2019-09-13,632.61,52514,147080805.14,9395.63,6.4498541185240335,9.147999966544532,-0.19266611562951397,0.0,0,0,0,1
2019-09-16,633.12,17100,44544837.9,9395.63,6.450659977637114,9.147999966544532,0.08058591130808423,0.0,0,0,0,1
2019-09-17,633.24,208505,247549491.44,9411.3,6.450849497205577,9.149666373940763,0.01895195684626927,0.16664073962306958,0,0,0,1
2019-09-18,630.87,318349,93285462.26,9411.3,6.447099819128722,9.149666373940763,-0.3749678076855112,0.0,0,0,0,1
2019-09-19,631.24,99754519,1233585158.72,9411.3,6.447686138879932,9.149666373940763,0.058631975120970736,0.0,0,0,0,1
2019-09-20,632.97,2393812,162717765.5,9411.3,6.4504230276561465,9.149666373940763,0.27368887762149186,0.0,0,0,0,1
2019-09-23,634.95,213299,267490000.4,9411.3,6.453546255635042,9.149666373940763,0.31232279788957484,0.0,0,0,0,1
2019-09-24,631.57,534641,119262978.94,9424.54,6.448208782836682,9.151072204759094,-0.5337472798360388,0.1405830818331566,0,0,0,1
2019-09-25,626.12,2098356,2605161537.83,9424.54,6.439542046020022,9.151072204759094,-0.866673681665997,0.0,0,0,0,1
2019-09-26,625.05,245040,401104419.53,9424.54,6.437831646536572,9.151072204759094,-0.17103994834499758,0.0,0,0,0,1
2019-09-27,625.23,209907,110006492.37,9424.54,6.438119582041009,9.151072204759094,0.028793550443673155,0.0,0,0,0,1
2019-09-30,629.58,1813343,2238327333.38,9424.54,6.445052930397875,9.151072204759094,0.6933348356866098,0.0,0,0,0,1
2019-10-02,625.09,5128038,830173231.0,9446.65,6.437895639369397,9.15341546028425,-0.7157291028478063,0.23432555251563514,0,0,0,1
2019-10-03,627.38,1222758,47570526.57,9446.65,6.441552417658422,9.15341546028425,0.3656778289025553,0.0,0,0,0,1
2019-10-04,628.48,41742025,858151950.3,9446.65,6.443304205726046,9.15341546028425,0.1751788067624105,0.0,0,0,0,1
2019-10-07,622.74,816144,2140046981.89,9446.65,6.434129096205253,9.15341546028425,-0.9175109520793256,0.0,0,0,0,1
2019-10-08,624.18,127525,198924226.74,9433.34,6.436438788310859,9.15200550167675,0.23096921056060538,-0.14099586074998172,0,0,0,1
2019-10-09,624.53,94024,101839063.3,9433.34,6.436999366842568,9.15200550167675,0.05605785317088774,0.0,0,0,0,1
2019-10-10,624.64,424691,2105895378.18,9433.34,6.437175483784673,9.15200550167675,0.017611694210462048,0.0,0,0,0,1
2019-10-11,620.04,31331816,295394227.98,9433.34,6.429783992087094,9.15200550167675,-0.73914916975788,0.0,0,0,0,1
2019-10-14,617.71,685703,2157850823.5,9433.34,6.426019091659366,9.15200550167675,-0.3764900427728257,0.0,0,0,0,1
2019-10-15,616.6,19537,67832974.57,9455.24,6.42422051545205,9.154324364165435,-0.17985762073156053,0.23188624886838483,0,0,0,1
2019-10-16,619.41,89131,77739793.94,9455.24,6.428767412064897,9.154324364165435,0.4546896612847462,0.0,0,0,0,1
2019-10-17,617.29,32560,131298835.93,9455.24,6.425338929689825,9.154324364165435,-0.3428482375072761,0.0,0,0,0,1
2019-10-18,623.01,64811,87600627.63,9455.24,6.434562570022997,9.154324364165435,0.9223640333172689,0.0,0,0,0,1
2019-10-21,614.34,73302,53361158.85,9455.24,6.420548520814781,9.154324364165435,-1.4014049208216584,0.0,0,0,0,1
2019-10-22,614.21,6019,30680476.61,9448.53,6.420336889215765,9.153614452832212,-0.021163159901593787,-0.07099113332227347,0,0,0,1
2019-10-23,617.25,57529,319002916.84,9448.53,6.425274128225289,9.153614452832212,0.49372390095241414,0.0,0,0,0,1
2019-10-24,616.55,428335,83581065.89,9448.53,6.424139422316539,9.153614452832212,-0.11347059087496447,0.0,0,0,0,1
2019-10-25,613.22,611334,2826355304.86,9448.53,6.418723762251816,9.153614452832212,-0.5415660064723049,0.0,0,0,0,1
2019-10-28,618.65,73553,142041609.53,9448.53,6.427539684659985,9.153614452832212,0.8815922408168753,0.0,0,0,0,1
2019-10-29,611.06,622811,2771074572.35,9463.37,6.415195154022991,9.155183835395135,-1.2344530636994477,0.15693825629234937,0,0,0,1
2019-10-30,611.23,14148,63611451.99,9463.37,6.415473320417376,9.155183835395135,0.027816639438515978,0.0,0,0,0,1
2019-10-31,618.26,563462,2801269323.94,9463.37,6.426909080957333,9.155183835395135,1.1435760539956874,0.0,0,0,0,1
2019-11-01,617.81,165107,1164704037.99,9463.37,6.426180966821595,9.155183835395135,-0.07281141357378118,0.0,0,0,0,1
2019-11-04,619.53,1181409,96244572.06,9463.37,6.42896112604681,9.155183835395135,0.27801592252147955,0.0,0,0,0,1
2019-11-05,621.49,90322,546965638.45,9467.27,6.432119820716733,9.155595865844731,0.31586946699233565,0.041203044959559065,0,0,0,1
2019-11-06,618.07,276305,333073271.63,9467.27,6.426601719651701,9.155595865844731,-0.5518101065032255,0.0,0,0,0,1
2019-11-07,619.82,215185,819596475.82,9467.27,6.429429113306733,9.155595865844731,0.282739365503204,0.0,0,0,0,1
2019-11-08,616.81,2103527,410748696.5,9467.27,6.424561034828461,9.155595865844731,-0.48680784782719755,0.0,0,0,0,1
2019-11-11,617.52,204109,571962069.18,9467.27,6.425711456641598,9.155595865844731,0.11504218131372923,0.0,0,0,0,1
2019-11-12,623.32,658330,243719358.28,9490.77,6.4350600305774135,9.158075026352503,0.9348573935815452,0.24791605077716383,0,0,0,1
2019-11-13,624.28,2224284,651185247.28,9490.77,6.436598985674353,9.158075026352503,0.1538955096939354,0.0,0,0,0,1
2019-11-14,623.4,87996,133928351.91,9490.77,6.435188367333237,9.158075026352503,-0.1410618341115999,0.0,0,0,0,1
2019-11-15,623.24,1806,98103305.09,9490.77,6.434931677349154,9.158075026352503,-0.025668998408256982,0.0,0,0,0,1
2019-11-18,622.38,13862,59544246.02,9490.77,6.433550838671792,9.158075026352503,-0.13808386773623837,0.0,0,0,0,1
2019-11-19,622.76,18323839,486578330.61,9500.96,6.434161211821474,9.159148125114738,0.06103731496818199,0.10730987622356025,0,0,0,1
2019-11-20,620.5,21752850,744655658.73,9500.96,6.430525604644662,9.159148125114738,-0.36356071768119946,0.0,0,0,0,1
2019-11-21,619.44,103300,164103336.83,9500.96,6.428815844078469,9.159148125114738,-0.1709760566193097,0.0,0,0,0,1
2019-11-22,621.7,15877301,492682474.41,9500.96,6.432457661275292,9.159148125114738,0.3641817196823105,0.0,0,0,0,1
2019-11-25,621.7,0,0.0,9500.96,6.432457661275292,9.159148125114738,0.0,0.0,1,1,1,1
2019-11-26,616.65,202238,301408440.19,9494.68,6.424301602011997,9.158486920730068,-0.8156059263294324,-0.06612043846700999,0,0,0,1
2019-11-27,620.24,1343739,702960340.24,9494.68,6.430106499910703,9.158486920730068,0.5804897898705974,0.0,0,0,0,1
2019-11-28,622.29,27903758,803055132.03,9494.68,6.433406222026163,9.158486920730068,0.32997221154600354,0.0,0,0,0,1
2019-11-29,625.51,2550148,246208207.46,9494.68,6.4385673169894035,9.158486920730068,0.5161094963240132,0.0,0,0,0,1
2019-12-02,617.18,106937,43753695.2,9494.68,6.425160715556972,9.158486920730068,-1.3406601432431664,0.0,0,0,0,1
2019-12-03,611.73,1477564,86982381.47,9510.99,6.416291008694766,9.160203251067681,-0.8869706862205895,0.17163303376133143,0,0,0,1
2019-12-04,610.6,3160737,96137184.98,9510.99,6.414442080300778,9.160203251067681,-0.18489283939882029,0.0,0,0,0,1
2019-12-05,610.89,37324782,112352675.3,9510.99,6.4149169102305335,9.160203251067681,0.04748299297556713,0.0,0,0,0,1
2019-12-06,608.57,19622932,415392575.81,9510.99,6.411111942787508,9.160203251067681,-0.38049674430258307,0.0,0,0,0,1
2019-12-09,609.02,578348,88127036.51,9510.99,6.411851107893148,9.160203251067681,0.0739165105640538,0.0,0,0,0,1
2019-12-10,609.57,1022778,173863281.12,9537.55,6.412753790563031,9.162991918042929,0.0902682669883248,0.2788666975247267,0,0,0,1
2019-12-11,610.11,129194,287700506.25,9537.55,6.413639268779094,9.162991918042929,0.08854782160625518,0.0,0,0,0,1
2019-12-12,610.59,3557621,120210596.1,9537.55,6.414425702832897,9.162991918042929,0.07864340538032977,0.0,0,0,0,1
2019-12-13,612.81,30507,46009386.33,9537.55,6.418054936831094,9.162991918042929,0.36292339981969235,0.0,0,0,0,1
2019-12-16,609.96,347733,427972388.77,9537.55,6.413393381246811,9.162991918042929,-0.46615555842830503,0.0,0,0,0,1
2019-12-17,616.78,55783,344333596.23,9532.4,6.424512396301874,9.162451801249208,1.1119015055062853,-0.05401167937204576,0,0,0,1
2019-12-18,620.21,3411025,261325198.33,9532.4,6.430058130367383,9.162451801249208,0.55457340655094,0.0,0,0,0,1
2019-12-19,618.84,911475,186233666.49,9532.4,6.427846757850868,9.162451801249208,-0.22113725165153753,0.0,0,0,0,1
2019-12-20,613.16,143722,110185707.27,9532.4,6.418625913297906,9.162451801249208,-0.9220844552961793,0.0,0,0,0,1
2019-12-23,623.5,41962,79664957.75,9532.4,6.435348765120091,9.162451801249208,1.6722851822184914,0.0,0,0,0,1
2019-12-24,621.31,65937248,1051852787.71,9516.37,6.431830152224202,9.160768752550112,-0.35186128958892837,-0.16830486990961901,0,0,0,1
2019-12-25,620.68,833556,80273174.67,9516.37,6.430815651215283,9.160768752550112,-0.10145010089184225,0.0,0,0,0,1
2019-12-26,622.77,2032411519,2725068787.93,9516.37,6.434177269242813,9.160768752550112,0.3361618027529545,0.0,0,0,0,1
2019-12-27,626.46,1100323,564621087.49,9516.37,6.440084925530074,9.160768752550112,0.5907656287260643,0.0,0,0,0,1
2019-12-28,627.59,152016514,239985347.83,9516.37,6.441887087016192,9.160768752550112,0.18021614861183366,0.0,0,0,0,1
2019-12-30,641.97,71292,103626271.02,9516.37,6.464541573626166,9.160768752550112,2.2654486609973823,0.0,0,0,0,1
2020-01-03,643.15,121303,65763290.37,9507.56,6.466377978524725,9.15984255058976,0.18364048985590742,-0.0926201960352202,0,0,0,1
2020-01-04,639.75,1355928,106731028.16,9507.56,6.4610774750398985,9.15984255058976,-0.5300503484826358,0.0,0,0,0,1
2020-01-06,639.45,64672,201229179.81,9507.56,6.460608431879329,9.15984255058976,-0.04690431605691714,0.0,0,0,0,1
2020-01-07,631.02,1210672,204705056.56,9507.89,6.447337557759992,9.159877259208281,-1.327087411933725,0.0034708618521506196,0,0,0,1
2020-01-08,626.86,597241,743946494.86,9507.89,6.440723230214561,9.159877259208281,-0.6614327545430676,0.0,0,0,0,1
2020-01-09,625.94,311042,97060299.18,9507.89,6.439254519861148,9.159877259208281,-0.14687103534134494,0.0,0,0,0,1
2020-01-10,627.87,3859464,261145216.77,9507.89,6.442333138669996,9.159877259208281,0.3078618808848077,0.0,0,0,0,1
2020-01-13,632.62,171658,116101857.37,9507.89,6.449869925926641,9.159877259208281,0.753678725664475,0.0,0,0,0,1
2020-01-14,625.69,154980,91653997.6,9550.76,6.438855040776555,9.164376011460197,-1.1014885150085973,0.4498752251915761,0,0,0,1
2020-01-15,631.4,338382,490836761.29,9550.76,6.447939576123892,9.164376011460197,0.9084535347336775,0.0,0,0,0,1
2020-01-16,625.58,553353,275692884.86,9550.76,6.438679219410609,9.164376011460197,-0.9260356713282292,0.0,0,0,0,1
2020-01-17,624.73,383252,307746654.86,9550.76,6.437319556397519,9.164376011460197,-0.13596630130905396,0.0,0,0,0,1
2020-01-20,621.38,1052386,259790893.22,9550.76,6.431942811053152,9.164376011460197,-0.5376745344366718,0.0,0,0,0,1
2020-01-21,621.36,7100,11612900.0,9547.05,6.431910624111392,9.16398748523162,-0.0032186941759881904,-0.03885262285763247,0,0,0,1
2020-01-22,613.26,508771,474771855.75,9547.05,6.41878898956904,9.16398748523162,-1.3121634542351934,0.0,0,0,0,1
2020-01-23,629.03,100223,390442193.35,9547.05,6.444178950316659,9.16398748523162,2.53899607476189,0.0,0,0,0,1
2020-01-24,634.91,1597762,285722204.84,9547.05,6.453483256564258,9.16398748523162,0.9304306247599037,0.0,0,0,0,1
2020-01-27,633.24,898217,510576772.48,9547.05,6.450849497205577,9.16398748523162,-0.26337593586811536,0.0,0,0,0,1
2020-01-28,633.31,1555624,164117746.94,9563.33,6.450960033702472,9.165691271753737,0.011053649689518608,0.1703786522115891,0,0,0,1
2020-01-29,634.7,337259,185924047.05,9563.33,6.453152446312425,9.165691271753737,0.21924126099523988,0.0,0,0,0,1
2020-01-30,634.69,82829,110903684.03,9563.33,6.453136690713278,9.165691271753737,-0.0015755599146238808,0.0,0,0,0,1
2020-01-31,642.83,51630,92788054.69,9563.33,6.4658803035894925,9.165691271753737,1.2743612876214172,0.0,0,0,0,1
2020-02-03,643.43,303512,31035284.37,9563.33,6.466813241010416,9.165691271753737,0.09329374209237074,0.0,0,0,0,1
2020-02-04,629.8,399915,90699112.33,9541.74,6.4454023086669245,9.163431137748416,-2.1410932343491673,-0.22601340053203245,0,0,0,1
2020-02-05,627.42,91385,207298906.47,9541.74,6.441616172838552,9.163431137748416,-0.37861358283723945,0.0,0,0,0,1
2020-02-06,624.66,29132,40172332.26,9541.74,6.437207501714717,9.163431137748416,-0.44086711238353615,0.0,0,0,0,1
2020-02-07,625.46,30208,58347624.87,9541.74,6.4384873790212245,9.163431137748416,0.1279877306507693,0.0,0,0,0,1
2020-02-10,618.69,95739,136422424.83,9541.74,6.427604339484065,9.163431137748416,-1.0883039537159078,0.0,0,0,0,1
2020-02-11,620.35,1351334,79038837.26,9539.16,6.430283834888881,9.16316071025121,0.26794954048154906,-0.027042749720607162,0,0,0,1
2020-02-12,622.13,445277,116447471.14,9539.16,6.433149074116484,9.16316071025121,0.2865239227602956,0.0,0,0,0,1
2020-02-13,619.51,274688,136447867.16,9539.16,6.428928842988956,9.16316071025121,-0.4220231127527896,0.0,0,0,0,1
2020-02-14,614.84,1143368,87304243.29,9539.16,6.421362071356731,9.16316071025121,-0.7566771632224523,0.0,0,0,0,1
2020-02-17,611.44,67337,41953813.4,9539.16,6.415816830934629,9.16316071025121,-0.554524042210236,0.0,0,0,0,1
2020-02-18,609.37,226404,49302290.64,9528.49,6.412425636590244,9.16204153708475,-0.3391194344384729,-0.11191731664599303,0,0,0,1
2020-02-19,607.73,2035684,133330837.73,9528.49,6.409730704386542,9.16204153708475,-0.2694932203702649,0.0,0,0,0,1
2020-02-20,611.27,283300,53036117.79,9528.49,6.4155387600902,9.16204153708475,0.580805570365861,0.0,0,0,0,1
2020-02-21,609.05,632947,64509779.21,9528.49,6.411900366145968,9.16204153708475,-0.36383939442323765,0.0,0,0,0,1
2020-02-24,608.41,1571770,150649266.75,9528.49,6.410848996804957,9.16204153708475,-0.10513693410105773,0.0,0,0,0,1
2020-02-25,606.04,559037,132761897.83,9526.28,6.406945990491635,9.161809574168387,-0.3903006313322521,-0.023196291636295996,0,0,0,1
2020-02-26,610.12,9646311,205518946.87,9526.28,6.413655659131733,9.161809574168387,0.670966864009781,0.0,0,0,0,1
2020-02-27,611.53,238256,267993058.5,9526.28,6.415964013613128,9.161809574168387,0.2308354481395547,0.0,0,0,0,1
2020-02-28,614.24,219962,623591012.11,9526.28,6.4203857312524875,9.161809574168387,0.44217176393592794,0.0,0,0,0,1
2020-03-02,612.52,8096669,239580186.35,9526.28,6.4175815949470065,9.161809574168387,-0.2804136305480931,0.0,0,0,0,1
2020-03-03,612.4,467222,70676840.61,9513.84,6.417385663783529,9.160502859528972,-0.019593116347760287,-0.13067146394156737,0,0,0,1
2020-03-04,614.12,24279617,6808572049.19,9513.84,6.420190348790698,9.160502859528972,0.28046850071694607,0.0,0,0,0,1
2020-03-05,613.55,1184909,77188042.0,9513.84,6.419261760422557,9.160502859528972,-0.09285883681418028,0.0,0,0,0,1
2020-03-06,613.52,6752555,6762968854.41,9513.84,6.419212863456604,9.160502859528972,-0.004889696595267168,0.0,0,0,0,1
2020-03-09,609.89,81934435,185192713.79,9513.84,6.4132786130374795,9.160502859528972,-0.5934250419124432,0.0,0,0,0,1
2020-03-10,611.04,296808,80223497.73,9500.54,6.415162423477206,9.159103918078443,0.18838104397262967,-0.13989414505282127,0,0,0,1
2020-03-11,616.2,1759732,94284689.92,9500.54,6.423571586162567,9.159103918078443,0.8409162685361515,0.0,0,0,0,1
2020-03-12,615.95,74498,80418439.98,9500.54,6.423165791407984,9.159103918078443,-0.04057947545836882,0.0,0,0,0,1
2020-03-13,614.77,35289,62237852.04,9500.54,6.4212482141173215,9.159103918078443,-0.1917577290662109,0.0,0,0,0,1
2020-03-16,613.1,1073743,69428759.01,9500.54,6.418528054768642,9.159103918078443,-0.27201593486791964,0.0,0,0,0,1
2020-03-17,610.48,518501,58062548.98,9520.34,6.4142455329813775,9.161185841433385,-0.4282521787264848,0.2081923354941395,0,0,0,1
2020-03-18,607.99,44744,75415129.08,9520.34,6.4101584344624865,9.161185841433385,-0.4087098518890997,0.0,0,0,0,1
2020-03-19,607.08,22731,48390832.3,9520.34,6.408660578091845,9.161185841433385,-0.14978563706415926,0.0,0,0,0,1
2020-03-20,606.58,103650,105555603.85,9520.34,6.407836624054821,9.161185841433385,-0.08239540370240661,0.0,0,0,0,1
2020-03-24,609.02,54261,96537884.57,9520.34,6.411851107893148,9.161185841433385,0.4014483838327365,0.0,0,0,0,1
2020-03-25,598.56,1210764,68235562.03,9532.74,6.394526770599836,9.162487468440746,-1.7324337293311842,0.13016270073613612,0,0,0,1
2020-03-26,604.35,30955,85708953.76,9532.74,6.404153500305466,9.162487468440746,0.9626729705630055,0.0,0,0,0,1
2020-03-27,605.92,52682,69687760.24,9532.74,6.406747964153484,9.162487468440746,0.25944638480179805,0.0,0,0,0,1
2020-03-30,614.43,57385,125173945.49,9532.74,6.420695008766408,9.162487468440746,1.3947044612923953,0.0,0,0,0,1
2020-03-31,616.6,266130,2227067506.07,9554.22,6.42422051545205,9.164738220689186,0.3525506685641666,0.22507522484396247,0,0,0,1
2020-04-01,613.35,5577,29668553.89,9554.22,6.418935735478761,9.164738220689186,-0.5284779973289133,0.0,0,0,0,1
2020-04-02,617.06,77369,22062805.94,9554.22,6.424966263910002,9.164738220689186,0.6030528431240967,0.0,0,0,0,1
2020-04-03,615.55,28570,1703710.27,9554.22,6.422516177093624,9.164738220689186,-0.24500868163777056,0.0,0,0,0,1
2020-04-06,616.75,12830,24976613.45,9554.22,6.424463755409466,9.164738220689186,0.19475783158418025,0.0,0,0,0,1
2020-04-07,613.59,407598,19281082.66,9590.1,6.419326952658185,9.168486595351794,-0.5136802751280811,0.3748374662608356,0,0,0,1
2020-04-08,613.83,18426,12022505.97,9590.1,6.419718016846578,9.168486595351794,0.03910641883928534,0.0,0,0,0,1
2020-04-09,611.48,25422,4416490.38,9590.1,6.415882248132833,9.168486595351794,-0.38357687137446916,0.0,0,0,0,1
2020-04-10,613.04,5533,21017711.42,9590.1,6.418430186662149,9.168486595351794,0.2547938529315452,0.0,0,0,0,1
2020-04-13,613.0,7888,20784941.01,9590.1,6.418364935936212,9.168486595351794,-0.00652507259371049,0.0,0,0,0,1
2020-04-14,612.91,162273,16944788.63,9693.36,6.4182181062339305,9.1791963940072,-0.014682970228108161,1.0709798655405223,0,0,0,1
2020-04-15,614.63,169710,28262487.49,9693.36,6.421020460740706,9.1791963940072,0.2802354506775906,0.0,0,0,0,1
2020-04-16,610.28,188264,13332316.26,10121.0,6.413917868245002,9.222367752188902,-0.7102592495704663,4.317135818170215,0,0,0,1
2020-04-17,601.47,141414,34951806.34,10121.0,6.3993766588591985,9.222367752188902,-1.4541209385803278,0.0,0,0,0,1
2020-04-20,600.9,6935,17139827.31,10121.0,6.398428531339882,9.222367752188902,-0.09481275193161665,0.0,0,0,0,1
2020-04-21,599.81,534298,10154363.63,10137.94,6.396612938400003,9.224040100687695,-0.1815592939879096,0.16723484987934967,0,0,0,1
2020-04-22,601.36,806005,107145274.62,10137.94,6.399193756869214,9.224040100687695,0.2580818469210655,0.0,0,0,0,1
2020-04-23,605.07,28786,37920142.53,10137.94,6.405344153817165,9.224040100687695,0.6150396947950831,0.0,0,0,0,1
2020-04-24,604.25,43415,72724968.6,10137.94,6.4039880195835925,9.224040100687695,-0.13561342335721704,0.0,0,0,0,1
2020-04-27,615.78,1004819,40351495.34,10137.94,6.422889756885678,9.224040100687695,1.8901737302085664,0.0,0,0,0,1
2020-04-28,612.58,42697,99072579.75,10130.0,6.417679546134743,9.22325659724273,-0.5210210750934863,-0.07835034449659162,0,0,0,1
2020-04-29,617.77,15946,2015968.57,10130.0,6.426116219901098,9.22325659724273,0.8436673766354374,0.0,0,0,0,1
2020-04-30,618.31,35244,41465718.85,10130.0,6.426989949812354,9.22325659724273,0.08737299112562269,0.0,0,0,0,1
2020-05-01,617.5,17809,13683007.6,10130.0,6.4256790685021326,9.22325659724273,-0.131088131022139,0.0,0,0,0,1
2020-05-04,619.27,555158,844855550.7,10130.0,6.428541364981557,9.22325659724273,0.28622964794244865,0.0,0,0,0,1
2020-05-05,620.29,91129,10823615.37,10129.39,6.430187110617461,9.223196378252899,0.1645745635904028,-0.006021898983021856,0,0,0,1
2020-05-06,622.14,35173,392442003.08,10129.39,6.433165147798242,9.223196378252899,0.29780371807808237,0.0,0,0,0,1
2020-05-07,613.86,17527,54314665.12,10129.39,6.419766889118904,9.223196378252899,-1.339825867933797,0.0,0,0,0,1
2020-05-08,618.32,77974,9114260.72,10129.39,6.427006122798615,9.223196378252899,0.7239233679711354,0.0,0,0,0,1
2020-05-11,619.07,239186,104977259.45,10129.39,6.428218351912871,9.223196378252899,0.12122291142553365,0.0,0,0,0,1
2020-05-12,619.17,47904,9924614.29,10137.2,6.428379871489394,9.22396710489084,0.016151957652343896,0.07707266379402,0,0,0,1
2020-05-13,627.32,290941,15194078.89,10137.2,6.441456777266224,9.22396710489084,1.3076905776830294,0.0,0,0,0,1
2020-05-14,616.88,5027055,2834038228.49,10137.2,6.424674515524705,9.22396710489084,-1.67822617415192,0.0,0,0,0,1
2020-05-15,617.31,30066097,708532968.7,10137.2,6.425371328847449,9.22396710489084,0.069681332274385,0.0,0,0,0,1
2020-05-18,620.33,197959,59939227.27,10137.2,6.430251594504573,9.22396710489084,0.488026565712385,0.0,0,0,0,1
2020-05-19,629.08,127484,37954307.4,10129.56,6.444258434622525,9.223213160958815,1.400684011795228,-0.07539439320236596,0,0,0,1
2020-05-20,621.71,703736,72331055.33,10129.56,6.432473746074353,9.223213160958815,-1.1784688548171829,0.0,0,0,0,1
2020-05-21,622.66,13629,14940596.24,10129.56,6.434000623425246,9.223213160958815,0.15268773508925193,0.0,0,0,0,1
2020-05-22,621.19,86672,32063676.79,10129.56,6.43163699326988,9.223213160958815,-0.23636301553660033,0.0,0,0,0,1
2020-05-25,621.72,19002,66393017.01,10129.56,6.432489830614697,9.223213160958815,0.08528373448175586,0.0,0,0,0,1
2020-05-26,625.24,121181,586472908.12,10139.3,6.43813557602727,9.224174241231678,0.56457454125729,0.09610802728623469,0,0,0,1
2020-05-27,626.87,151098,361911053.16,10139.3,6.440739182612607,9.224174241231678,0.26036065853363155,0.0,0,0,0,1
2020-05-28,626.5,282951,223940644.91,10139.3,6.440148774336123,9.224174241231678,-0.05904082764836005,0.0,0,0,0,1
2020-05-29,627.88,1050199,482677710.97,10139.3,6.442349065407006,9.224174241231678,0.22002910708831536,0.0,0,0,0,1
2020-06-01,628.19,2025718,54779621.47,10139.3,6.4428426684805515,9.224174241231678,0.04936030735454011,0.0,0,0,0,1
2020-06-02,625.29,2674143,197883246.1,10148.31,6.438215542121689,9.225062468143806,-0.4627126358862199,0.08882269121279762,0,0,0,1
2020-06-03,627.44,593779,174872338.38,10148.31,6.441648048904411,9.225062468143806,0.3432506782721667,0.0,0,0,0,1
2020-06-04,627.6,756963,335765118.25,10148.31,6.441903020858877,9.225062468143806,0.0254971954466221,0.0,0,0,0,1
2020-06-05,626.52,2605269,247426684.05,10148.31,6.440180697210462,9.225062468143806,-0.17223236484156246,0.0,0,0,0,1
2020-06-08,628.46,91785,65869227.79,10148.31,6.443272382409099,9.225062468143806,0.30916851986377836,0.0,0,0,0,1
2020-06-09,627.41,175195,684128576.11,10153.19,6.441600234424584,9.22554322080681,-0.16721479845154263,0.048075266300351416,0,0,0,1
2020-06-10,628.66,578259,94000277.24,10153.19,6.4435905700151945,9.22554322080681,0.19903355906105702,0.0,0,0,0,1
2020-06-11,618.8,1526361,193793210.79,10153.19,6.427782118698911,9.22554322080681,-1.5808451316283723,0.0,0,0,0,1
2020-06-12,623.43,586841,75389226.35,10153.19,6.435236489370733,9.22554322080681,0.7454370671822197,0.0,0,0,0,1
2020-06-15,622.88,2674476,109331828.06,10153.19,6.434353883862146,9.22554322080681,-0.08826055085870976,0.0,0,0,0,1
2020-06-16,625.32,1243682,745122361.66,10151.9,6.438263518709124,9.225416159069901,0.39096348469778164,-0.012706173690801847,0,0,0,1
2020-06-17,623.88,121899,13260226.81,10151.9,6.435958042183625,9.225416159069901,-0.23054765254988396,0.0,0,0,0,1
2020-06-18,628.68,260761,62877415.23,10151.9,6.443622383208129,9.225416159069901,0.7664341024503862,0.0,0,0,0,1
2020-06-19,631.08,376204,62956982.73,10151.9,6.447432637389253,9.225416159069901,0.3810254181124684,0.0,0,0,0,1
2020-06-22,629.22,362174,61816870.49,10151.9,6.444480957074369,9.225416159069901,-0.2951680314884797,0.0,0,0,0,1
2020-06-23,630.52,929263,91273847.95,10172.76,6.446544875758342,9.227468838654648,0.20639186839730428,0.20526795847466417,0,0,0,1
2020-06-24,630.74,927832,190699490.13,10172.76,6.446893733253594,9.227468838654648,0.034885749525237486,0.0,0,0,0,1
2020-06-25,630.3,1567572,161395630.93,10172.76,6.446195896519065,9.227468838654648,-0.0697836734529389,0.0,0,0,0,1
2020-06-26,633.93,1839782,1966514035.9,10172.76,6.451938538246946,9.227468838654648,0.5742641727881193,0.0,0,0,0,1
2020-06-29,631.89,2721596,3636344473.35,10172.76,6.448715328365377,9.227468838654648,-0.3223209881569211,0.0,0,0,0,1
2020-06-30,631.01,39406,209080995.61,10173.38,6.447321710276176,9.227529783875726,-0.13936180892004657,0.006094522107780165,0,0,0,1
2020-07-01,629.01,104781,35346883.76,10173.38,6.444147154825257,9.227529783875726,-0.3174555450919492,0.0,0,0,0,1
2020-07-02,631.27,956146,43747834.37,10173.38,6.447733663255986,9.227529783875726,0.3586508430728941,0.0,0,0,0,1
2020-07-03,630.58,300423,251611203.17,10173.38,6.446640030781806,9.227529783875726,-0.10936324741797065,0.0,0,0,0,1
2020-07-06,631.82,60094,12515268.67,10173.38,6.448604543454168,9.227529783875726,0.19645126723624173,0.0,0,0,0,1
2020-07-07,633.0,497281,182905119.7,10184.73,6.450470422144176,9.228644818736619,0.18658786900074276,0.11150348608932603,0,0,0,1
2020-07-08,630.84,96096,79707319.82,10184.73,6.447052264619357,9.228644818736619,-0.3418157524818888,0.0,0,0,0,1
2020-07-09,628.91,68269,33630129.63,10184.73,6.44398816220218,9.228644818736619,-0.3064102417177139,0.0,0,0,0,1
2020-07-10,629.64,692896,281063050.72,10184.73,6.44514822748662,9.228644818736619,0.11600652844405701,0.0,0,0,0,1
2020-07-13,632.73,10426773,42610910.07,10184.73,6.4500437908656325,9.228644818736619,0.4895563379012202,0.0,0,0,0,1
2020-07-14,625.45,577920,178411714.49,10194.96,6.438471390660751,9.229648759508951,-1.1572400204881816,0.10039407723319016,0,0,0,1
2020-07-15,628.78,32910,58897582.64,10194.96,6.443781433993379,9.229648759508951,0.5310043332628744,0.0,0,0,0,1
2020-07-16,632.71,2014789,6857459285.01,10194.96,6.450012181306899,9.229648759508951,0.6230747313519913,0.0,0,0,0,1
2020-07-17,633.46,314588,84330717.77,10194.96,6.451196856489088,9.229648759508951,0.1184675182188677,0.0,0,0,0,1
2020-07-20,635.53,32767,60804529.35,10194.96,6.454459296438979,9.229648759508951,0.32624399498910606,0.0,0,0,0,1
2020-07-21,633.51,44020,17366121.56,10210.39,6.45127578495626,9.231161108274442,-0.31835114827192257,0.15123487654911116,0,0,0,1
2020-07-22,636.45,1993551,3567722611.44,10210.39,6.455905860316443,9.231161108274442,0.4630075360183561,0.0,0,0,0,1
2020-07-23,637.33,1058117,117079492.37,10210.39,6.457287574804036,9.231161108274442,0.13817144875929444,0.0,0,0,0,1
2020-07-24,638.1,2504930,146777772.92,10210.39,6.458495010874302,9.231161108274442,0.12074360702651887,0.0,0,0,0,1
2020-07-27,636.69,2715064,434787580.34,10210.39,6.456282880915659,9.231161108274442,-0.22121299586421728,0.0,0,0,0,1
2020-07-28,637.1,82877,9263959.92,10207.69,6.456926629122442,9.230896636784886,0.06437482067829237,-0.026447148955632827,0,0,0,1
2020-07-29,637.44,362390,97093654.81,10207.69,6.457460154956179,9.230896636784886,0.05335258337364479,0.0,0,0,0,1
2020-07-30,632.22,84771,39765457.73,10207.69,6.449237434839492,9.230896636784886,-0.8222720116687121,0.0,0,0,0,1
2020-08-03,638.21,242064,20826636.51,10207.69,6.458667382790642,9.230896636784886,0.9429947951150375,0.0,0,0,0,1
2020-08-05,637.45,96412,15740030.69,10209.86,6.457475842584131,9.231109199017688,-0.11915402065110214,0.021256223280197162,0,0,0,1
2020-08-06,633.52,28185,34284005.53,10209.86,6.451291569902157,9.231109199017688,-0.6184272681974079,0.0,0,0,0,1
2020-08-07,631.74,20388,59972009.19,10209.86,6.448477917096723,9.231109199017688,-0.281365280543433,0.0,0,0,0,1
2020-08-10,627.98,6300,10202783.41,10209.86,6.4425083188273105,9.231109199017688,-0.5969598269412124,0.0,0,0,0,1
2020-08-11,636.59,482355,111151146.92,10231.71,6.456125806273467,9.233247000401981,1.3617487446156318,0.21378013842934251,0,0,0,1
2020-08-12,638.08,1921312,290790814.7,10231.71,6.458463667333419,9.233247000401981,0.233786105995204,0.0,0,0,0,1
2020-08-13,639.68,37203,14915746.13,10231.71,6.460968051312035,9.233247000401981,0.2504383978616076,0.0,0,0,0,1
2020-08-14,641.15,129268,60105992.04,10231.71,6.463263438905125,9.233247000401981,0.22953875930902257,0.0,0,0,0,1
2020-08-17,635.94,547807,123084716.37,10231.71,6.455104219267219,9.233247000401981,-0.8159219637906112,0.0,0,0,0,1
2020-08-18,636.25,115411,155959915.15,10246.71,6.455591567864732,9.2347119574331,0.048734859751320414,0.14649570311195959,0,0,0,1
2020-08-19,634.88,18036,30121105.8,10246.71,6.453436004656453,9.2347119574331,-0.21555632082792542,0.0,0,0,0,1
2020-08-20,634.36,43948,90633655.59,10246.71,6.4526166166304,9.2347119574331,-0.08193880260529696,0.0,0,0,0,1
2020-08-21,621.14,316054,80729082.64,10246.71,6.4315564993592,9.2347119574331,-2.1060117271200163,0.0,0,0,0,1
2020-08-24,625.04,2215700,195879972.14,10246.71,6.437815647688489,9.2347119574331,0.625914832928931,0.0,0,0,0,1
2020-08-25,626.52,25326,134097676.6,10262.87,6.440180697210462,9.236287806703947,0.23650495219724732,0.1575849270846419,0,0,0,1
2020-08-26,618.97,1873935,2293747948.34,10262.87,6.428056806243558,9.236287806703947,-1.2123890966903694,0.0,0,0,0,1
2020-08-27,625.37,15515,31497063.26,10262.87,6.438343474573529,9.236287806703947,1.0286668329970716,0.0,0,0,0,1
2020-08-28,624.17,1145804,4511096293.13,10262.87,6.436422767162943,9.236287806703947,-0.1920707410585365,0.0,0,0,0,1
2020-08-29,624.9,120016,168732571.83,10262.87,6.437591636935036,9.236287806703947,0.11688697720924068,0.0,0,0,0,1
2020-09-02,623.25,241767,295484869.87,10262.87,6.434947722403667,9.236287806703947,-0.2643914531368807,0.0,0,0,0,1
2020-09-03,626.31,15892,31579267.69,10270.08,6.439845456192978,9.23699009257094,0.48977337893107986,0.07022858669927246,0,0,0,1
2020-09-04,620.79,125914,312662790.05,10270.08,6.430992860491847,9.23699009257094,-0.8852595701130284,0.0,0,0,0,1
2020-09-07,616.03,29079817,724555067.98,10270.08,6.423295663646352,9.23699009257094,-0.7697196845495746,0.0,0,0,0,1
2020-09-08,621.67,174588423,2613878239.05,10274.17,6.432409405325726,9.237388257512862,0.9113741679374066,0.0398164941922019,0,0,0,1
2020-09-09,623.31,305366,229884835.7,10274.17,6.435043987324804,9.237388257512862,0.26345819990787334,0.0,0,0,0,1
2020-09-10,624.07,157870,414519887.26,10274.17,6.436262541564959,9.237388257512862,0.12185542401548233,0.0,0,0,0,1
2020-09-11,621.48,45275,137840515.11,10274.17,6.4321037302238,9.237388257512862,-0.415881134115903,0.0,0,0,0,1
2020-09-14,607.8,83252,72537466.74,10274.17,6.409845880482693,9.237388257512862,-2.225784974110745,0.0,0,0,0,1
2020-09-15,610.18,996873,120887823.83,10295.33,6.413753995606449,9.239445673343496,0.3908115123755884,0.2057415830634568,0,0,0,1
2020-09-16,616.48,90244,62617885.12,10295.33,6.424025880877847,9.239445673343496,1.0271885271398773,0.0,0,0,0,1
2020-09-17,615.27,3496710,98193741.27,10295.33,6.422061195853751,9.239445673343496,-0.1964685024096191,0.0,0,0,0,1
2020-09-18,614.12,28191,208766233.67,10295.33,6.420190348790698,9.239445673343496,-0.18708470630528495,0.0,0,0,0,1
2020-09-21,613.05,106482,116081128.1,10295.33,6.418446498678396,9.239445673343496,-0.1743850112302603,0.0,0,0,0,1
2020-09-22,604.4,609451,336620385.31,10315.62,6.404236230398585,9.241414530339835,-1.421026827981109,0.19688569963385305,0,0,0,1
2020-09-23,614.17,190799,351563571.44,10315.62,6.420271762789066,9.241414530339835,1.60355323904815,0.0,0,0,0,1
2020-09-24,610.93,419760,549773353.0,10315.62,6.414982386323598,9.241414530339835,-0.528937646546801,0.0,0,0,0,1
2020-09-25,615.57,205082,140207062.91,10315.62,6.422548667833766,9.241414530339835,0.7566281510167805,0.0,0,0,0,1
2020-09-28,609.65,30453,95718499.48,10315.62,6.412885022006273,9.241414530339835,-0.9663645827492573,0.0,0,0,0,1
2020-09-29,614.17,70560,88349829.12,10321.21,6.420271762789066,9.241956280224553,0.7386740782792778,0.054174988471800134,0,0,0,1
2020-09-30,618.19,20370144,120970809.54,10321.21,6.42679585357236,9.241956280224553,0.6524090783293524,0.0,0,0,0,1
2020-10-02,617.46,233328,29095242.79,10321.21,6.425614289076055,9.241956280224553,-0.11815644963046879,0.0,0,0,0,1
2020-10-05,610.13,125445,52918916.46,10321.21,6.413672049215732,9.241956280224553,-1.1942239860323056,0.0,0,0,0,1
2020-10-06,616.71,406235,292858239.32,10339.68,6.424398897205691,9.2437441998079,1.0726847989959154,0.17879195833465644,0,0,0,1
2020-10-07,617.91,55355,118792977.83,10339.68,6.426342815784496,9.2437441998079,0.19439185788048263,0.0,0,0,0,1
2020-10-08,608.66,342698,600242039.24,10339.68,6.411259819524301,9.2437441998079,-1.5082996260194825,0.0,0,0,0,1
2020-10-09,614.08,2831862,62111712.66,10339.68,6.420125212819335,9.2437441998079,0.8865393295033996,0.0,0,0,0,1
2020-10-12,612.82,28684,88998450.16,10339.68,6.418071254969522,9.2437441998079,-0.2053957849812882,0.0,0,0,0,1
2020-10-13,614.57,1654850,75391634.85,10364.48,6.420922836269428,9.246139854773949,0.28515812999057033,0.2395654966049321,0,0,0,1
2020-10-14,612.04,93572,120237050.64,10364.48,6.416797639853613,9.246139854773949,-0.4125196415815324,0.0,0,0,0,1
2020-10-15,616.24,47219,54374439.09,10364.48,6.4236364980447105,9.246139854773949,0.6838858191097863,0.0,0,0,0,1
2020-10-16,615.54,110824,547878350.81,10364.48,6.4224999313276765,9.246139854773949,-0.11365667170339933,0.0,0,0,0,1
2020-10-19,615.47,1708263,3458175352.94,10364.48,6.422386203575545,9.246139854773949,-0.011372775213125408,0.0,0,0,0,1
2020-10-20,628.42,76460,131841429.96,10371.76,6.443208732736873,9.24684200716986,2.0822529161327985,0.07021523959114262,0,0,0,1
2020-10-21,624.14,194557,149152133.92,10371.76,6.436374702179076,9.24684200716986,-0.6834030557797632,0.0,0,0,0,1
2020-10-22,622.09,9508715,201709506.02,10371.76,6.433084776805697,9.24684200716986,-0.3289925373378466,0.0,0,0,0,1
2020-10-23,623.73,5223561,5436179184.86,10371.76,6.435717582423407,9.24684200716986,0.26328056177096215,0.0,0,0,0,1
2020-10-26,626.27,1024916,200068578.63,10371.76,6.439781588016872,9.24684200716986,0.406400559346487,0.0,0,0,0,1
2020-10-27,624.83,89645,402556865.16,10359.88,6.437479612737692,9.245695932734808,-0.23019752791793024,-0.11460744350522134,0,0,0,1
2020-10-28,616.6,409417,1304939197.37,10359.88,6.42422051545205,9.245695932734808,-1.325909728564234,0.0,0,0,0,1
2020-10-29,619.2,5324789,5345861488.6,10359.88,6.428428322275518,9.245695932734808,0.42078068234676635,0.0,0,0,0,1
2020-10-30,621.67,195689,198607756.58,10359.88,6.432409405325726,9.245695932734808,0.39810830502080563,0.0,0,0,0,1
2020-11-02,618.45,1761385,51505385.81,10359.88,6.427216347821019,9.245695932734808,-0.5193057504706999,0.0,0,0,0,1
2020-11-03,614.37,2804259,912184577.78,10366.86,6.420597352516331,9.246369458843,-0.6618995304688013,0.06735261081924904,0,0,0,1
2020-11-04,619.7,10137359,80616583.41,10366.86,6.429235489968062,9.246369458843,0.8638137451731254,0.0,0,0,0,1
2020-11-05,623.08,5485352,5511431663.43,10366.86,6.434674921458405,9.246369458843,0.5439431490342983,0.0,0,0,0,1
2020-11-06,625.2,31147,114133048.4,10366.86,6.438071598547322,9.246369458843,0.33966770889168885,0.0,0,0,0,1
2020-11-09,613.95,32000,46397503.71,10366.86,6.419913491606522,9.246369458843,-1.815810694079989,0.0,0,0,0,1
2020-11-10,624.38,471039,88439176.13,10378.88,6.436759157378762,9.247528251090955,1.6845665772240004,0.11587922479545654,0,0,0,1
2020-11-11,630.91,43440,181615103.32,10378.88,6.447163221623632,9.247528251090955,1.040406424487017,0.0,0,0,0,1
2020-11-12,632.0,1044214,309327749.51,10378.88,6.448889394146858,9.247528251090955,0.17261725232255998,0.0,0,0,0,1
2020-11-13,630.67,243172,185406732.63,10378.88,6.446782746342008,9.247528251090955,-0.21066478048492598,0.0,0,0,0,1
2020-11-16,626.94,205581,637267689.99,10378.88,6.440850842274075,9.247528251090955,-0.5931904067933758,0.0,0,0,0,1
2020-11-17,634.01,14343207,531591379.08,10390.93,6.452064727183498,9.248688589230976,1.1213884909423655,0.11603381400213664,0,0,0,1
2020-11-18,643.14,91595,348994998.6,10390.93,6.4663624299314835,9.248688589230976,1.4297702747985142,0.0,0,0,0,1
2020-11-19,647.08,930979,227693041.23,10390.93,6.472469934461493,9.248688589230976,0.6107504530009855,0.0,0,0,0,1
2020-11-20,638.1,800558,162544605.24,10390.93,6.458495010874302,9.248688589230976,-1.3974923587191768,0.0,0,0,0,1
2020-11-23,632.74,330195,182786094.38,10390.93,6.450059595270321,9.248688589230976,-0.8435415603980978,0.0,0,0,0,1
2020-11-24,641.02,225232,412686495.46,10414.86,6.463060657681971,9.250988911453982,1.300106241165011,0.23003222230055798,0,0,0,1
2020-11-25,643.28,53114,188353686.45,10414.86,6.466580088239893,9.250988911453982,0.3519430557922476,0.0,0,0,0,1
2020-11-26,646.17,25624,68150626.67,10414.86,6.471062627057373,9.250988911453982,0.4482538817479842,0.0,0,0,0,1
2020-11-27,638.77,462563,92557831.64,10414.86,6.459544452182329,9.250988911453982,-1.1518174875043918,0.0,0,0,0,1
2020-11-30,643.95,44951,419623318.3,10414.86,6.467621083338679,9.250988911453982,0.8076631156350267,0.0,0,0,0,1
2020-12-01,638.11,116901,231117877.55,10427.38,6.458510682276343,9.252190317973236,-0.911040106233596,0.12014065192538226,0,0,0,1
2020-12-02,638.24,1176162,916231334.24,10427.38,6.458714388157096,9.252190317973236,0.02037058807529135,0.0,0,0,0,1
2020-12-03,633.97,99794,192074382.63,10427.38,6.4520016347056774,9.252190317973236,-0.6712753451418862,0.0,0,0,0,1
2020-12-04,634.0,709128,110275473.14,10427.38,6.452048954437226,9.252190317973236,0.004731973154825653,0.0,0,0,0,1
2020-12-07,634.55,1226290,274591584.52,10427.38,6.452916086256173,9.252190317973236,0.08671318189472643,0.0,0,0,0,1
2020-12-09,638.6,1156549,55427932.96,10443.07,6.459278280280682,9.253693879511761,0.6362194024508661,0.15035615385254886,0,0,0,1
2020-12-10,638.39,36786,131813606.25,10443.07,6.458949381852514,9.253693879511761,-0.032889842816796744,0.0,0,0,0,1
2020-12-11,635.23,1747771,88960577.07,10443.07,6.453987138036805,9.253693879511761,-0.49622438157088666,0.0,0,0,0,1
2020-12-14,628.16,1113481,222358704.39,10443.07,6.442794911088096,9.253693879511761,-1.1192226948709028,0.0,0,0,0,1
2020-12-15,638.42,3463343,278687827.87,10463.12,6.45899637396568,9.25561197230123,1.620146287758395,0.19180927894684174,0,0,0,1
2020-12-16,648.99,298384,211445964.52,10463.12,6.475417308264888,9.25561197230123,1.6420934299207879,0.0,0,0,0,1
2020-12-17,643.3,30845355,30858282771.2,10463.12,6.466611178416954,9.25561197230123,-0.8806129847933164,0.0,0,0,0,1
2020-12-18,645.29,473836,70722540.03,10463.12,6.469699828153503,9.25561197230123,0.30886497365489873,0.0,0,0,0,1
2020-12-21,635.38,2887186,412252482.93,10463.12,6.454223245104586,9.25561197230123,-1.5476583048917192,0.0,0,0,0,1
2020-12-22,641.92,374338,93890943.3,10473.77,6.464463685333516,9.256629315461417,1.0240440228929337,0.10173431601874228,0,0,0,1
2020-12-24,646.17,20569151,20079957688.76,10473.77,6.471062627057373,9.256629315461417,0.6598941723857443,0.0,0,0,0,1
2020-12-25,644.42,873993,49336188.92,10473.77,6.468350687444409,9.256629315461417,-0.27119396129640094,0.0,0,0,0,1
2020-12-28,641.6,388079,175722315.44,10473.77,6.463965056552305,9.256629315461417,-0.43856308921039755,0.0,0,0,0,1
2020-12-29,642.84,2763142,548818513.19,10476.92,6.465895859680869,9.256930021550213,0.19308031285643068,0.030070608879562144,0,0,0,1
2020-12-30,645.81,1095168,355944336.87,10476.92,6.470505342874465,9.256930021550213,0.4609483193595665,0.0,0,0,0,1
2020-12-31,641.4,500096,40412417.16,10476.92,6.463653287259055,9.256930021550213,-0.6852055615410357,0.0,0,0,0,1
2021-01-04,645.91,129745,244945927.49,10476.92,6.470660175191376,9.256930021550213,0.7006887932321071,0.0,0,0,0,1
2021-01-05,649.79,204709,54375430.08,10449.44,6.476649233766013,9.254303667440295,0.5989058574637163,-0.2626354109917628,0,0,0,1
2021-01-06,648.31,345861,280662214.09,10449.44,6.474368977019568,9.254303667440295,-0.2280256746445275,0.0,0,0,0,1
2021-01-07,650.22,1013160,337758607.69,10449.44,6.477310767162959,9.254303667440295,0.2941790143391465,0.0,0,0,0,1
2021-01-08,654.18,1316330,1248144467.24,10449.44,6.483382542946345,9.254303667440295,0.6071775783386357,0.0,0,0,0,1
2021-01-11,641.42,3877264,367843307.63,10449.44,6.4636844685627475,9.254303667440295,-1.969807438359794,0.0,0,0,0,1
2021-01-12,640.92,9360268,187094928.54,10473.2,6.462904644139679,9.256574892315717,-0.07798244230681206,0.22712248754217512,0,0,0,1
2021-01-13,639.87,2628153,1693916148.82,10473.2,6.461265030721041,9.256574892315717,-0.1639613418638497,0.0,0,0,0,1
2021-01-14,640.35,1496837,394819099.99,10473.2,6.462014901872081,9.256574892315717,0.07498711510400824,0.0,0,0,0,1
2021-01-15,643.5,51107,139270694.62,10473.2,6.466922027036182,9.256574892315717,0.4907125164100634,0.0,0,0,0,1
2021-01-18,645.48,442463,48013040.78,10473.2,6.469994226073151,9.256574892315717,0.3072199036969536,0.0,0,0,0,1
2021-01-19,649.11,439563,610172291.4,10500.81,6.475602193867448,9.259207676027401,0.560796779429662,0.26327837116841835,0,0,0,1
2021-01-20,652.41,380796,310239238.75,10500.81,6.480673198649006,9.259207676027401,0.5071004781558308,0.0,0,0,0,1
2021-01-21,652.0,190003,287077013.78,10500.81,6.480044561926653,9.259207676027401,-0.06286367223529155,0.0,0,0,0,1
2021-01-22,651.73,889855,1103005423.33,10500.81,6.479630365729802,9.259207676027401,-0.041419619685090225,0.0,0,0,0,1
2021-01-25,657.56,735779,483320799.65,10500.81,6.488536014641309,9.259207676027401,0.8905648911507136,0.0,0,0,0,1
2021-01-26,650.91,250491,270898096.53,10518.99,6.47837138380339,9.260937474078114,-1.0164630837919297,0.17297980507127164,0,0,0,1
2021-01-27,668.75,340376,555630563.43,10518.99,6.505410298210216,9.260937474078114,2.703891440682593,0.0,0,0,0,1
2021-01-28,668.41,189621,241592254.82,10518.99,6.504901757710459,9.260937474078114,-0.05085404997569043,0.0,0,0,0,1
2021-01-29,686.6,149125,107606328.27,10518.99,6.531751881023592,9.260937474078114,2.6850123313132634,0.0,0,0,0,1
2021-02-01,690.13,578392,127736229.8,10518.99,6.536879985642264,9.260937474078114,0.5128104618671969,0.0,0,0,0,1
2021-02-02,697.31,281754,150771027.52,10540.44,6.547230075153819,9.262974566954576,1.035008951155536,0.2037092876461699,0,0,0,1
2021-02-03,708.43,224338,369918212.91,10540.44,6.563051253967379,9.262974566954576,1.5821178813560266,0.0,0,0,0,1
2021-02-04,721.89,155654,85229726.13,10540.44,6.5818727727150526,9.262974566954576,1.8821518747673238,0.0,0,0,0,1
2021-02-05,714.89,1000099,617315336.46,10540.44,6.572128684704628,9.262974566954576,-0.9744088010424257,0.0,0,0,0,1
2021-02-08,722.1,3666022,95416870.95,10540.44,6.582163633457136,9.262974566954576,1.0034948752507766,0.0,0,0,0,1
2021-02-09,739.16,1808804,970661532.53,10530.83,6.605514406309225,9.262062424433854,2.3350772852088753,-0.09121425207219147,0,0,0,1
2021-02-10,762.75,2429468,304157978.82,10530.83,6.636930323596779,9.262062424433854,3.141591728755433,0.0,0,0,0,1
2021-02-11,782.9,3540728,490725233.15,10530.83,6.663004973913869,9.262062424433854,2.6074650317089443,0.0,0,0,0,1
2021-02-12,813.72,1668057,1061250251.71,10530.83,6.701616326483751,9.262062424433854,3.861135256988213,0.0,0,0,0,1
2021-02-15,841.95,582531,130082583.66,10530.83,6.735720630056318,9.262062424433854,3.410430357256722,0.0,0,0,0,1
2021-02-16,875.06,394485,102019107.98,10540.09,6.774292455435273,9.262941360958328,3.857182537895465,0.08789365244741276,0,0,0,1
2021-02-17,927.83,4448581,1724017183.29,10527.18,6.832848526349754,9.261715762993713,5.855607091448167,-0.12255979646145221,0,0,0,1
2021-02-18,979.33,12149720,180084821.71,10521.48,6.88686866438395,9.261174160807224,5.402013803419603,-0.054160218648924285,0,0,0,1
2021-02-19,1055.06,690535,222461782.65,10514.58,6.961352916330928,9.2605181444004,7.448425194697794,-0.06560164068236674,0,0,0,1
2021-02-22,1158.86,753544,91309076.7,10532.27,7.055192042255847,9.262199156444074,9.38391259249185,0.16810120436741016,0,0,0,1
2021-02-23,1258.5,226174,537685212.72,10549.65,7.1376758145753705,9.263847962998447,8.248377231952375,0.1648806554372939,0,0,0,1
2021-02-24,1358.43,246231,481924554.21,10542.46,7.214084900118871,9.263166191447048,7.640908554350023,-0.06817715513989242,0,0,0,1
2021-02-25,1362.75,966146,211314727.1,10554.34,7.21725999594439,9.264292428720543,0.31750958255196693,0.11262372734943682,0,0,0,1
2021-02-26,1443.53,250965,238941787.38,10538.53,7.274846781706565,9.26279334367799,5.758678576217502,-0.14990850425533608,0,0,0,1
2021-03-01,1291.53,146712,74369275.1,10525.5,7.163582841069827,9.261556163360453,-11.126394063673839,-0.12371803175366125,0,0,0,1
2021-03-02,1164.8,1558922,481092411.5,10517.12,7.060304677442422,9.26075968455287,-10.327816362740538,-0.07964788075831564,0,0,0,1
2021-03-03,1165.93,451189,247802119.74,10500.03,7.0612743308029895,9.25913339328439,0.09696533605678681,-0.16262912684794628,0,0,0,1
2021-03-04,1175.65,1365001,229474451.69,10487.54,7.069576465113615,9.25794316483255,0.830213431062532,-0.11902284518399142,0,0,0,1
2021-03-05,1255.13,191046067,2044658692.31,10477.86,7.134994431858631,9.257019738550404,6.541796674501654,-0.09234262821458117,0,0,0,1
2021-03-09,1145.94,362535,153438567.29,10490.65,7.043980539883118,9.258239663245691,-9.101389197551324,0.12199246952864229,0,0,0,1
2021-03-10,1064.95,1343186,779003164.26,10497.47,6.97068312868461,9.258889554730974,-7.32974111985083,0.06498914852830495,0,0,0,1
2021-03-11,1062.82,679770028,1644438054.63,10503.92,6.968681031924631,9.2595037998074,-0.20020967599787554,0.06142450764254903,0,0,0,1
2021-03-12,1117.44,562410,796313640.78,10513.56,7.018795633771128,9.260421131540413,5.011460184649685,0.0917331733013782,0,0,0,1
2021-03-15,1116.04,1376514,1021024193.28,10518.91,7.017541984592843,9.260929868756289,-0.12536491782846326,0.05087372158758541,0,0,0,1
2021-03-16,1027.45,628448,93941483.76,10528.59,6.934835283385879,9.261849693028292,-8.270670120696444,0.09198242720032113,0,0,0,1
2021-03-17,1078.49,443781,155470635.14,10536.0,6.983317193648997,9.262553243423117,4.848191026311799,0.07035503948245037,0,0,0,1
2021-03-18,995.11,1508790,39062433.15,10523.63,6.902853283811905,9.261378483807434,-8.046390983709184,-0.11747596156830298,0,0,0,1
2021-03-19,1036.86,686705,103834744.63,10513.97,6.9439521942939555,9.260460128036916,4.10989104820505,-0.0918355770517465,0,0,0,1
2021-03-23,1029.83,855086,305815082.47,10505.92,6.9371490190579825,9.25969418678855,-0.6803175235972958,-0.07659412483658201,0,0,0,1
2021-03-24,956.26,26428105,848603174.56,10496.2,6.863029842602406,9.258768565880377,-7.411917645557686,-0.09256209081733857,0,0,0,1
2021-03-25,959.7,28931299,450548130.22,10507.68,6.866620735623582,9.259861697353529,0.35908930211761003,0.10931314731514874,0,0,0,1
2021-03-26,899.72,9239904,627358139.14,10490.34,6.802083603808098,9.258210112685873,-6.453713181548348,-0.16515846676554702,0,0,0,1
2021-03-27,885.01,320446,286585155.79,10510.0,6.78559894437912,9.260082463870997,-1.6484659428978254,0.1872351185124188,0,0,0,1
2021-03-29,835.73,21753096,425177212.29,10502.0,6.7283055944126104,9.259320994197804,-5.729334996650959,-0.076146967319346,0,0,0,1
2021-03-30,807.34,3557052,263525396.55,10486.46,6.693744893049149,9.2578401801848,-3.4560701363461455,-0.14808140130035952,0,0,0,1
2021-03-31,793.29,145063415,375086199.73,10474.98,6.676188854656844,9.25674483548064,-1.755603839230524,-0.10953447041597286,0,0,0,1
2021-04-01,807.94,26441179,4831031304.25,10485.66,6.694487798338134,9.257763888422176,1.8298943681290147,0.10190529415350369,0,0,0,1
2021-04-02,851.94,532289,131060216.92,10472.51,6.7475161018143215,9.256509007702567,5.302830347618759,-0.12548807196086642,0,0,0,1
2021-04-05,820.54,648681,122779946.32,10472.67,6.709962660103597,9.256524285680603,-3.7553441710724833,0.0015277978036465356,0,0,0,1
2021-04-06,815.27,1500264,849680984.82,10482.97,6.7035193467205545,9.257507314672269,-0.644331338304216,0.09830289916656909,0,0,0,1
2021-04-07,826.25,562649,418597647.41,10468.06,6.7168973911658965,9.256083995387527,1.3378044445341963,-0.14233192847417087,0,0,0,1
2021-04-08,837.73,3414374,143498088.27,10479.24,6.730695852861838,9.257151436161427,1.3798461695941455,0.10674407738999747,0,0,0,1
2021-04-09,808.27,4247649,83407913.08,10473.07,6.694896161118448,9.256562479604527,-3.5799691743389594,-0.05889565568999444,0,0,0,1
2021-04-12,802.65,377103,207875027.19,10477.92,6.687918753425423,9.257025464894163,-0.6977407693025128,0.04629852896353981,0,0,0,1
2021-04-13,795.72,3564477,173170051.87,10475.41,6.679247365168776,9.256785884835812,-0.8671388256646928,-0.023958005835034157,0,0,0,1
2021-04-14,781.87,280212,185951116.1,10492.36,6.661688486316636,9.258402652254778,-1.755887885214058,0.1616767418965992,0,0,0,1
2021-04-15,778.81,454478,486279943.03,10496.99,6.657767113682686,9.258843828382204,-0.3921372633949538,0.044117612742589074,0,0,0,1
2021-04-16,786.88,1519620,196710178.28,10507.46,6.668075759027828,9.259840760067362,1.0308645345141976,0.09969316851581311,0,0,0,1
2021-04-19,807.56,558439,1429972145.91,10512.18,6.694017355742023,9.260289863865461,2.5941596714194937,0.04491037980987045,0,0,0,1
2021-04-20,830.68,1034657,506704088.59,10525.64,6.722244642474778,9.261569464302825,2.8227286732755097,0.12796004373640812,0,0,0,1
2021-04-21,842.73,135150,447433585.33,10537.76,6.736646622002248,9.262720275789823,1.4401979527470132,0.11508114869975827,0,0,0,1
2021-04-22,836.47,24151537,1013133299.52,10552.01,6.729190656065888,9.264071642084344,-0.7455965936360442,0.13513662945214833,0,0,0,1
2021-04-23,812.71,200895,193752134.93,10535.24,6.700374342346925,9.262481107184307,-2.881631371896276,-0.15905349000373548,0,0,0,1
2021-04-26,831.15,653527,598952704.61,10539.52,6.7228102839814685,9.262887280261376,2.2435941634543433,0.04061730770690275,0,0,0,1
2021-04-27,837.04,2448222,640634191.27,10548.18,6.729871859072792,9.26370861217399,0.7061575091323213,0.08213319126149088,0,0,0,1
2021-04-28,844.01,1706895,301580670.02,10529.51,6.738164342866998,9.261937070332094,0.829248379420644,-0.17715418418973172,0,0,0,1
2021-04-29,848.95,633703,659132801.08,10515.04,6.7440002917620205,9.260561892218961,0.5835948895022369,-0.13751781131325913,0,0,0,1
2021-04-30,820.78,390149,706110087.52,10509.11,6.710255107647903,9.25999777902939,-3.374518411411742,-0.056411318957039214,0,0,0,1
2021-05-03,830.78,1281921,1979784875.81,10523.0,6.722365018529719,9.261318616740812,1.21099108818159,0.1320837711421774,0,0,0,1
2021-05-04,849.27,1345209,1885709226.78,10522.5,6.744377156954737,9.261271100644725,2.2012138425018257,-0.004751609608710794,0,0,0,1
2021-05-05,852.53,1605459,716810298.9,10513.94,6.748208399154333,9.2604572746863,0.3831242199595408,-0.0813825958426051,0,0,0,1
2021-05-06,779.41,1706076,1012270968.34,10501.22,6.658537223204646,9.259246719872214,-8.967117594968688,-0.12105548140848299,0,0,0,1
2021-05-07,809.19,298036,1769776370.1,10493.48,6.696033747332901,9.258509390893886,3.7496524128255437,-0.07373289783281223,0,0,0,1
2021-05-10,792.98,502772,623713075.95,10511.84,6.675798000635843,9.260257519908404,-2.023574669705841,0.17481290145173745,0,0,0,1
2021-05-11,781.86,811856,457637609.91,10529.73,6.66167569638487,9.261957963773643,-1.4122304250973272,0.1700443865239265,0,0,0,1
2021-05-12,801.03,696944,1047054686.18,10542.66,6.685898399550527,9.263185162171427,2.4222703165657222,0.12271983977836243,0,0,0,1
2021-05-17,787.47,1695533,368589140.96,10550.84,6.668825274736051,9.263960756587721,-1.7073124814475982,0.07755944162948225,0,0,0,1
2021-05-18,768.17,326566,64101300.56,10566.11,6.64401106281912,9.265406988421537,-2.481421191693123,0.14462318338157587,0,0,0,1
2021-05-19,777.36,2569262,1980252306.94,10577.0,6.655903563531184,9.266437111328052,1.189250071206427,0.1030122906515274,0,0,0,1
2021-05-20,783.27,844918,735218171.29,10586.0,6.6634774641376415,9.267287652417933,0.7573900606457684,0.08505410898802523,0,0,0,1
2021-05-21,769.22,631328,789041199.45,10597.75,6.6453770144166455,9.268396993417992,-1.8100449720996004,0.11093410000597714,0,0,0,1
2021-05-24,756.95,1046075,664370053.86,10578.28,6.629297201057888,9.266558121307742,-1.6079813358757633,-0.18388721102500227,0,0,0,1
2021-05-25,745.94,321775,1591927128.11,10596.76,6.614645168014755,9.268303572999146,-1.4652033043132562,0.1745451691403943,0,0,0,1
2021-05-26,731.11,1322050,1085953314.73,10601.54,6.59456392722515,9.26875455256647,-2.008124078960538,0.04509795673239836,0,0,0,1
2021-05-27,720.24,18446840,3918809751.21,10609.91,6.579584489800221,9.269543749008433,-1.4979437424928577,0.07891964419624031,0,0,0,1
2021-05-28,738.58,948009,1394559411.24,10589.03,6.60472942379568,9.26757383855516,2.5144933995458807,-0.19699104532726608,0,0,0,1
2021-05-31,737.78,22109978,1400859866.21,10580.65,6.603645677177917,9.266782140198103,-0.10837466177635591,-0.0791698357057058,0,0,0,1
2021-06-01,733.62,629535,1119640218.58,10568.21,6.597991183384154,9.265605717314344,-0.5654493793763038,-0.11764228837591872,0,0,0,1
2021-06-02,733.29,9453913,2696572334.02,10559.82,6.59754125802327,9.264811511660431,-0.044992536088361845,-0.07942056539125275,0,0,0,1
2021-06-03,732.85,375055,830318079.27,10550.74,6.5969410424733095,9.263951278624459,-0.06002155499604811,-0.08602330359721577,0,0,0,1
2021-06-04,734.6,301819,771672372.83,10539.2,6.599326133385567,9.26285691788643,0.23850909122575814,-0.10943607380298204,0,0,0,1
2021-06-07,735.57,973336,747321715.78,10547.56,6.600645708864258,9.263649832534103,0.1319575478690993,0.07929146476737259,0,0,0,1
2021-06-08,734.84,1597070,916233223.9,10532.12,6.5996527884407366,9.262184914398613,-0.09929204235215039,-0.14649181354897678,0,0,0,1
2021-06-09,730.05,182290,500829064.27,10554.96,6.593113024947573,9.2643511706021,-0.6539763493163875,0.21662562034858723,0,0,0,1
2021-06-10,729.84,9914356,780515176.94,10571.4,6.5928253320372185,9.265907520424639,-0.028769291035413147,0.15563498225397154,0,0,0,1
2021-06-11,727.99,3539529,388156149.21,10588.01,6.5902873118386065,9.267477507811979,-0.25380201986120454,0.15699873873398218,0,0,0,1
2021-06-14,724.96,1523622,679656579.53,10597.04,6.586116480918828,9.268329995820915,-0.41708309197785454,0.08524880089364473,0,0,0,1
2021-06-15,723.97,8478690,2215864544.73,10609.0,6.584749955063114,9.269457976459272,-0.13665258557136184,0.11279806383566182,0,0,0,1
2021-06-16,724.83,1103427,223519805.41,10616.02,6.585937144600674,9.270119459959025,0.11871895375596964,0.0661483499753146,0,0,0,1
2021-06-17,731.72,609155,1251469069.06,10590.46,6.595397927123098,9.267708874856995,0.946078252242355,-0.24105851020301827,0,0,0,1
2021-06-18,724.48,454388,311490584.75,10581.03,6.585454156134709,9.26681805417091,-0.9943770988388501,-0.08908206860844814,0,0,0,1
2021-06-21,729.48,1248968,359956290.8,10567.6,6.592331951548632,9.265547995372277,0.6877795413922527,-0.12700587986334,0,0,0,1
2021-06-22,724.82,200631,1152383564.26,10586.85,6.585923348167052,9.267367943923372,-0.640860338157978,0.18199485510947966,0,0,0,1
2021-06-23,725.1,326742,340826750.61,10581.36,6.586309576377547,9.266849241574604,0.03862282104956094,-0.05187023487671638,0,0,0,1
2021-06-24,717.84,298521,1347941847.65,10571.88,6.576246702989803,9.265952924921962,-1.0062873387744808,-0.08963166526427813,0,0,0,1
2021-06-25,708.11,486599,161284570.73,10564.96,6.56259944885712,9.265298143956857,-1.364725413268264,-0.06547809651049619,0,0,0,1
2021-06-28,797.52,1180225,260742997.1,10576.0,6.681506912714449,9.266342562091468,11.890746385732864,0.10444181346116466,0,0,0,1
2021-06-29,821.4,872403,1330470533.28,10586.83,6.711010201522458,9.267366054785535,2.9503288808009565,0.10234926940668743,0,0,0,1
2021-06-30,837.76,420049,447103891.03,10605.3,6.73073166328148,9.269109155141809,1.9721461759021786,0.17431003562737857,0,0,0,1
2021-07-01,834.19,634919,261790519.83,10591.0,6.726461194158028,9.267759862843668,-0.4270469123452081,-0.13492922981406252,0,0,0,1
2021-07-02,824.71,665448,427734025.2,10587.59,6.715031809387233,9.267437839514498,-1.142938477079447,-0.032202332917030674,0,0,0,1
2021-07-05,822.76,11973822,125920900.46,10613.54,6.712664542109962,9.269885823462435,-0.23672672772709902,0.24479839479365495,0,0,0,1
2021-07-06,808.62,5804248,374954364.29,10593.6,6.695329091009123,9.268005324170582,-1.733545110083945,-0.1880499291852189,0,0,0,1
2021-07-07,812.72,571829,279246478.29,10602.56,6.700386646783289,9.268850760375413,0.5057555774166111,0.08454362048304631,0,0,0,1
2021-07-08,809.17,1643966,1456824071.72,10625.04,6.696009030953355,9.270968758491414,-0.4377615829934456,0.21179981160006633,0,0,0,1
2021-07-09,830.2,107358,732456904.84,10630.75,6.721666635618939,9.27150602388003,2.565760466558409,0.0537265388617314,0,0,0,1
2021-07-12,794.26,341233,1351353066.35,10621.49,6.677410863564543,9.270634586272887,-4.4255772054396125,-0.0871437607143477,0,0,0,1
2021-07-13,814.98,447379,708721060.19,10637.0,6.703163573062454,9.272093768251665,2.575270949791175,0.14591819787774796,0,0,0,1
2021-07-14,816.11,822900,167392622.62,10649.09,6.704549149800443,9.273229721477463,0.13855767379888917,0.11359532257984029,0,0,0,1
2021-07-15,792.86,1006495,519952756.97,10660.0,6.675646661282277,9.274253697719836,-2.8902488518165903,0.10239762423722709,0,0,0,1
2021-07-16,787.93,1418141,392407482.94,10650.66,6.66940925342473,9.273377141048382,-0.6237407857547339,-0.08765566714536988,0,0,0,1
2021-07-17,820.36,485868,427386835.2,10625.97,6.709743268305532,9.27105628374321,4.033401488080202,-0.23208573051718417,0,0,0,1
2021-07-19,813.27,543484,272035401.83,10611.38,6.701063157734742,9.269682289125678,-0.8680110570789878,-0.13739946175324036,0,0,0,1
2021-07-23,815.98,489249,783413123.64,10598.66,6.704389844859815,9.268482857014757,0.33266871250727803,-0.11994321109209949,0,0,0,1
2021-07-24,819.26,34640,127431083.4,10615.49,6.7084014937906655,9.27006953416476,0.40116489308505976,0.15866771500032684,0,0,0,1
2021-07-26,825.97,334499,401352302.41,10634.36,6.7165584532488145,9.271845547168146,0.8156959458148982,0.17760130033863675,0,0,0,1
2021-07-27,826.07,94557147,53249498877.05,10657.35,6.716679515692971,9.274005073944963,0.012106244415654999,0.21595267768166337,0,0,0,1
2021-07-28,842.91,1535071,355697517.55,10670.0,6.736860190736597,9.275191344295799,2.0180675043626195,0.11862703508356276,0,0,0,1
2021-07-29,842.28,563064,233714479.87,10648.03,6.73611250053033,9.273130177501482,-0.074769020626686,-0.2061166794316449,0,0,0,1
2021-07-30,800.12,12484209,277825424.3,10625.0,6.684761716419052,9.270964993792617,-5.135078411127836,-0.21651837088647596,0,0,0,1
2021-08-02,830.05,1239766,971372767.04,10642.43,6.721485939940085,9.27260412027875,3.6724223521033217,0.1639126486132625,0,0,0,1
2021-08-03,833.35,234527,497397116.22,10654.0,6.725453721988185,9.273690687476945,0.3967782048099444,0.10865671981949987,0,0,0,1
2021-08-04,840.6,147361,457027682.86,10646.98,6.734115922571016,9.273031562849425,0.8662200582831403,-0.06591246275196028,0,0,0,1
2021-08-05,837.63,1312153,386817931.29,10635.0,6.730576475533838,9.271905727634337,-0.3539447037177901,-0.11258352150882445,0,0,0,1
2021-08-06,823.7,2211894,365960714.29,10618.18,6.713806385947203,9.270322905345003,-1.6770089586635173,-0.15828222893343735,0,0,0,1
2021-08-09,824.78,82070,295204297.77,10639.79,6.715116684106136,9.272356025858755,0.1310298158933243,0.20331205137527064,0,0,0,1
2021-08-10,798.54,810799,751045169.01,10628.0,6.68278506032652,9.271247306879705,-3.2331623779616514,-0.11087189790508489,0,0,0,1
2021-08-11,842.64,2639978,421659370.15,10651.0,6.736539820528287,9.273409063443166,5.375476020176695,0.21617565634617364,0,0,0,1
2021-08-12,835.07,228484,324359642.07,10660.03,6.727515553672451,9.274256511974787,-0.902426685583535,0.08474485316209979,0,0,0,1
2021-08-13,839.68,62945988,809216677.54,10672.0,6.733020866875615,9.275378768155404,0.5505313203163276,0.11222561806167874,0,0,0,1
2021-08-16,857.32,808262,456475087.22,10683.0,6.753811244468932,9.276408971945887,2.0790377593317366,0.10302037904832417,0,0,0,1
2021-08-17,809.34,1986362,651280001.26,10660.0,6.696219100709643,9.274253697719836,-5.759214375928856,-0.21552742260517732,0,0,0,1
2021-08-18,821.24,1904495,493855680.46,10652.31,6.710815393164563,9.273532049026313,1.459629245491989,-0.07216486935224253,0,0,0,1
2021-08-19,821.88,930348,65179062.79,10644.0,6.711594398997814,9.27275163209758,0.07790058332508565,-0.07804169287339846,0,0,0,1
2021-08-20,840.52,630474,286927697.59,10632.0,6.73402074792547,9.271623600393081,2.2426348927655937,-0.11280317044981558,0,0,0,1
2021-08-23,830.47,108137950,988193767.24,10640.6,6.721991805583325,9.272432152283168,-1.2028942342144688,0.08085518900866617,0,0,0,1
2021-08-24,841.07,204058,240562196.94,10641.14,6.734674890754117,9.272482900013392,1.2683085170791308,0.005074773022428758,0,0,0,1
2021-08-25,823.05,502202,1002000832.03,10634.35,6.713016952173094,9.271844606819625,-2.165793858102294,-0.06382931937665148,0,0,0,1
2021-08-26,818.21,112516,638386633.22,10654.01,6.707119027371234,9.273691626091109,-0.5897924801860022,0.18470192714836742,0,0,0,1
2021-08-27,805.72,2621344,367224488.85,10640.74,6.691736287610223,9.272445309349406,-1.5382739761010455,-0.12463167417031684,0,0,0,1
2021-08-30,776.91,1403267,139941101.66,10651.89,6.6553245135429915,9.27349262018129,-3.641177406723184,0.10473108318844737,0,0,0,1
2021-08-31,772.15,108413821,482846457.78,10653.18,6.64917883166901,9.273613718117282,-0.6145681873981346,0.012109793599179852,0,0,0,1
2021-09-06,772.56,2763046,212490007.87,10671.0,6.649709675658662,9.275285060616564,0.05308439896518635,0.16713424992822468,0,0,0,1
2021-09-07,763.85,1291828,238429644.07,10685.07,6.638371434811732,9.276602718971844,-1.1338240846930248,0.13176583552798604,0,0,0,1
2021-09-08,764.63,79467,134379595.22,10695.23,6.639392056694528,9.277553126661612,0.10206218827963909,0.09504076897677294,0,0,0,1
2021-09-09,768.02,90525108,212344607.11,10682.86,6.643815774475261,9.276395866926945,0.44237177807326944,-0.11572597346667379,0,0,0,1
2021-09-10,762.25,3500659,205088021.24,10668.09,6.636274585868364,9.275012321711763,-0.7541188606897009,-0.1383545215182025,0,0,0,1
2021-09-13,745.83,235746,611863952.12,10655.91,6.614497692197171,9.273869946798557,-2.1776893671193065,-0.11423749132060124,0,0,0,1
2021-09-14,751.55,315305,666790106.08,10651.69,6.622137740579235,9.273473843994378,0.7640048382064002,-0.03961028041796766,0,0,0,1
2021-09-15,729.3,51056,308696987.8,10686.62,6.592085169990187,9.276747770673673,-3.0052570589047534,0.3273926679295158,0,0,0,1
2021-09-16,732.5,332452,264030688.12,10706.0,6.596463340891223,9.278559610953327,0.43781709010355385,0.18118402796538646,0,0,0,1
2021-09-17,733.0,1176137,477940837.35,10681.06,6.597145701886651,9.276227358525468,0.06823609954285104,-0.23322524278590606,0,0,0,1
2021-09-20,737.39,290486,179328767.3,10674.08,6.603116924547256,9.275573651713096,0.5971222660604347,-0.06537068123719791,0,0,0,1
2021-09-21,736.59,2110991,444038973.45,10686.7,6.602031428029591,9.276755256642161,-0.10854965176649856,0.1181604929065827,0,0,0,1
2021-09-22,747.98,948497,597916916.1,10688.1,6.617376239649097,9.276886252020082,1.5344811619506515,0.01309953779209394,0,0,0,1
2021-09-23,742.93,3010743,696140720.89,10679.05,6.610601827628055,9.276039157246922,-0.6774412021042231,-0.08470947731602507,0,0,0,1
2021-09-24,747.28,403688,290702333.78,10670.0,6.616439947564594,9.275191344295799,0.583811993653871,-0.08478129511235721,0,0,0,1
2021-09-27,735.67,5737945,987890702.13,10650.06,6.600781648615969,9.273320804924518,-1.565829894862425,-0.18705393712803442,0,0,0,1
2021-09-28,733.59,106233,533432962.14,10665.73,6.597950289442585,9.27479107675801,-0.28313591733839516,0.14702718334920206,0,0,0,1
2021-09-29,764.09,50714250,889480114.63,10675.61,6.638685583275643,9.275716979321377,4.0735293833057185,0.09259025633667761,0,0,0,1
2021-09-30,786.73,16226788,698073909.54,10691.91,6.667885114585489,9.277242659714965,2.9199531309846094,0.15256803935876917,0,0,0,1
2021-10-04,780.27,63835562,528830028.22,10692.0,6.65964001363237,9.277251077258809,-0.8245100953118367,0.0008417543844174702,0,0,0,1
2021-10-05,767.13,11911640,257574502.15,10677.66,6.642656278530614,9.275908987384433,-1.6983735101756103,-0.13420898743756737,0,0,0,1
2021-10-06,819.03,12117365,984737297.37,10688.06,6.708120713218836,9.276882509533126,6.546443468822183,0.09735221486923962,0,0,0,1
2021-10-07,813.15,1410320,771604513.43,10671.04,6.7009155943744565,9.275288809086721,-0.7205118844379577,-0.15937004464046112,0,0,0,1
2021-10-08,812.72,3670134,307738671.06,10677.89,6.700386646783289,9.275930527452472,-0.052894759116739465,0.06417183657507763,0,0,0,1
2021-10-11,804.68,2569551,319820832.2,10680.37,6.690444682860371,9.276162756108846,-0.9941963922917907,0.023222865637428924,0,0,0,1
2021-10-12,814.1,3589004,401333130.77,10666.0,6.702083208579932,9.274816391160547,1.163852571956081,-0.13463649482989837,0,0,0,1
2021-10-13,816.8,5032174,2946407888.41,10684.01,6.705394266850456,9.276503510208448,0.33110582705235814,0.16871190479008646,0,0,0,1
2021-10-14,817.55,2781316,1787000089.8,10700.03,6.7063120629805955,9.278001824184384,0.09177961301398696,0.14983139759365827,0,0,0,1
2021-10-15,795.75,1898775,367001058.5,10710.63,6.679285066162202,9.27899198524117,-2.702699681839338,0.09901610567855101,0,0,0,1
2021-10-18,801.78,9531747,456287917.1,10705.0,6.686834256021024,9.278466201023782,0.7549189858822025,-0.05257842173875815,0,0,0,1
2021-10-19,785.95,1190815,390642463.78,10700.64,6.666893177174247,9.278058831745378,-1.9941078846777316,-0.04073692784043459,0,0,0,1
2021-10-20,803.26,416913,474043584.65,10702.31,6.688678447342689,9.278214885000036,2.1785270168441784,0.015605325465806175,0,0,0,1
2021-10-21,798.59,505894,741021974.77,10682.01,6.682847672637373,9.276316297053556,-0.5830774705315456,-0.18985879464796795,0,0,0,1
2021-10-22,806.07,1329576,391526311.96,10692.0,6.6921705873707396,9.277251077258809,0.9322914733366439,0.09347802052523946,0,0,0,1
2021-10-25,803.14,18033493,876259407.78,10703.02,6.688529044951973,9.278281223617592,-0.36415424187667966,0.10301463587829573,0,0,0,1
2021-10-26,811.57,19014540,1084489965.89,10695.0,6.6989706432467875,9.277531621516506,1.0441598294814725,-0.07496021010862108,0,0,0,1
2021-10-27,816.68,62493413,438768494.71,10683.68,6.705247341267999,9.27647262245221,0.6276698021211224,-0.10589990642948521,0,0,0,1
2021-10-28,818.08,7390877,431157490.73,10676.0,6.706960131331689,9.275753510524416,0.1712790063690406,-0.07191119277951685,0,0,0,1
2021-10-29,820.66,1157594,265069925.92,10683.0,6.710108894566446,9.276408971945887,0.31487632347566574,0.06554614214717702,0,0,0,1
2021-11-01,808.53,4189135,184633231.74,10674.21,6.6952177840801514,9.275585830674503,-1.4891110486294323,-0.08231412713843866,0,0,0,1
2021-11-02,796.08,5125254,670782505.16,10690.08,6.679699683306906,9.277071487620649,-1.5518100773245003,0.14856569461461078,0,0,0,1
2021-11-03,811.43,1953226,542349051.03,10712.0,6.698798123221714,9.279119887371008,1.9098439914807308,0.20483997503593088,0,0,0,1
2021-11-04,819.93,4114836,374998912.44,10695.06,6.709218970760769,9.277537231598947,1.0420847539054812,-0.15826557720615142,0,0,0,1
2021-11-05,817.29,729328,781704024.73,10680.4,6.705993989037957,9.276165564996353,-0.3224981722811826,-0.1371666602594246,0,0,0,1
2021-11-08,796.5,846711,385247143.31,10705.26,6.680227129350103,9.278490488444861,-2.5766859687853305,0.23249234485085424,0,0,0,1
2021-11-09,778.69,23327092,315075482.97,10693.0,6.657613020584469,9.277344600756656,-2.2614108765634633,-0.1145887688204894,0,0,0,1
2021-11-10,786.71,98331089,893964612.07,10680.09,6.6678596925802,9.276136539444972,1.0246671995731482,-0.12080613116847161,0,0,0,1
2021-11-11,769.01,27771077,794105946.88,10715.3,6.645103973322264,9.279427905649195,-2.275571925793596,0.32913662042233227,0,0,0,1
2021-11-12,756.77,716418544,1518360059.2,10732.04,6.629059376359994,9.280988938709646,-1.6044596962270674,0.1561033060450967,0,0,0,1
2021-11-15,754.51,11441453,500952953.05,10737.06,6.626068531930543,9.281456587571638,-0.2990844429450412,0.04676488619921315,0,0,0,1
2021-11-16,764.55,700995,197009715.28,10721.24,6.63928742545416,9.279982099577136,1.3218893523617048,-0.1474487994501672,0,0,0,1
2021-11-17,771.69,1635272,4302996666.42,10740.8,6.648582914976072,9.281804853184488,0.9295489521911726,0.18227536073514017,0,0,0,1
2021-11-18,768.34,9934284,474095998.37,10755.26,6.644232343514584,9.283150216212043,-0.43505714614884283,0.13453630275552797,0,0,0,1
2021-11-19,783.81,48068032,764308068.53,10768.1,6.664166644040868,9.284343338617019,1.9934300526283977,0.11931224049757105,0,0,0,1
2021-11-22,802.25,72454047,1495796759.23,10741.33,6.687420279989967,9.281854196522424,2.3253635949099127,-0.24891420945944986,0,0,0,1
2021-11-23,812.35,9727914,2324842648.68,10756.03,6.6999312817757595,9.28322180652581,1.2511001785792786,0.1367610003386588,0,0,0,1
2021-11-24,844.33,2997190,250593402.12,10765.12,6.738543413437893,9.284066556972748,3.8612131662133287,0.08447504469373257,0,0,0,1
2021-11-25,869.05,6364192,366520674.36,10745.4,6.767400661009489,9.282233035000749,2.8857247571596467,-0.18335219719993745,0,0,0,1
2021-11-26,912.99,312588745,526395634.31,10757.57,6.816724927632466,9.283364971779662,4.932426662297651,0.11319367789131007,0,0,0,1
2021-11-29,921.69,698232569,85950242876.87,10777.04,6.826208941423566,9.285173224197997,0.948401379110031,0.18082524183355986,0,0,0,1
2021-11-30,983.18,31001138,1183863473.59,10787.03,6.890792216303676,9.28609976549699,6.458327488010962,0.09265412989929445,0,0,0,1
2021-12-01,1060.84,23004828,328392123.02,10778.98,6.966816326111341,9.285353220320216,7.60241098076655,-0.07465451767743048,0,0,0,1
2021-12-02,1120.86,92282621,463077164.51,10766.49,7.021851526780525,9.284193811739284,5.503520066918366,-0.11594085809321086,0,0,0,1
2021-12-03,1105.98,21711675,344733255.61,10760.27,7.008487098736137,9.283615926337756,-1.3364428044387644,-0.05778854015279222,0,0,0,1
2021-12-06,1104.54,649046,729574555.43,10775.34,7.007184237686526,9.285015468998477,-0.13028610496110815,0.13995426607209538,0,0,0,1
2021-12-14,1092.12,6332367,462662065.68,10826.29,6.995876040377264,9.289732714361902,-1.1308197309261914,0.47172453634249933,0,0,0,1
2021-12-15,1121.27,1800009,585424484.62,10845.0,7.0222172504491525,9.291459423260974,2.6341210071888277,0.17267088990724488,0,0,0,1
2021-12-16,1102.57,12284499,628367584.0,10830.15,7.005399097368957,9.290089190314633,-1.6818153080195408,-0.13702329463409768,0,0,0,1
2021-12-17,1106.32,3952873,305156213.88,10840.22,7.008794471156403,9.291018569990644,0.3395373787445699,0.09293796760108108,0,0,0,1
2021-12-20,1106.65,6467959,337054097.08,10821.32,7.009092712888054,9.289273541262672,0.029824173165149404,-0.1745028727972553,0,0,0,1
2021-12-21,1097.1,798241,471007255.9,10828.37,7.000425613823445,9.289924820819024,-0.8667099064608941,0.06512795563526907,0,0,0,1
2021-12-22,1111.42,905901,1962941222.6,10837.65,7.013393756005123,9.290781461823464,1.2968142181677855,0.08566410044394956,0,0,0,1
2021-12-23,1102.12,2419661,233793080.94,10848.58,7.004990876706416,9.291789474827613,-0.8402879298706978,0.10080130041494328,0,0,0,1
2021-12-24,1100.3,2587536,866862085.11,10807.25,7.003338148875867,9.287972484190036,-0.1652727830549594,-0.38169906375777884,0,0,0,1
2021-12-27,1097.91,2680172,472975556.21,10798.23,7.001163651496865,9.28713751079217,-0.21744973790012168,-0.08349733978647578,0,0,0,1
2021-12-28,1107.63,11064857,970339387.73,10810.15,7.009977876520464,9.288240786577685,0.8814225023598965,0.11032757855140574,0,0,0,1
2021-12-29,1099.21,3428841,288932522.9,10810.22,7.002347018952176,9.28824726195253,-0.7630857568288185,0.000647537484432803,0,0,0,1
2021-12-30,1069.14,441887,942182015.73,10837.66,6.974609865967379,9.290782384532298,-2.7737152984797397,0.2535122579768512,0,0,0,1
2022-01-05,1059.85,5575120,160891270.84,10819.67,6.965882667658746,9.289121052859581,-0.8727198308633,-0.16613316727163152,0,0,0,1
2022-01-06,1091.89,18524232,294669327.4,10812.0,6.9956654186302485,9.288411907396338,2.9782750971502736,-0.07091454632437433,0,0,0,1
2022-01-07,1078.93,4595320,720912024.91,10805.43,6.983725088269517,9.28780406453969,-1.1940330360731721,-0.06078428566471672,0,0,0,1
2022-01-08,1077.19,3671930,50535108.52,10818.05,6.982111077567209,9.28897131434711,-0.1614010702307489,0.1167249807419779,0,0,0,1
2022-01-10,1074.97,26389880,309155794.04,10836.21,6.9800480331956125,9.29064858286216,-0.20630443715967672,0.1677268515049235,0,0,0,1
2022-01-11,1114.52,10011425,382307276.03,10840.02,7.016179097931845,9.291000120010386,3.613106473623251,0.0351537148226555,0,0,0,1
2022-01-12,1101.25,364494,367577000.89,10855.02,7.00420117725039,9.292382924779604,-1.1977920681455423,0.13828047692179268,0,0,0,1
2022-01-13,1105.32,597603,165325206.34,10860.17,7.007890164788145,9.292857247140729,0.36889875377550396,0.04743223611249903,0,0,0,1
2022-01-14,1102.43,2832765,814269981.61,10852.04,7.005272113241802,9.292108359728536,-0.2618051546342315,-0.07488874121932554,0,0,0,1
2022-01-17,1098.83,1669272,291887171.7,10839.97,7.002001256360243,9.290995507462132,-0.32708568815591477,-0.11128522664041185,0,0,0,1
2022-01-18,1107.5,1253752,346573572.81,10824.97,7.009860501919291,9.289610781504264,0.7859245559047601,-0.13847259578678717,0,0,0,1
2022-01-19,1105.08,1864159,178492669.07,10809.74,7.007673009521276,9.288202858540119,-0.21874923980149674,-0.14079229641446034,0,0,0,1
2022-01-20,1098.76,10044426,475578594.56,10817.25,7.001937550209393,9.28889736113173,-0.573545931188324,0.0694502591610302,0,0,0,1
2022-01-21,1107.46,11496123,544958134.56,10835.07,7.009824383885553,9.290543374494122,0.7886833676160165,0.16460133623930062,0,0,0,1
2022-01-24,1098.48,1231027,399263465.41,10845.02,7.001682685013496,9.291461267427094,-0.8141698872056402,0.0917892932971398,0,0,0,1
2022-01-25,1113.97,44548,177839019.84,10825.0,7.015685490142564,9.28961355287069,1.400280512906793,-0.18477145564030906,0,0,0,1
2022-01-26,1109.85,1556439,324738496.34,10818.0,7.01198015003967,9.288966692431373,-0.3705340102894361,-0.06468604393177202,0,0,0,1
2022-01-27,1104.5,10240340,1978107227.83,10803.97,7.0071480228601715,9.2876689381593,-0.48321271794984355,-0.12977542720733481,0,0,0,1
2022-01-28,1129.02,1982545,676937560.19,10804.0,7.029105278784608,9.287671714912506,2.195725592443676,0.00027767532060352096,0,0,0,1
2022-01-31,1132.77,10588015,2082408432.47,10815.16,7.032421239537926,9.288704132544947,0.3315960753317526,0.10324176324409962,0,0,0,1
2022-02-01,1144.09,618937,154566210.38,10804.86,7.042364840173987,9.287751311892675,0.9943600636061589,-0.09528206522713134,0,0,0,1
2022-02-02,1148.3,1796966,390351542.93,10813.0,7.046037866782144,9.288504392945537,0.36730266081566043,0.07530810528617593,0,0,0,1
2022-02-03,1142.6,19980107,573238225.89,10825.07,7.041061646290362,9.289620019362484,-0.4976220491782257,0.11156264169471797,0,0,0,1
2022-02-04,1176.11,11553411,316229240.7,10835.21,7.069967661499187,9.290556295416232,2.890601520882541,0.09362760537481307,0,0,0,1
2022-02-07,1193.71,1098904,621299682.63,10853.02,7.084821383380136,9.292198661252757,1.4853721880949244,0.16423658365241067,0,0,0,1
2022-02-08,1198.01,781763,292395244.6,10855.11,7.088417125885965,9.292391215840043,0.3595742505829058,0.019255458728650865,0,0,0,1
2022-02-09,1181.65,1264951,430090780.29,10840.11,7.0746670458262955,9.291008422543626,-1.3750080059669934,-0.13827932964165512,0,0,0,1
2022-02-10,1199.53,1953036,416131630.47,10835.0,7.089685092388002,9.29053691397046,1.501804656170691,-0.04715085731668012,0,0,0,1
2022-02-11,1184.26,339861,320790845.01,10851.24,7.076873385931182,9.292034638152776,-1.2811706456820282,0.14977241823164178,0,0,0,1
2022-02-14,1112.76,9731846,212942628.07,10860.64,7.014598694600135,9.29290052361155,-6.227469133104702,0.0865885458773974,0,0,0,1
2022-02-15,1081.6,2369552,157323155.87,10844.02,6.9861967052887,9.291369054954739,-2.8401989311435116,-0.15314686568110858,0,0,0,1
2022-02-16,1065.64,1055410,1081789265.29,10837.16,6.971330836619146,9.290736248047649,-1.4865868669553528,-0.063280690709,0,0,0,1
2022-02-17,1071.06,6319206,1448499932.39,10845.08,6.976404091287516,9.291466799905045,0.5073254668369387,0.07305518573961223,0,0,0,1
2022-02-18,1097.34,15765432,854821351.78,10856.41,7.000644348444539,9.292510967934927,2.4240257157023493,0.10441680298818312,0,0,0,1
2022-02-21,1101.32,2121692,1089726894.8,10841.22,7.004264739361944,9.291110814786258,0.36203909174048476,-0.14001531486691476,0,0,0,1
2022-02-22,1076.52,786862,1467002325.62,10888.07,6.981488895359193,9.295422973406888,-2.2775844002751455,0.4312158620630058,0,0,0,1
2022-02-23,1104.1,19230704,1605479544.3,10869.8,7.0067858024450915,9.293743580681957,2.5296907085898823,-0.1679392724931006,0,0,0,1
2022-02-24,1104.62,600010663,72310521863.65,10840.28,7.00725666340493,9.291024104918344,0.047086095983850385,-0.2719475763612422,0,0,0,1
2022-02-25,1085.33,7282731,410507584.94,10850.85,6.989639367196534,9.291998696913934,-1.7617296208396027,0.09745919955896909,0,0,0,1
2022-02-28,1103.71,8615817,1168553173.64,10860.0,7.006432511170882,9.292841593487926,1.6793143974347835,0.0842896573992391,0,0,0,1
2022-03-01,1076.55,574515,337062072.27,10872.41,6.9815167625441905,9.29398366667253,-2.4915748626691325,0.11420731846030208,0,0,0,1
2022-03-02,1078.14,1796827,528816488.14,10861.8,6.9829926131664175,9.293007325609953,0.1475850622226993,-0.09763410625769353,0,0,0,1
2022-03-03,1101.93,2198698,730244150.73,10887.83,7.00481846682418,9.295400930689938,2.1825853657762906,0.2393605079985761,0,0,0,1
2022-03-04,1090.84,651390,539879703.26,10900.25,6.9947033206327935,9.296541003734031,-1.011514619138687,0.11400730440929152,0,0,0,1
2022-03-07,1089.09,142732,272975460.86,10910.43,6.993097764146181,9.297474491432649,-0.1605556486612869,0.09334876986173413,0,0,0,1
2022-03-09,1066.14,761936,397206044.08,10897.27,6.971799928185039,9.296267578131616,-2.1297835961141764,-0.12069133010328414,0,0,0,1
2022-03-10,1063.16,935267,254282672.18,10918.68,6.969000884418915,9.298230362871546,-0.279904376612361,0.1962784739930612,0,0,0,1
2022-03-11,1042.16,150561933,2321399709.22,10957.36,6.949050761389309,9.301766655574335,-1.9950123029606637,0.3536292702788657,0,0,0,1
2022-03-14,1023.09,5168483,327847539.12,10998.06,6.930582738621507,9.30547417259025,-1.846802276780135,0.3707517015914874,0,0,0,1
2022-03-15,1027.59,10082844,215066644.94,11033.03,6.934971533775377,9.30864877987199,0.43887951538694736,0.31746072817409043,0,0,0,1
2022-03-16,1024.69,1377375,32532155.54,11150.12,6.932145406804214,9.31920553916219,-0.2826126971163134,1.0556759290199835,0,0,0,1
2022-03-17,1031.34,5798583,1184707286.05,11330.38,6.93861420656812,9.33524289273588,0.6468799763906574,1.6037353573690183,0,0,0,1
2022-03-18,1027.48,12435024,108414155.48,11571.99,6.934864481460755,9.356342801940796,-0.3749725107365265,2.1099909204915335,0,0,0,1
2022-03-24,1028.75,1018915843,884970695.32,11509.59,6.9360997519912795,9.35093587988252,0.12352705305245237,-0.5406922058275754,0,0,0,1
2022-03-25,1022.41,6395880,112357222.98,11483.91,6.929917864483106,9.34870220421965,-0.6181887508173389,-0.22336756628700272,0,0,0,1
2022-03-28,1044.07,808216,302725741.04,11486.87,6.9508818160032755,9.34895992294025,2.096395152016939,0.025771872059898726,0,0,0,1
2022-03-29,1041.09,11549976,225814324.64,11474.3,6.948023520209334,9.347865030889388,-0.2858295793941146,-0.10948920508617732,0,0,0,1
2022-03-30,1093.46,1567078,180217238.35,11442.67,6.997102259658099,9.345104629310596,4.907873944876506,-0.2760401578791871,0,0,0,1
2022-03-31,1078.4,750508,241055063.28,11400.21,6.983233740158043,9.341387055265553,-1.3868519500056742,-0.3717574045042582,0,0,0,1
2022-04-01,1065.63,1284917,229416093.8,11395.02,6.971321452542985,9.340931696834014,-1.1912287615057693,-0.04553584315392101,0,0,0,1
2022-04-04,1084.39,3459995,73764859.52,11404.61,6.988772895892577,9.341772938605532,1.7451443349592033,0.08412417715177867,0,0,0,1
2022-04-05,1082.52,795828,433712862.35,11408.5,6.987046935456548,9.342113970585626,-0.1725960436028906,0.03410319800938311,0,0,0,1
2022-04-06,1076.77,962884,107334053.38,11385.07,6.981721098175463,9.34005812691987,-0.5325837281085377,-0.2055843665756285,0,0,0,1
2022-04-07,1064.51,633458,38021883.99,11370.56,6.9702698783711385,9.338782837950367,-1.1451219804324175,-0.12752889695022418,0,0,0,1
2022-04-08,1066.41,10710584,168042630.07,11362.51,6.9720531461648685,9.338074618573355,0.1783267793729948,-0.07082193770120426,0,0,0,1
2022-04-11,1076.28,1728579,166186535.72,11344.69,6.981265929917912,9.33650507202792,0.9212783753043574,-0.1569546545434619,0,0,0,1
2022-04-12,1146.46,913923,539628080.2,11329.38,7.044434212897356,9.335154630547699,6.316828297944355,-0.13504414802216758,0,0,0,1
2022-04-13,1171.66,6648365,469177305.36,11315.0,7.066176825660041,9.333884558067638,2.174261276268563,-0.12700724800609464,0,0,0,1
2022-04-14,1187.75,517620,788976359.16,11335.97,7.079816040067031,9.335736134930881,1.3639214406989453,0.18515768632436647,0,0,0,1
2022-04-15,1209.48,993788,1061707854.16,11320.0,7.0979457941547865,9.334326351757174,1.8129754087755856,-0.14097831737078792,0,0,0,1
2022-04-18,1211.62,870470,397677308.53,11299.42,7.099713586114894,9.332506675949507,0.17677919601073455,-0.1819675807666954,0,0,0,1
2022-04-19,1119.72,441320,259350676.36,11278.02,7.020833933033931,9.330610977729627,-7.887965308096323,-0.18956982198794492,0,0,0,1
2022-04-20,1030.4,54100,109873668.82,11259.37,6.93770235535009,9.328955949861976,-8.313157768384105,-0.16550278676508157,0,0,0,1
2022-04-21,958.8,1185683,401359598.49,11281.8,6.8656825025602295,9.330946086789483,-7.201985278986012,0.19901369275068248,0,0,0,1
2022-04-22,737.56,1037236,601665986.39,11302.08,6.603347440836964,9.332742058557942,-26.23350617232658,0.1795971768459026,0,0,0,1
2022-04-25,725.1,136254,482656205.32,11260.28,6.586309576377547,9.329036768169589,-1.703786445941624,-0.37052903883534327,0,0,0,1
2022-04-26,743.48,1013773,436172989.55,11246.9,6.611341865740152,9.327847814104603,2.5032289362604487,-0.11889540649860919,0,0,0,1
2022-04-27,730.98,642317,570814998.97,11221.87,6.594386099594371,9.325619831856008,-1.695576614578087,-0.22279822485948841,0,0,0,1
2022-04-28,753.03,14456361,675622422.32,11200.06,6.624105067643726,9.323674414411693,2.9718968049355254,-0.19454174443147565,0,0,0,1
2022-04-29,754.09,48677584,2010899756.72,11179.8,6.625511724279939,9.321863857461421,0.14066566362123112,-0.18105569502715468,0,0,0,1
2022-05-06,749.92,14069192,390114880.47,11132.56,6.619966534174396,9.317629426806306,-0.5545190105542552,-0.42344306551154176,0,0,0,1
2022-05-07,748.15,5247210,375227918.52,11115.9,6.617603492629429,9.316131794780189,-0.23630415449673592,-0.14976320261173015,0,0,0,1
2022-05-10,778.68,997644,180727252.49,11141.8,6.657600178421077,9.318459080320931,3.9996685791648723,0.2327285540742352,0,0,0,1
2022-05-11,771.97,511354,1243366316.93,11162.03,6.648945689166076,9.320273119035145,-0.8654489255001785,0.1814038714213595,0,0,0,1
2022-05-12,771.05,174566,563598224.44,11184.63,6.647753222303665,9.322295793359192,-0.11924668624105905,0.20226743240474576,0,0,0,1
2022-05-13,835.58,671344,227089284.57,11165.92,6.7281260944988865,9.320621561237799,8.037287219522149,-0.1674232121393615,0,0,0,1
2022-05-16,825.01,642534,870486904.34,11150.14,6.715395507473341,9.31920733286325,-1.2730587025545859,-0.14142283745481876,0,0,0,1
2022-05-17,833.44,3669863,327741142.93,11164.86,6.725561713996881,9.32052662501069,1.0166206523540389,0.13192921474391994,0,0,0,1
2022-05-18,867.98,40267433,6835647700.34,11145.21,6.766168672920237,9.318765088172734,4.06069589233562,-0.17615368379555463,0,0,0,1
2022-05-19,846.89,231782,571391414.22,11130.57,6.741570816088329,9.317450655896257,-2.4597856831908516,-0.13144322764766514,0,0,0,1
2022-05-20,805.95,243859,245083549.5,11088.2,6.69202170584294,9.313636758785048,-4.954911024538866,-0.38138971112093856,0,0,0,1
2022-05-23,812.87,121818,823748247.33,11095.09,6.700571195163171,9.314257947095848,0.8549489320230919,0.06211883108004912,0,0,0,1
2022-05-24,981.84,2896510,105269596.37,11084.9,6.8894283622892525,9.313339100809902,18.885716712608147,-0.09188462859466284,0,0,0,1
2022-05-25,930.81,3660197,1236916533.89,11074.93,6.836055174816924,9.3124392743516,-5.337318747232889,-0.08998264583013338,0,0,0,1
2022-05-26,923.01,144534,202204682.78,11063.01,6.827640068680348,9.31136238994845,-0.8415106136575368,-0.10768844031510127,0,0,0,1
2022-05-27,701.1,4132396,6789160955.0,11045.25,6.552650530212922,9.30975575027438,-27.49895384674259,-0.16066396740690436,0,0,0,1
2022-05-30,717.37,1859832,139064890.46,11034.15,6.575591746548862,9.308750288084726,2.2941216335939707,-0.10054621896546934,0,0,0,1
2022-05-31,895.48,1258475,701179288.39,11010.88,6.797359887359681,9.30663915386149,22.176814081081897,-0.21111342232362773,0,0,0,1
2022-06-01,840.63,2528574,614528498.02,10985.79,6.734151610727905,9.304357898482293,-6.320827663177564,-0.22812553791968782,0,0,0,1
2022-06-02,732.57,136843,48712150.6,10980.02,6.596558899465288,9.303832536555488,-13.75927112626174,-0.0525361926804635,0,0,0,1
2022-06-03,739.19,693723,219488218.22,10994.67,6.60555499209744,9.305165888895878,0.8996092632152397,0.1333352340390448,0,0,0,1
2022-06-06,724.42,5003575,2307519287.27,11012.06,6.585371334683906,9.30674631484918,-2.018365741353456,0.15804259533016563,0,0,0,1
2022-06-07,696.58,1148499,81482815.11,11031.7,6.546182646638312,9.308528225484821,-3.9188688045594056,0.17819106356409264,0,0,0,1
2022-06-08,688.24,14816714,104072041.23,11046.94,6.534137614313092,9.309908745518701,-1.2045032325219474,0.1380520033880117,0,0,0,1
2022-06-09,716.49,15737425,223438735.71,11039.96,6.574364290436706,9.309276696636116,4.022667612361364,-0.06320488825846127,0,0,0,1
2022-06-10,736.68,1574091,256837141.39,11021.19,6.6021536052274055,9.307575062357836,2.778931479069957,-0.1701634278280295,0,0,0,1
2022-06-13,713.71,1550142,105535132.71,11005.03,6.570476717368283,9.306107719990468,-3.167688785912226,-0.14673423673681185,0,0,0,1
2022-06-14,719.38,1822702,352027244.8,10992.2,6.578389729929838,9.304941209347549,0.7913012561554744,-0.11665106429195049,0,0,0,1
2022-06-15,721.83,677087,182485180.38,10975.02,6.581789654104748,9.303377060265174,0.3399924174909863,-0.15641490823750104,0,0,0,1
2022-06-16,743.63,64083463,365224675.76,10960.11,6.611543599304595,9.30201759694799,2.9753945199846754,-0.13594633171827297,0,0,0,1
2022-06-17,743.3,505563,754056033.39,10969.48,6.611099731731247,9.302872150140296,-0.04438675733471342,0.08545531923047633,0,0,0,1
2022-06-20,749.66,1297485,903608790.13,10950.03,6.619619770410401,9.301097474966921,0.8520038679153963,-0.17746751733742627,0,0,0,1
2022-06-21,785.8,3325279,195273412.11,10928.12,6.66670230712436,9.299094562716606,4.708253671395823,-0.20029122503153474,0,0,0,1
2022-06-22,712.41,3370769,224885960.88,10895.99,6.56865358837482,9.296150110620884,-9.804871874953935,-0.29444520957220277,0,0,0,1
2022-06-23,722.93,3087126,630494216.02,10847.08,6.583312398661009,9.291651198324166,1.4658810286189095,-0.44989122967180606,0,0,0,1
2022-06-24,722.42,7148786,80551987.48,10830.17,6.582606687212341,9.290091037009418,-0.07057114486679339,-0.15601613147477877,0,0,0,1
2022-06-27,726.55,257937,109743798.9,10839.9,6.588307303766705,9.290989049858835,0.5700616554363158,0.08980128494169293,0,0,0,1
2022-06-28,745.64,7111187,7249943729.62,10823.52,6.614242910001045,9.289476822969311,2.5935606234340547,-0.15122268895240154,0,0,0,1
2022-06-29,752.4,1389817,148209912.77,10800.55,6.623268097426875,9.287352337741556,0.9025187425829806,-0.21244852277551018,0,0,0,1
2022-06-30,766.44,1095132,1664326984.23,10860.25,6.641756417361498,9.292864613480791,1.8488319934623298,0.5512275739235406,0,0,0,1
2022-07-01,757.35,2438808,363586454.44,10865.94,6.629825497973035,9.29338840528507,-1.193091938846358,0.05237918042784173,0,0,0,1
2022-07-04,745.23,2359931,163683099.03,10850.1,6.61369289556607,9.291929575515995,-1.6132602406965013,-0.1458829769074299,0,0,0,1
2022-07-05,740.22,7596730,221609687.34,10836.69,6.606947439311428,9.290692877811159,-0.6745456254641624,-0.12366977048365868,0,0,0,1
2022-07-06,738.21,878599,197834799.08,10860.14,6.604228336968519,9.292854484749217,-0.27191023429091743,0.21616069380581138,0,0,0,1
2022-07-07,827.71,11032679,118445264.55,10887.87,6.718662851490471,9.295404604509839,11.44345145219523,0.2550119760622138,0,0,0,1
2022-07-08,770.17,57464506,306608241.0,10912.3,6.646611269700363,9.297645872373948,-7.205158179010773,0.22412678641092754,0,0,0,1
2022-07-13,649.66,117019,339184873.31,10920.28,6.476449149114147,9.298376889995811,-17.016212058621605,0.0731017621863117,0,0,0,1
2022-07-14,654.94,1593920,646796852.01,10935.19,6.4845436283860005,9.299741308360009,0.8094479271853139,0.13644183641972063,0,0,0,1
2022-07-15,653.9,1517283563,2739361863.9,10950.29,6.4829544345672305,9.301121218912217,-0.1589193818769985,0.13799105522078747,0,0,0,1
2022-07-16,655.12,25790,48472808.88,10981.93,6.484818424961933,9.30400647375185,0.18639903947024195,0.2885254839632978,0,0,0,1
2022-07-18,657.43,1319024525,2475542280.14,10970.18,6.488338294505912,9.302935961521168,0.3519869543978871,-0.10705122306813308,0,0,0,1
2022-07-19,645.32,281114626,3058862580.09,10949.91,6.469746317797943,9.301086516032788,-1.8591976707968527,-0.18494454883803968,0,0,0,1
2022-07-20,640.44,5394894,1902766408.51,10925.55,6.462155440133854,9.29885936194604,-0.759087766408939,-0.22271540867482287,0,0,0,1
2022-07-21,770.18,1215929452,2274876782.02,10908.0,6.646624253762427,9.297251743965479,18.446881362857326,-0.16076179805608604,0,0,0,1
2022-07-22,771.62,4244232,82562635.81,10899.85,6.648492200861542,9.296504306654656,0.18679470991145308,-0.07474373108227184,0,0,0,1
2022-07-25,771.77,1013062437,2015238178.53,10919.98,6.648686578174433,9.298349417795388,0.019437731289162485,0.18451111407316034,0,0,0,1
2022-07-26,743.14,3175227,217380447.25,10967.06,6.610884452270768,9.302651513703573,-3.7802125903665384,0.43020959081854215,0,0,0,1
2022-07-27,741.15,997417963,2021371639.85,10960.17,6.608203033959868,9.302023071330618,-0.26814183108996303,-0.0628442372955007,0,0,0,1
2022-07-28,753.93,3244799,347407927.79,10942.4,6.625299525501937,9.300400430343831,1.7096491542068826,-0.162264098678655,0,0,0,1
2022-07-29,758.3,996726208,2982581586.13,10908.11,6.63107908570689,9.2972618282564,0.5779560204953071,-0.31386020874322185,0,0,0,1
2022-08-01,736.27,1640202,181930573.33,10912.36,6.601596899282751,9.297651370741391,-2.9482186424139023,0.038954248499223354,0,0,0,1
2022-08-02,751.8,857337267,1809232200.27,10941.07,6.622470331130078,9.300278877408978,2.0873431847326707,0.2627506667586488,0,0,0,1
2022-08-03,789.47,1697166,136512943.94,10960.12,6.671361834240351,9.302018509347178,4.889150311027279,0.1739631938200148,0,0,0,1
2022-08-04,787.33,279849,371226499.91,10942.58,6.6686474743799815,9.300416879981894,-0.27143598603691643,-0.1601629365284296,0,0,0,1
2022-08-05,774.49,3538401,232189896.0,10919.89,6.652204748217726,9.298341175988087,-1.6442726162255283,-0.20757039938068544,0,0,0,1
2022-08-08,812.27,2573299,251542823.5,10886.0,6.69983279720698,9.295232838994146,4.762804898925399,-0.31083369939413075,0,0,0,1
2022-08-09,815.69,1088815,166311378.87,10875.37,6.704034380822291,9.294255878366622,0.42015836153108665,-0.09769606275238374,0,0,0,1
2022-08-10,853.92,199012,65875561.89,10880.29,6.749837512585635,9.294708174466475,4.580313176334361,0.045229609985319996,0,0,0,1
2022-08-11,781.95,194832,82983255.81,10904.29,6.661790799882224,9.296911568767388,-8.804671270341036,0.22033943009134305,0,0,0,1
2022-08-12,747.55,5501564,130000253.61,10922.03,6.616801192659937,9.298537129458007,-4.498960722228773,0.1625560690618144,0,0,0,1
2022-08-15,748.95,61978,129514173.04,10911.01,6.618672225614728,9.297527650160957,0.18710329547912963,-0.10094792970498645,0,0,0,1
2022-08-16,749.49,140220,136772391.96,10937.14,6.619392975225492,9.29991961583847,0.072074961076396,0.2391965677512431,0,0,0,1
2022-08-17,829.27,90729,64092905.59,10970.01,6.720545795715401,9.302920464845888,10.115282048990881,0.30008490074191485,0,0,0,1
2022-08-18,801.5,273606,189459521.12,10945.32,6.686484972049608,9.300667246624132,-3.406082366579266,-0.22532182217567254,0,0,0,1
2022-08-19,793.02,1708904147,2850094675.43,10934.97,6.67584844199777,9.299721189622879,-1.0636530051837845,-0.09460570012524983,0,0,0,1
2022-08-22,745.09,82985549,189682029.31,10917.03,6.613505016452306,9.298079234284188,-6.2343425545464015,-0.1641955338691048,0,0,0,1
2022-08-23,705.37,37653409,561156045.38,10900.77,6.55872248783604,9.296588707924027,-5.478252861626576,-0.14905263601612262,0,0,0,1
2022-08-24,666.65,8609535,149811777.19,10888.3,6.502265170561468,9.295444097221372,-5.645731727457282,-0.11446107026547025,0,0,0,1
2022-08-25,702.33,104074390,129751989.73,10902.76,6.554403379040337,9.296771247173913,5.2138208478869075,0.1327149952540907,0,0,0,1
2022-08-26,667.1,10797649,39058447.38,10915.65,6.502939959715469,9.297952818287449,-5.146341932486731,0.11815711135358953,0,0,0,1
2022-08-29,524.42,48554769,249194925.2,10932.09,6.262292889987602,9.299457779725376,-24.06470697278671,0.15049614379272214,0,0,0,1
2022-08-30,502.86,2993971,410292950.58,10900.65,6.22031180133887,9.296577699466779,-4.198108864873262,-0.28800802585973173,0,0,0,1
2022-08-31,498.69,59020433,146110533.3,10930.01,6.211984660215478,9.29926749608325,-0.8327141123391613,0.268979661647073,0,0,0,1
2022-09-05,466.35,801347507,1497496001.77,10958.01,6.144936425172872,9.301825974673232,-6.70482350426056,0.25584785899823714,0,0,0,1
2022-09-06,447.02,605084,186913427.46,10980.65,6.102603336341949,9.303889911854162,-4.233308883092324,0.2063937180929898,0,0,0,1
2022-09-07,433.24,21308010,138518546.65,10971.22,6.0712918469675365,9.303030759483084,-3.1311489374412638,-0.08591523710776983,0,0,0,1
2022-09-08,437.12,736024,314861674.75,10997.61,6.080207756942371,9.305433255446097,0.8915909974834157,0.24024959630128961,0,0,0,1
2022-09-09,419.62,3685147,172728051.26,10977.6,6.039349539828555,9.303612111936626,-4.085821711381588,-0.1821143509470602,0,0,0,1
2022-09-12,405.15,229885,127919831.3,10955.1,6.0042573689067344,9.301560380239845,-3.5092170921820376,-0.20517316967811894,0,0,0,1
2022-09-13,394.32,4937947,223076679.24,10950.29,5.977162762397122,9.301121218912217,-2.7094606509612262,-0.043916132762866766,0,0,0,1
2022-09-14,393.55,5509535,98102216.75,10940.05,5.975208124588459,9.30018564634944,-0.19546378086632288,-0.09355725627759881,0,0,0,1
2022-09-15,394.69,6372814,139528767.53,10925.14,5.978100646649849,9.298821834526994,0.28925220613897906,-0.13638118224470475,0,0,0,1
2022-09-16,385.47,793728898,1472307927.27,10950.08,5.954463368963499,9.301102041154031,-2.363727768634938,0.2280206627037984,0,0,0,1
2022-09-19,370.81,5403704,307299735.65,10962.69,5.91568980204434,9.302252968343243,-3.8773566919159563,0.11509271892116146,0,0,0,1
2022-09-20,428.67,54957249,104399289.74,10979.29,6.0606873921489886,9.303766049949099,14.499759010464874,0.1513081605855504,0,0,0,1
2022-09-21,426.0,7273418,137022689.82,10950.46,6.054439346269371,9.301136743494707,-0.6248045879617692,-0.26293064543914113,0,0,0,1
2022-09-22,345.3,2840293,84076208.59,10980.01,5.844413604395947,9.30383162580992,-21.002574187342393,0.26948823152128654,0,0,0,1
2022-09-23,337.84,345602,133396778.25,11010.33,5.822572410625688,9.306589202019595,-2.1841193770258727,0.27575762096745393,0,0,0,1
2022-09-26,398.85,107276666,386173840.47,11030.13,5.988585406357139,9.308385898216171,16.601299573145045,0.17966961965765194,0,0,0,1
2022-09-27,396.56,133601804,317719114.92,11048.28,5.982827353712318,9.310030038721631,-0.5758052644820211,0.16441405054603564,0,0,0,1
2022-09-28,393.08,2489113,281020434.13,11024.92,5.9740131534942265,9.307913444052893,-0.8814200218091983,-0.21165946687382586,0,0,0,1
2022-09-29,352.92,1037146,286123359.9,10999.78,5.8662414023539045,9.305630551580505,-10.7771751140322,-0.22828924723885535,0,0,0,1
2022-09-30,402.58,4897464,759124602.18,11014.01,5.997893834872886,9.30692337775737,13.16524325189814,0.12928261768649918,0,0,0,1
2022-10-03,402.89,27009803,401238107.41,11004.94,5.998663571834674,9.306099541878458,0.0769736961788503,-0.08238358789114386,0,0,0,1
2022-10-04,346.09,2182351,545342042.37,10987.21,5.846698856840462,9.30448714801599,-15.196471499421271,-0.1612393862467698,0,0,0,1
2022-10-05,353.54,4868657,310404628.4,11010.45,5.867996633107738,9.306600100816096,2.1297776267275914,0.21129528001058162,0,0,0,1
2022-10-06,345.11,407986,223311834.99,11028.14,5.843863206792214,9.308205467021395,-2.4133426315523288,0.16053662052986084,0,0,0,1
2022-10-07,350.6,77203305,856734202.07,11063.05,5.859645972487134,9.311366005594435,1.5782765694919654,0.3160538573039773,0,0,0,1
2022-10-10,344.99,395785,63937164.92,11051.27,5.843515431104025,9.310300632468405,-1.6130541383108543,-0.10653731260301669,0,0,0,1
2022-10-11,342.05,1722720,312640895.07,11069.83,5.834956925207007,9.31197866876453,-0.8558505897018343,0.16780362961252848,0,0,0,1
2022-10-12,340.85,100355209,377824484.73,11084.06,5.831442497808794,9.313263319176446,-0.3514427398212838,0.12846504119163882,0,0,0,1
2022-10-13,347.16,97233,272972930.79,11095.31,5.849785768776044,9.31427777549011,1.8343270967250191,0.1014456313663814,0,0,0,1
2022-10-14,382.64,6821161,1574018856.31,11108.25,5.947094599372042,9.315443354475192,9.730883059599726,0.1165578985082405,0,0,0,1
2022-10-17,385.04,2046853,379338461.7,11131.45,5.953347224994854,9.317529714310584,0.6252625622812147,0.208635983539196,0,0,0,1
2022-10-18,359.36,1244160,212103633.15,11143.28,5.884324671550078,9.31859190461433,-6.90225534447757,0.10621903037453251,0,0,0,1
2022-10-19,338.5,918776,173363464.15,11157.43,5.82452409235233,9.319860922676888,-5.9800579197748505,0.12690180625583025,0,0,0,1
2022-10-20,338.95,8408564,255194503.39,11148.99,5.8258526038769745,9.31910418982574,0.13285115246448598,-0.07567328511477456,0,0,0,1
2022-10-21,358.57,30735873,77111238.89,11136.41,5.8821238989988345,9.317975199425188,5.627129512186002,-0.11289904005522544,0,0,0,1
2022-10-24,334.89,1067117,145130785.2,11125.0,5.813802119694751,9.31695010703444,-6.832177930408356,-0.10250923907477727,0,0,0,1
2022-10-25,334.89,6854816,140586729.12,11112.97,5.813802119694751,9.315868173640924,0.0,-0.10819333935163655,1,0,0,1
2022-10-26,332.84,8967301,271038726.51,11128.7,5.807661894032229,9.317282636010216,-0.6140225662521814,0.1414462369291769,0,0,0,1
2022-10-27,331.4,4397904,377823779.21,11155.12,5.803326104992462,9.319653864316615,-0.43357890397670573,0.23712283063996864,0,0,0,1
2022-10-28,335.44,77276165,183602987.25,11171.33,5.815443102862507,9.32110595390975,1.2116997870045054,0.14520895931351419,0,0,0,1
2022-10-31,368.87,776607,299231705.67,11180.48,5.910444278444026,9.321924679597837,9.5001175581519,0.08187256880862748,0,0,0,1
2022-11-01,346.3,947858,219371620.64,11169.38,5.847305451408376,9.320931384703583,-6.31388270356501,-0.09932948942541486,0,0,0,1
2022-11-02,348.58,16424949,84185719.59,11129.95,5.853867759093536,9.317394951896517,0.6562307685159752,-0.3536432807065282,0,0,0,1
2022-11-03,350.12,5900924,198635240.87,11108.03,5.858275952864237,9.315423549179254,0.4408193770701452,-0.19714027172632598,0,0,0,1
2022-11-04,350.75,6756327,628852809.37,11117.33,5.86007371898257,9.316260431060384,0.1797766118333044,0.08368818811295142,0,0,0,1
2022-11-07,371.52,1040610278,2118804849.49,11132.41,5.917602698509526,9.31761595272572,5.7528979526956014,0.1355521665336923,0,0,0,1
2022-11-08,337.58,31735231,162157278.62,11171.04,5.821802519260782,9.321079994264464,-9.58001792487444,0.34640415387432455,0,0,0,1
2022-11-09,339.71,1187704,3214126652.63,11157.04,5.828092312472438,9.319825967779906,0.6289793211656125,-0.12540264845579685,0,0,0,1
2022-11-10,348.82,1865146,238422308.57,11169.39,5.854556029840523,9.320932280008025,2.6463717368084616,0.11063122281189663,0,0,0,1
2022-11-11,316.36,16644544,198346989.0,11194.86,5.756880805651217,9.32321002337181,-9.767522418930596,0.22777433637859446,0,0,0,1
2022-11-14,317.28,1662522120,2920563295.12,11206.9,5.759784664771486,9.32428493901766,0.29038591202690256,0.10749156458498277,0,0,0,1
2022-11-15,323.37,3027414,434335824.16,11190.06,5.778797178461647,9.32278116322189,1.9012513690161548,-0.15037757957703235,0,0,0,1
2022-11-16,367.14,3480944,2226577328.93,11170.65,5.905743246702504,9.321045081954784,12.694606824085675,-0.17360812671061154,0,0,0,1
2022-11-17,317.41,1461455,484122444.71,11184.76,5.760194313582143,9.322307416385122,-14.554893312036121,0.12623344303381856,0,0,0,1
2022-11-18,342.98,573969,174892137.15,11208.18,5.837672136428001,9.324399147845057,7.7477822845858135,0.2091731459934465,0,0,0,1
2022-11-21,345.19,9637520,662967569.21,11211.64,5.844094990075883,9.324707803313965,0.6422853647881865,0.030865546890801454,0,0,0,1
2022-11-22,325.06,309278,946059512.59,11202.67,5.78400978067503,9.323907421729267,-6.008520940085305,-0.08003815846979734,0,0,0,1
2022-11-23,326.01,965339,1062063905.53,11208.91,5.7869280557428695,9.32446427672666,0.2918275067839815,0.05568549973933301,0,0,0,1
2022-11-24,326.81,9140190,265594541.42,11222.61,5.789378962272886,9.325685772345631,0.24509065300168942,0.12214956189708914,0,0,0,1
2022-11-25,326.67,20164519,16301895979.72,11230.39,5.78895048702608,9.326378775535527,-0.04284752468066699,0.06930031898964018,0,0,0,1
2022-11-28,350.09,164641839,316495909.93,11246.11,5.858190264285044,9.327777570059869,6.923977725896435,0.139879452434144,0,0,0,1
2022-11-29,338.65,1285961,275413702.01,11230.37,5.824967125660913,9.326376994651888,-3.3223138624131288,-0.14005754079811084,0,0,0,1
2022-11-30,342.28,5413025,366530050.44,11212.97,5.835629115549854,9.324826422991325,1.0661989888941292,-0.15505716605623832,0,0,0,1
2022-12-01,341.01,28354590,310768038.33,11203.13,5.8319118023667285,9.323948482526031,-0.37173131831256256,-0.08779404652941025,0,0,0,1
2022-12-02,348.75,71104,39905964.49,11228.08,5.854355333135575,9.326173062500922,2.2443530768846642,0.22245799748912276,0,0,0,1
2022-12-05,340.12,23533215,2480471669.11,11257.13,5.829298496517592,9.328756984658025,-2.505683661798308,0.25839221571022364,0,0,0,1
2022-12-06,336.29,6567544,279953249.46,11275.1,5.817973882948782,9.330352033511149,-1.1324613568810094,0.15950488531242257,0,0,0,1
2022-12-07,338.67,960569,289796289.98,11284.9,5.825026181941565,9.331220827892038,0.7052298992783257,0.08687943808887155,0,0,0,1
2022-12-09,349.63,2279766,67678146.38,11260.49,5.85687545245669,9.32905541762074,3.1849270515125205,-0.21654102712975742,0,0,0,1
2022-12-12,343.26,54401371,126149560.8,11252.01,5.838488177508492,9.328302058340245,-1.838727494819814,-0.0753359280494692,0,0,0,1
2022-12-13,351.58,11081293,420962670.82,11271.26,5.8624372813717445,9.330011402026765,2.394910386325222,0.17093436865192047,0,0,0,1
2022-12-14,353.47,1381652,132078439.89,11285.02,5.867798616105916,9.331231461514133,0.5361334734171663,0.12200594873679194,0,0,0,1
2022-12-15,355.49,12742260,195078319.64,11256.21,5.873497119452439,9.32867525533661,0.5698503346522443,-0.2556206177523279,0,0,0,1
2022-12-16,359.62,2764352,123689334.19,11231.15,5.885047918403492,9.326446446763795,1.1550798951053487,-0.22288085728146,0,0,0,1
2022-12-19,355.5,17522580,254654047.83,11264.97,5.873525249243295,9.329453189746953,-1.1522669160196841,0.3006742983158617,0,0,0,1
2022-12-20,363.64,2328963,187027372.38,11286.18,5.8961643672536574,9.33133424736522,2.2639118010362225,0.1881057618266624,0,0,0,1
2022-12-21,351.0,32631466,120554206.44,11277.83,5.860786223465865,9.33059413065891,-3.5378143787792027,-0.07401167063090242,0,0,0,1
2022-12-22,355.64,25129695,85418291.62,11255.08,5.873918983252938,9.328574861267592,1.3132759787072956,-0.2019269391318801,0,0,0,1
2022-12-23,380.4,5223523,315804149.93,11225.3,5.941223330671235,9.325925438311227,6.730434741829683,-0.2649422956364944,0,0,0,1
2022-12-26,379.26,7654745,98341990.87,11206.11,5.9382219857122625,9.32421444424696,-0.30013449589727514,-0.17109940642665578,0,0,0,1
2022-12-27,377.69,20243391,264009055.95,11194.2,5.93407375332873,9.323151066006009,-0.41482323835326795,-0.10633782409517067,0,0,0,1
2022-12-28,381.02,227957008,787035697938.18,11170.01,5.942851867187289,9.320987787317993,0.8778113858559422,-0.21632786880161348,0,0,0,1
2022-12-29,381.41,6465182,123958256.55,11195.57,5.94387491201505,9.323273443324016,0.10230448277610549,0.22856560060233733,0,0,0,1
2022-12-30,386.49,13004217,424484628.13,11225.46,5.957105994471543,9.325939691726257,1.3231082456492516,0.2666248402240612,0,0,0,1
2023-01-04,382.95,70334348,94395985.58,11246.81,5.947904432355602,9.327839811867532,-0.9201562115940476,0.19001201412756075,0,0,0,1
2023-01-05,396.51,22236797,303223102.45,11263.41,5.982701261437825,9.329314697764618,3.479682908222248,0.14748858970854428,0,0,0,1
2023-01-06,401.55,292360555,3080730432.61,11288.44,5.995332058634471,9.331534472220172,1.263079719664617,0.2219774455554102,0,0,0,1
2023-01-07,567.79,19182825,77207439.46,11319.14,6.341751632048627,9.334250377139726,34.64195734141562,0.2715904919554646,0,0,0,1
2023-01-09,564.47,16453177,97088184.93,11300.01,6.335887237801951,9.332558889655793,-0.5864394246676063,-0.16914874839333294,0,0,0,1
2023-01-10,566.45,168736514,66123060.41,11284.75,6.339388815319498,9.331207535705406,0.350157751754665,-0.135135395038688,0,0,0,1
2023-01-11,525.69,19086028,1241533442.39,11305.28,6.264711685388438,9.333025152207211,-7.467712993106002,0.18176165018051194,0,0,0,1
2023-01-12,383.01,34296564,113058367.68,11322.1,5.948061098500369,9.334511846919373,-31.66505868880689,0.14866947121614515,0,0,0,1
2023-01-13,380.82,24437940,458217572.69,11300.38,5.942326822546434,9.332591632453596,-0.573427595393472,-0.19202144657768372,0,0,0,1
2023-01-16,399.85,10041163,169013011.11,11317.12,5.991089476777899,9.334071902426558,4.876265423146453,0.14802699729621338,0,0,0,1
2023-01-17,361.44,1922609,179809482.41,11342.14,5.890096052719693,9.33628027199982,-10.099342405820533,0.22083695732622033,0,0,0,1
2023-01-18,357.7,36773734,462393893.39,11318.74,5.879694646264972,9.334215038141549,-1.0401406454721318,-0.2065233858271398,0,0,0,1
2023-01-19,363.54,70339911,470472001.68,11291.03,5.895889332184953,9.33176388416043,1.6194685919980856,-0.24511539811182814,0,0,0,1
2023-01-20,354.73,8920454,329918796.6,11285.0,5.871356936720072,9.331229689251636,-2.4532395464881063,-0.053419490879491605,0,0,0,1
2023-01-23,414.56,12966203,254629297.0,11309.94,6.0272177168138,9.333437264056307,15.586078009372795,0.2207574804671708,0,0,0,1
2023-01-24,375.21,10998438,78052467.21,11290.27,5.927485869228925,9.331696571826749,-9.973184758487452,-0.174069222955886,0,0,0,1
2023-01-25,366.65,45131931,298642163.27,11270.68,5.904407714539809,9.329959942391957,-2.307815468911656,-0.17366294347915812,0,0,0,1
2023-01-26,370.95,3666600,1997676142.49,11292.69,5.9160672826355345,9.33191089271376,1.165956809572588,0.19509503218024804,0,0,0,1
2023-01-27,376.63,2237360,2687388126.57,11320.02,5.931263273167188,9.334328118540066,1.5195990531653436,0.2417225826306435,0,0,0,1
2023-01-30,378.55,9516711,90429381.57,11334.96,5.936348164549315,9.335647034042593,0.508489138212731,0.13189155025266075,0,0,0,1
2023-01-31,386.57,7304088,130748761.36,11301.59,5.957312964177091,9.332698702766596,2.0964799627775754,-0.2948331275996807,0,0,0,1
2023-02-01,397.2,2918678,207848209.81,11269.82,5.984439932171018,9.329883635300241,2.7126967993926776,-0.2815067466354293,0,0,0,1
2023-02-02,404.94,5880256,192104089.27,11282.98,6.0037389079833705,9.33105067455866,1.9298975812352737,0.11670392584193223,0,0,0,1
2023-02-03,401.8,6248622,100201844.1,11295.23,5.995954452380834,9.332135791687255,-0.7784455602536156,0.10851171285946037,0,0,0,1
2023-02-06,406.62,10086634,91596802.74,11317.06,6.007879088376076,9.334066600710305,1.192463599524185,0.1930809023049207,0,0,0,1
2023-02-07,399.96,20366130,252926820.26,11342.59,5.9913645421076485,9.33631994626529,-1.6514546268427743,0.2253345554985131,0,0,0,1
2023-02-08,400.05,2566859,267454627.13,11350.18,5.991589539296133,9.336988881814632,0.02249971884848989,0.0668935549342109,0,0,0,1
2023-02-09,393.39,21830594,536571556.25,11370.11,5.974801486211443,9.338743261280017,-1.6788053084690446,0.17543794653853695,0,0,0,1
2023-02-10,392.2,6505111,203972277.95,11350.12,5.971771913762246,9.336983595540882,-0.30295724491971043,-0.17596657391347748,0,0,0,1
2023-02-13,395.61,8987557,2830343983.27,11338.21,5.980428877487717,9.33593371649787,0.8656963725471201,-0.10498790430126803,0,0,0,1
2023-02-14,401.03,312580281,1314338586.08,11330.04,5.994036237475799,9.335212884465953,1.360735998808238,-0.07208320319165296,0,0,0,1
2023-02-15,401.03,5327982,3107513037.11,11360.1,5.994036237475799,9.3378624950533,0.0,0.26496105873459186,1,0,0,1
2023-02-16,399.06,6862331,243938589.97,11368.98,5.989111781524385,9.338643872957887,-0.49244559514143305,0.07813779045875435,0,0,0,1
2023-02-17,393.36,2714235,521037692.99,11353.95,5.974725223103684,9.33732097998661,-1.4386558420700801,-0.13228929712774118,0,0,0,1
2023-02-20,490.48,13180430,261124447.4,11342.0,6.195384503454433,9.336267928573973,22.065928035074833,-0.10530514126365631,0,0,0,1
2023-02-21,477.38,2903868,1250025185.73,11320.09,6.168312819436888,9.334334302255604,-2.707168401754423,-0.19336263183689084,0,0,0,1
2023-02-22,478.35,1312144,493938509.14,11302.46,6.1703426821241765,9.332775680122463,0.20298626872881087,-0.15586221331407302,0,0,0,1
2023-02-23,481.28,3566904,134677721.64,11316.94,6.176449221321421,9.33405599719347,0.6106539197244132,0.12803170710071754,0,0,0,1
2023-02-24,475.08,32071323,360673248.43,11338.09,6.16348321090604,9.335923132760664,-1.2966010415381035,0.18671355671937562,0,0,0,1
2023-02-27,473.65,19741241,991146380.69,11350.0,6.160468652321543,9.336973022909548,-0.3014558584496285,0.10498901488844581,0,0,0,1
2023-02-28,479.59,9394071,737996167.04,11320.01,6.172931572227056,9.33432723514901,1.2462919905512848,-0.2645787760538809,0,0,0,1
2023-03-01,522.02,2478633,105520002.0,11336.04,6.257705901324915,9.335742309945802,8.477432909785865,0.14150747967924815,0,0,0,1
2023-03-02,516.25,1763410,527007339.47,11349.99,6.246591144275243,9.336972141851891,-1.1114757049671908,0.12298319060892737,0,0,0,1
2023-03-03,509.72,9043154,106992062.16,11364.0,6.233861555344078,9.338205742974079,-1.2729588931164493,0.1233601122187622,0,0,0,1
2023-03-06,503.32,76974463,262208234.24,11375.1,6.221226150723767,9.3391820349893,-1.2635404620310986,0.09762920152205368,0,0,0,1
2023-03-07,501.12,9713163,427959533.0,11348.03,6.216845593362383,9.336799439562894,-0.43805573613839854,-0.23825954264058424,0,0,0,1
2023-03-09,487.24,20501541,265723996.18,11385.01,6.188756814831758,9.340052856846158,-2.808877853062519,0.3253417283264781,0,0,0,1
2023-03-10,490.23,32102686,336960133.12,11407.1,6.194874668731803,9.34199124753633,0.6117853900044601,0.1938390690170877,0,0,0,1
2023-03-11,480.62,12338751,70727300.92,11390.26,6.175076937084859,9.34051388322196,-1.979773164694354,-0.14773643143701776,0,0,0,1
2023-03-13,482.01,5198478,187738282.72,11402.11,6.177964860723353,9.341553704975267,0.28879236384939944,0.10398217533076348,0,0,0,1
2023-03-14,484.82,5149831,358713998.11,11420.26,6.183777688029589,9.343144250026143,0.5812827306235668,0.15905450508757468,0,0,0,1
2023-03-15,490.58,20648621,1240313257.98,11446.04,6.195588364584937,9.34539909763357,1.1810676555348287,0.22548476074266688,0,0,0,1
2023-03-16,490.67,46145826,67173819.73,11449.6,6.195771804075897,9.345710073874345,0.01834394909598913,0.03109762407760286,0,0,0,1
2023-03-17,492.27,56397186,51702550213.53,11417.98,6.199027346455169,9.34294458490242,0.3255542379271503,-0.27654889719244125,0,0,0,1
2023-03-23,485.45,91671599,132659878.77,11375.05,6.185076295816154,9.339177639413887,-1.3951050639014362,-0.376694548853429,0,0,0,1
2023-03-24,490.3,12206438,91410970.77,11391.23,6.195017448657188,9.340599040075228,0.9941152841033585,0.142140066134111,0,0,0,1
2023-03-25,487.5,7346679,449734038.68,11408.02,6.189290290437902,9.342071895808221,-0.5727158219285933,0.14728557329934944,0,0,0,1
2023-03-27,482.44,23391266,438768058.36,11430.07,6.178856560715042,9.344002881004574,-1.043372972285983,0.1930985196352708,0,0,0,1
2023-03-28,487.49,5200713,458295654.52,11405.48,6.189269777406999,9.341849220636897,1.0413216691956606,-0.2153660367676835,0,0,0,1
2023-03-29,484.8,12966244,884641554.72,11391.94,6.1837364347551045,9.340661366783955,-0.5533342651894202,-0.11878538529419558,0,0,0,1
2023-03-30,494.36,13094110,370599147.31,11415.05,6.203263996721534,9.342687939155793,1.9527561966429907,0.2026572371837787,0,0,0,1
2023-03-31,504.08,16837917,1137132965.66,11433.21,6.2227349856338,9.344277557255728,1.9470988912265952,0.1589618099934853,0,0,0,1
2023-04-03,506.01,19174180,290351441.23,11404.65,6.226556431938032,9.341776445952986,0.382144630423209,-0.25011113027417764,0,0,0,1
2023-04-04,507.57,29375066,484852663.25,11395.73,6.229634632438815,9.340994002813433,0.30782005007825575,-0.07824431395526688,0,0,0,1
2023-04-05,509.55,3392276,223705317.73,11381.2,6.233527983274703,9.339718150275713,0.3893350835888043,-0.12758525377201124,0,0,0,1
2023-04-06,507.96,16552591,211024110.06,11365.26,6.2304027043208325,9.338316613279693,-0.31252789538704917,-0.14015369960205248,0,0,0,1
2023-04-07,507.33,3540138,206219541.47,11374.0,6.229161679429703,9.339085327866744,-0.12410248911294275,0.07687145870516332,0,0,0,1
2023-04-10,508.91,13643052,164996866.48,11397.04,6.232271183627701,9.34110895154511,0.31095041979982696,0.20236236783652828,0,0,0,1
2023-04-11,514.59,15427814,221411457.66,11410.17,6.243370467089844,9.342260341956347,1.1099283462142395,0.11513904112376849,0,0,0,1
2023-04-12,512.85,2440543,513339124.97,11418.11,6.23998340475342,9.342955970389166,-0.33870623364240515,0.06956284328190065,0,0,0,1
2023-04-13,515.17,31133666,553775754.62,11430.1,6.2444969432810575,9.344005505656972,0.4513538527637806,0.10495352678052683,0,0,0,1
2023-04-14,512.25,5595135,748054149.41,11421.0,6.238812787119009,9.343209045050607,-0.5684156162048204,-0.0796460606364846,0,0,0,1
2023-04-17,512.91,14126688,345415963.63,11441.96,6.240100391183128,9.345042578930038,0.12876040641183195,0.18335338794308598,0,0,0,1
2023-04-18,592.15,4742627,558801146.23,11455.0,6.383759981167504,9.346181594887597,14.365958998437645,0.1139015957559053,0,0,0,1
2023-04-19,571.39,20279329,1169625793.61,11435.99,6.348071988768487,9.3445206790102,-3.568799239901743,-0.16609158773963628,0,0,0,1
2023-04-20,581.55,146623387,520878382.2,11416.17,6.365696952785048,9.342786050426316,1.7624964016561329,-0.1734628583884401,0,0,0,1
2023-04-25,590.41,5691615,996237421.76,11424.87,6.380817210812198,9.343547837141871,1.5120258027150335,0.07617867155556013,0,0,0,1
2023-04-26,594.53,3986978,408365853.01,11402.01,6.387771177431235,9.341544934630258,0.6953966619036578,-0.20029025116130583,0,0,0,1
2023-04-27,602.99,20186119,249105093.17,11377.11,6.401900612841747,9.339358721122666,1.4129435410511704,-0.2186213507592072,0,0,0,1
2023-04-28,606.52,7119912,1015791251.61,11390.24,6.407737703932739,9.340512127334248,0.5837091090992175,0.11534062115821087,0,0,0,1
2023-05-01,605.82,13695602,8382923626.7,11408.01,6.406582912244285,9.342071019231533,-0.11547916884540044,0.1558891897284198,0,0,0,1
2023-05-02,615.82,575167340,1177043173.85,11420.01,6.422954713040297,9.34312235886636,1.6371800796012081,0.10513396348272863,0,0,0,1
2023-05-03,614.37,15305536,272795051.49,11438.01,6.420597352516331,9.3446972987536,-0.23573605239661788,0.1574939887239779,0,0,0,1
2023-05-04,619.14,49956432,662357143.61,11459.46,6.428331418355678,9.346570868739681,0.7734065839347437,0.1873569986081236,0,0,0,1
2023-05-05,607.73,511053257,1308389085.27,11445.03,6.409730704386542,9.34531085361521,-1.8600713969136429,-0.12600151244708258,0,0,0,1
2023-05-08,611.84,407005446,4886517913.42,11424.06,6.4164708104229815,9.343476936666415,0.6740106036439819,-0.1833916948795533,0,0,0,1
2023-05-10,656.22,6138722,269504865.76,11433.05,6.48649609857519,9.344263562837751,7.00252881522081,0.07866261713367351,0,0,0,1
2023-05-11,663.58,11959865,258555472.88,11453.07,6.497649419224378,9.346013095314776,1.115332064918828,0.17495324770244736,0,0,0,1
2023-05-12,666.99,4755000,2811385761.41,11465.0,6.502775053299487,9.347054195292005,0.5125634075109353,0.10410999772290097,0,0,0,1
2023-05-15,680.45,2387463,497888686.0,11433.03,6.5227543440063265,9.344261813521733,1.9979290706839237,-0.27923817702717457,0,0,0,1
2023-05-16,675.87,30341764,325081352.94,11417.17,6.516000749857161,9.342873641641674,-0.675359414916521,-0.13881718800590193,0,0,0,1
2023-05-17,677.09,51846800,250119245.1,11420.03,6.517804203515311,9.34312411017678,0.18034536581499339,0.02504685351052416,0,0,0,1
2023-05-18,678.29,12833116,369511025.88,11463.02,6.519574925104157,9.346881480857446,0.1770721588846058,0.37573706806668383,0,0,0,1
2023-05-19,674.4,26092859,314076606.23,11488.14,6.513823406687646,9.349070477843275,-0.5751518416511558,0.21889969858293057,0,0,0,1
2023-05-22,676.09,9953635,926181828.88,11478.16,6.516326203275815,9.348201378281901,0.25027965881694314,-0.08690995613740427,0,0,0,1
2023-05-23,685.47,17091393,200488682.15,11450.03,6.530104734368563,9.34574762906629,1.3778531092747848,-0.24537492156113672,0,0,0,1
2023-05-24,690.06,21875311,498727343.06,11430.09,6.536778550332545,9.344004630773604,0.6673815963981866,-0.17429982926859822,0,0,0,1
2023-05-25,693.67,10225613,461720762.23,11418.0,6.541996343096007,9.342946336524205,0.5217792763462015,-0.1058294249398628,0,0,0,1
2023-05-26,697.77,1688216041,2882980642.5,11425.15,6.547889535567087,9.343572344779064,0.5893192471080333,0.06260082548585899,0,0,0,1
2023-05-29,711.29,112834389,603860331.19,11415.0,6.567080222875004,9.342683558963897,1.9190687307916399,-0.08887858151673811,0,0,0,1
2023-05-30,716.0,7536164,258507239.02,11420.2,6.573680166960646,9.343138996191499,0.6599944085642129,0.04554372276022178,0,0,0,1
2023-05-31,705.66,24810679,710497480.7,11405.84,6.559133535091,9.341880783913378,-1.4546631869645665,-0.12582122781203964,0,0,0,1
2023-06-01,708.99,10099064,168131594.17,11400.17,6.563841422060304,9.341383546552102,0.47078869693040204,-0.049723736127660345,0,0,0,1
2023-06-02,704.75,9855513,137972224.47,11409.32,6.557843129994222,9.342185844235285,-0.5998292066082378,0.0802297683183184,0,0,0,1
2023-06-05,699.61,67115177,1160268503.0,11427.01,6.550523036924509,9.34373513026666,-0.7320093069712819,0.15492860313752743,0,0,0,1
2023-06-06,699.12,19077468,701722815.56,11449.14,6.549822401319289,9.345669896991245,-0.07006356052201568,0.19347667245845912,0,0,0,1
2023-06-07,703.58,52413526,357585082.56,11462.22,6.556181587217784,9.346811688785449,0.635918589849549,0.1141791794204039,0,0,0,1
2023-06-08,693.74,12817104,1203969141.08,11453.01,6.542097250542342,9.346007856531012,-1.4084336675442621,-0.08038322544372534,0,0,0,1
2023-06-09,697.23,9961940,171580556.53,11434.98,6.547115341980031,9.344432357439173,0.5018091437689165,-0.157549909183885,0,0,0,1
2023-06-12,704.15,36474008,431628955.57,11424.0,6.556991401644059,9.343471684579365,0.9876059664028602,-0.09606728598079428,0,0,0,1
2023-06-13,710.02,9239676,536825206.19,11442.42,6.565293138652707,9.345082781024221,0.8301737008647336,0.16110964448561305,0,0,0,1
2023-06-14,704.26,2401024,227294959.17,11465.09,6.557147606158687,9.347062045239388,-0.8145532494019392,0.19792642151674755,0,0,0,1
2023-06-15,728.62,22959673,433495024.9,11477.98,6.591152334101647,9.348185696202945,3.400472794295961,0.11236509635565994,0,0,0,1
2023-06-16,723.94,19241667,165195840.21,11460.08,6.5847085160233885,9.346624971047158,-0.6443818078258445,-0.15607251557874235,0,0,0,1
2023-06-19,726.3,28141220,344500458.11,11463.03,6.587963152612122,9.346882353227523,0.3254636588733817,0.025738218036508442,0,0,0,1
2023-06-20,724.85,5645832,423486982.97,11477.0,6.585964736896907,9.348100311680668,-0.1998415715215529,0.1217958453144874,0,0,0,1
2023-06-21,736.24,628806148,1249531773.36,11490.0,6.601556152530601,9.3492323708428,1.559141563369426,0.11320591621331033,0,0,0,1
2023-06-22,732.05,17614421,143300950.96,11500.0,6.595848817639491,9.350102314351341,-0.5707334891109639,0.08699435085404161,0,0,0,1
2023-06-23,725.67,8433684,20138335948.89,11482.27,6.58709536603315,9.348559385518168,-0.8753451606341223,-0.1542928833172752,0,0,0,1
2023-06-26,732.74,16356557,171230478.23,11469.57,6.596790932278498,9.347452720318676,0.9695566245348175,-0.11066651994919852,0,0,0,1
2023-06-27,765.28,30836050,532156485.93,11488.12,6.640241779931987,9.349068736915902,4.345084765348872,0.16160165972252116,0,0,0,1
2023-07-03,762.97,21473355,80046569.79,11522.0,6.63721871203178,9.352013530292329,-0.30230679002070104,0.29447933764270573,0,0,0,1
2023-07-04,752.67,42339840,526151600.67,11534.99,6.623626884729654,9.353140303680734,-1.359182730212627,0.11267733884050557,0,0,0,1
2023-07-05,760.6,7903845,217187684.64,11541.0,6.634107595494159,9.353661191420406,1.0480710764505297,0.05208877396718492,0,0,0,1
2023-07-06,765.15,2864641,233657276.27,11530.47,6.640071893037045,9.352748375658672,0.5964297542885966,-0.09128157617332988,0,0,0,1
2023-07-07,765.62,5718432,381582894.2,11553.06,6.640685963099522,9.354705615925777,0.06140700624772677,0.1957240267104865,0,0,0,1
2023-07-10,767.0,28410000,261115190.39,11570.09,6.642486801367256,9.356178598895584,0.18008382677336954,0.147298296980658,0,0,0,1
2023-07-11,762.34,21580748,803515813.34,11555.59,6.636392650397325,9.354924581552078,-0.6094150969930823,-0.1254017343505609,0,0,0,1
2023-07-12,767.3,13422064,221339591.23,11574.13,6.64287785918362,9.35652771414259,0.648520878629455,0.16031325905121463,0,0,0,1
2023-07-13,763.03,6196079,295195953.85,11593.01,6.637297348991191,9.358157609259523,-0.5580510192428889,0.16298951169329,0,0,0,1
2023-07-14,761.04,4628368,82169568.15,11582.14,6.634685918898201,9.357219535435007,-0.2611430092989586,-0.09380738245159392,0,0,0,1
2023-07-17,760.85,31617506,249737978.47,11577.66,6.634436229366123,9.35683265816872,-0.024968953207782363,-0.03868772662869446,0,0,0,1
2023-07-18,716.56,6468792,252765248.04,11589.16,6.574461984166939,9.357825457434616,-5.997424519918404,0.09927992658962381,0,0,0,1
2023-07-19,682.27,5824304,222931470.14,11608.03,6.525425473926092,9.35945237898522,-4.903651024084699,0.16269215506028445,0,0,0,1
2023-07-20,670.46,16780467,102112836.91,11600.11,6.507964043969777,9.358769859808115,-1.7461429956315833,-0.06825191771042682,0,0,0,1
2023-07-21,666.75,17640864,255574718.53,11592.99,6.502415163062124,9.358155884080535,-0.5548880907652709,-0.06139757275800406,0,0,0,1
2023-07-24,674.99,11342852,266865493.33,11610.02,6.514697875947975,9.359623797343339,1.22827128858507,0.14679132628039326,0,0,0,1
2023-07-25,667.15,3255721,270776517.75,11595.02,6.50301490818843,9.358330974569558,-1.1682967759544916,-0.1292822773780955,0,0,0,1
2023-07-26,696.1,3386293,405699544.06,11613.06,6.545493328174621,9.359885605856022,4.247841998619162,0.15546312864636036,0,0,0,1
2023-07-27,686.06,3436769,822436947.42,11624.92,6.530965087458022,9.360906348711447,-1.4528240716598972,0.10207428554256381,0,0,0,1
2023-07-28,686.44,18751315,179619601.34,11600.14,6.531518821534102,9.358772445987144,0.05537340760799481,-0.21339027243030273,0,0,0,1
2023-07-31,665.25,24815174,515930529.53,11600.17,6.500162909857798,9.358775032159484,-3.1355911676303805,0.00025861723393916236,0,0,0,1
2023-08-01,646.26,6205444,221742159.98,11618.15,6.471201899590734,9.360323809469303,-2.8961010267064324,0.15487773098197266,0,0,0,1
2023-08-02,650.87,10299260,134879979.33,11633.11,6.478309929486973,9.361610621630394,0.7108029896238932,0.12868121610907224,0,0,0,1
2023-08-03,654.3,27636886,189324921.74,11655.01,6.483565961875693,9.363491409470347,0.52560323887203,0.18807878399531575,0,0,0,1
2023-08-04,650.34,54836174,52238040001.31,11647.79,6.477495303055713,9.362871741427792,-0.6070658819980146,-0.06196680425549772,0,0,0,1
2023-08-07,627.59,22403910,246450603.29,11660.02,6.441887087016192,9.363921175168878,-3.5608216039521245,0.10494337410857923,0,0,0,1
2023-08-08,640.67,36158322,194871933.38,11675.01,6.4625145037622245,9.365205939067781,2.0627416746032523,0.12847638989033072,0,0,0,1
2023-08-09,639.35,21012184,5484561920.55,11664.86,6.460452035257178,9.364336182668978,-0.20624685050467662,-0.08697563988029344,0,0,0,1
2023-08-10,657.17,170605680,100328170617.25,11667.0,6.487942736916698,9.364519622823858,2.7490701659520056,0.01834401548794773,0,0,0,1
2023-08-11,641.91,68265812,107086354.99,12075.03,6.4644481069469695,9.398894962989736,-2.3494629969728287,3.43753401658784,0,0,0,1
2023-08-14,653.97,34852731,186128135.1,12041.88,6.483061478845434,9.396145852852667,1.8613371898464237,-0.2749110137068911,0,0,0,1
2023-08-15,649.95,41086279,99604160.33,12062.04,6.476895436854028,9.39781861020507,-0.6166041991405358,0.16727573524022432,0,0,0,1
2023-08-16,671.32,18948411,58616933.22,12074.99,6.509245923439979,9.39889165036308,3.23504865859503,0.10730401580101301,0,0,0,1
2023-08-17,651.37,26021914,237674204.3,12089.0,6.479077837130065,9.400051227201992,-3.0168086309913633,0.1159576838912102,0,0,0,1
2023-08-18,662.21,11837053,124817404.72,12066.19,6.495582726177016,9.398162605603067,1.6504889046951021,-0.18886215989244448,0,0,0,1
2023-08-21,633.0,21976728,82263609.25,12078.01,6.450470422144176,9.39914172281915,-4.511230403284028,0.09791172160831252,0,0,0,1
2023-08-22,639.63,18058478,422459052.0,12100.02,6.460889884175023,9.400962384476028,1.0419462030847093,0.18206616568772205,0,0,0,1
2023-08-23,658.74,4630966,792533359.98,12089.93,6.490328919474696,9.400128153683061,2.94390352996734,-0.08342307929662951,0,0,0,1
2023-08-24,651.18,2554813,292612616.85,12067.55,6.478786101685978,9.39827531088633,-1.1542817788718018,-0.18528427967314798,0,0,0,1
2023-08-25,634.28,49604426,560529131.85,12049.02,6.452490497321366,9.396738607810686,-2.629560436461187,-0.1536703075643686,0,0,0,1
2023-08-28,648.16,211555564,660285834.35,12070.1,6.47413757945438,9.3984865990614,2.1647082133013917,0.17479912507134543,0,0,0,1
2023-08-29,644.77,44755073,683529783.63,12072.21,6.468893664055457,9.398661395922625,-0.5243915398922994,0.017479686122534588,0,0,0,1
2023-08-31,666.48,411199426,917645923.36,12089.97,6.502010131666654,9.400131462216182,3.3116467611196576,0.14700662935567266,0,0,0,1
2023-09-04,663.25,325617547,85557866.68,12102.0,6.497151993017849,9.401126007182267,-0.48581386488049105,0.09945449660850869,0,0,0,1
2023-09-05,677.01,78585400,126758059.91,12118.07,6.517686043851929,9.40245300601903,2.0534050834079665,0.1326998836763238,0,0,0,1
2023-09-06,683.87,104574687,207852502.05,12129.99,6.5277678410796165,9.403436177535447,1.0081797227687872,0.09831715164168031,0,0,0,1
2023-09-07,676.01,75018273,453795878.47,12142.11,6.516207868832958,9.404434855112363,-1.155997224665839,0.09986775769164069,0,0,0,1
2023-09-08,673.39,222395961,78430872.63,12137.16,6.512324656601861,9.404027099848834,-0.38832122310967776,-0.04077552635290971,0,0,0,1
2023-09-11,675.12,71706586,223989709.88,12147.25,6.514890452849711,9.40485808570195,0.2565796247849583,0.08309858531152514,0,0,0,1
2023-09-12,660.7,1391971950,391932517.26,12163.53,6.49329987903584,9.406197409445044,-2.159057381387086,0.13393237430943117,0,0,0,1
2023-09-13,668.0,81111533,58531271.68,12180.0,6.504288173536645,9.407550541263888,1.0988294500805296,0.1353131818843778,0,0,0,1
2023-09-14,663.87,50013504,89267395.85,12162.04,6.498086347175884,9.406074904607388,-0.6201826360761054,-0.14756366564991907,0,0,0,1
2023-09-15,676.15,266782899,755750554.9,12154.02,6.516414944919369,9.405415258242737,1.8328597743484387,-0.06596463646513229,0,0,0,1
2023-09-18,656.0,134823565,134504832.37,12174.99,6.486160788944089,9.407139126595217,-3.025415597528003,0.17238683524798404,0,0,0,1
2023-09-19,659.49,183419733,114449799.36,12160.39,6.491466809040135,9.405939227374272,0.5306020096046637,-0.11998992209445447,0,0,0,1
2023-09-20,652.13,15068071,460378141.34,12168.04,6.480243928554874,9.406568121244705,-1.1222880485261655,0.06288938704326341,0,0,0,1
2023-09-21,659.95,174155545,645746919.82,12178.1,6.492164074574964,9.407394535663792,1.1920146020090172,0.08264144190874845,0,0,0,1
2023-09-22,659.93,55540965,76889791.03,12190.01,6.492133768789587,9.408372042819526,-0.0030305785377215955,0.09775071557331927,0,0,0,1
2023-09-25,651.83,42970671,497973330.99,12212.07,6.479783791732742,9.410180085905159,-1.2349977056844708,0.18080430856333152,0,0,0,1
2023-09-26,636.54,150060057,493370447.59,12206.13,6.456047259699235,9.409693563547478,-2.3736532033506563,-0.04865223576810962,0,0,0,1
2023-09-27,639.46,81186378,166753097.35,12195.1,6.460624070196333,9.408789510698401,0.4576810497098016,-0.09040528490764643,0,0,0,1
2023-09-28,662.09,16785808,1170410766.57,12183.01,6.49540149835805,9.407797637169962,3.4777428161716806,-0.09918735284397684,0,0,0,1
2023-09-29,668.88,94024353,426535996.42,12175.07,6.505604671841803,9.407145697420916,1.0203173483752437,-0.06519397490460932,0,0,0,1
2023-10-03,685.73,32085853,88119430.17,12200.12,6.530483964244753,9.409201066738548,2.487929240295017,0.2055369317632838,0,0,0,1
2023-10-04,688.32,64320044,407574012.03,12216.01,6.534253846079365,9.410502665496693,0.3769881834612576,0.13015987581450617,0,0,0,1
2023-10-05,679.29,6283457,62511131.14,12207.92,6.521048135052539,9.409840200422819,-1.3205711026825995,-0.06624650738746851,0,0,0,1
2023-10-06,674.34,42875668,228668170.08,12198.12,6.513734434758231,9.40903712048632,-0.7313700294308667,-0.08030799364995289,0,0,0,1
2023-10-09,659.95,1115156736,1087423826.65,12189.81,6.492164074574964,9.408355635807496,-2.1570360183266857,-0.06814846788234519,0,0,0,1
2023-10-10,685.64,21504383,52838702.65,12180.05,6.530352708638857,9.407554646345774,3.8188634063892835,-0.08009894617213575,0,0,0,1
2023-10-11,687.31,9874820,194917772.1,12200.22,6.5327854277088955,9.409209263345645,0.24327190700388357,0.16546169998701288,0,0,0,1
2023-10-12,686.79,23711893,233719462.44,12216.09,6.532028568637761,9.410509214258363,-0.07568590711342082,0.1299950912718728,0,0,0,1
2023-10-13,682.48,17969093,1061757041.84,12229.01,6.525733222600439,9.411566276917386,-0.6295346037322069,0.10570626590222787,0,0,0,1
2023-10-16,689.58,34825048,111547735.1,12217.85,6.536082716608722,9.410653276165942,1.034949400828289,-0.09130007514439598,0,0,0,1
2023-10-17,691.79,13693167,264816714.86,12201.05,6.539282441353783,9.409277292591689,0.3199724745060806,-0.1375983574252615,0,0,0,1
2023-10-18,710.21,9509232,182565004.45,12195.07,6.5655607009505506,9.408787050690947,2.627825959676766,-0.04902419007422054,0,0,0,1
2023-10-19,698.09,30518487,46863162.69,12206.93,6.548348034278428,9.409759102238677,-1.7212666672122623,0.09720515477305014,0,0,0,1
2023-10-20,709.36,18962172,488027089.89,12231.01,6.564363155071751,9.411729809081665,1.6015120793323234,0.1970706842987724,0,0,0,1
2023-10-23,708.08,39440328,953675750.34,12210.0,6.562557081660621,9.41001056710475,-0.1806073411129816,-0.17192419769145317,0,0,0,1
2023-10-24,713.15,65571809,322155403.69,12218.04,6.569691776969432,9.410668827062596,0.7134695308810279,0.06582599578450754,0,0,0,1
2023-10-25,697.24,15560322,121494783.99,12199.93,6.547129684346665,9.409185492999969,-2.2562092622766983,-0.14833340626267955,0,0,0,1
2023-10-26,673.71,176051641,463735217.15,12195.13,6.51279975125856,9.408791970699804,-3.432993308810506,-0.03935223001647614,0,0,0,1
2023-10-27,677.78,9432080,246229391.35,12210.08,6.518822751508333,9.410017119089838,0.6023000249773425,0.12251483900342919,0,0,0,1
2023-10-30,688.25,56086761,228832368.39,12228.05,6.534152144022717,9.411487771978486,1.5329392514384033,0.14706528886474501,0,0,0,1
2023-10-31,707.18,14599937,1050137198.17,12219.23,6.561285230380545,9.410766219283653,2.713308635782763,-0.0721552694832539,0,0,0,1
2023-11-01,701.54,2990261,502259632.72,12234.42,6.5532779185868915,9.412008569767423,-0.8007311793653216,0.12423504837695276,0,0,0,1
2023-11-02,697.4,17393219,93915180.68,12249.0,6.5473591342415505,9.413199579987685,-0.5918784345340988,0.11910102202623563,0,0,0,1
2023-11-03,715.01,24046226,199613940.05,12240.01,6.57229652861019,9.412465373059447,2.493739436863951,-0.07342069282376684,0,0,0,1
2023-11-06,704.8,17685037,140567558.21,12254.0,6.557914074621969,9.4136076932856,-1.438245398822069,0.11423202261529042,0,0,0,1
2023-11-07,683.54,8321015,93141537.11,12270.0,6.527285176763272,9.414912537704957,-3.0628897858697712,0.13048444193568542,0,0,0,1
2023-11-08,688.68,110845248,249677426.75,12280.08,6.534776721908272,9.415733716337893,0.7491545145000167,0.08211786329361814,0,0,0,1
2023-11-09,676.67,43587012,174497946.52,12297.01,6.517183709463964,9.41711142237859,-1.7593012444307554,0.13777060406958697,0,0,0,1
2023-11-10,653.22,9787519,833751764.12,12288.04,6.481913979121144,9.416381710590489,-3.526973034282044,-0.0729711788100218,0,0,0,1
2023-11-13,664.39,23345441,128844057.93,12270.11,6.498869326451878,9.414921502619947,1.6955347330734227,-0.14602079705419158,0,0,0,1
2023-11-14,636.89,31216386,746248599.02,12281.14,6.456596956202087,9.415820031268558,-4.227237024979136,0.08985286486105082,0,0,0,1
2023-11-15,654.34,17176238,122640108.86,12289.98,6.483627094043459,9.416539575219456,2.703013784137198,0.07195439508986823,0,0,0,1
2023-11-16,660.24,14944443,134025774.85,12282.0,6.492603405284429,9.415890054889344,0.8976311240970425,-0.06495203301124519,0,0,0,1
2023-11-17,653.78,1007987,543855520.04,12270.1,6.482770903427599,9.414920687630996,-0.9832501856830156,-0.09693672583477309,0,0,0,1
2023-11-20,656.81,8639482,168002360.41,12280.0,6.487394783357272,9.415727201701133,0.4623879929672725,0.08065140701365436,0,0,0,1
2023-11-21,651.66,17535481,179298100.65,12277.42,6.47952295352,9.415517081907646,-0.7871829837271527,-0.02101197934862853,0,0,0,1
2023-11-22,656.54,10877865,187554425.69,12270.07,6.486983621056584,9.414918242660159,0.7460667536584253,-0.059883924748760364,0,0,0,1
2023-11-23,656.29,11369081,625005610.89,12289.03,6.486602764429265,9.416462273489202,-0.038085662731912606,0.1544030829043308,0,0,0,1
2023-11-24,649.92,36571330,222199255.93,12304.98,6.47684927839202,9.417759337468288,-0.9753486037245018,0.12970639790861327,0,0,0,1
2023-11-27,650.64,40226798,242804191.74,12296.16,6.47795649385852,9.417042297495515,0.11072154664999445,-0.07170399727733923,0,0,0,1
2023-11-28,655.9,30485173,58598141.92,12310.04,6.48600833829969,9.41817046856396,0.8051844441169465,0.11281710684443169,0,0,0,1
2023-11-29,673.91,33205712,215137416.05,12315.0,6.513096570838958,9.418573310554638,2.708823253926873,0.040284199067919246,0,0,0,1
2023-11-30,681.23,42600630,1522327068.05,12297.88,6.52389998774834,9.417182168781633,1.0803416909381802,-0.13911417730056996,0,0,0,1
2023-12-01,674.2,42119761,72797678.86,12280.01,6.51352680279996,9.41572801603305,-1.0373184948379688,-0.14541527485825156,0,0,0,1
2023-12-04,666.13,42514432,107467407.27,12300.09,6.501484846687481,9.41736185840691,-1.2041956112479824,0.1633842373859551,0,0,0,1
2023-12-05,673.56,41794496,73162226.15,12272.0,6.512577078742108,9.415075523607037,1.1092232054627615,-0.22863347998729466,0,0,0,1
2023-12-06,681.65,30656036,189228713.6,12289.4,6.524516329632139,9.416492381189329,1.193925089003045,0.14168575822921525,0,0,0,1
2023-12-07,683.71,29602040,518983455.63,12305.17,6.527533851110869,9.417774778251868,0.3017521478730245,0.12823970625390757,0,0,0,1
2023-12-11,670.22,32311735,304925775.82,12311.98,6.507606016696209,9.418328051085947,-1.9927834414660062,0.05532728340789106,0,0,0,1
2023-12-12,668.68,17402571,100370848.02,12327.01,6.50530561983443,9.419548068778578,-0.23003968617789639,0.12200176926313588,0,0,0,1
2023-12-13,683.16,57043378,1075413045.42,12349.0,6.5267290927509904,9.421330367117822,2.142347291656055,0.1782298339243482,0,0,0,1
2023-12-14,671.22,29952682,85184815.15,12367.0,6.509096952086894,9.422786913742057,-1.763214066409624,0.1456546624234889,0,0,0,1
2023-12-15,683.55,11245995,68504664.65,12358.03,6.527299806378001,9.422061333195256,1.8202854291106796,-0.07255805468009413,0,0,0,1
2023-12-18,681.31,34073265,128452895.55,12377.49,6.524017415493716,9.42363477931766,-0.3282390884285391,0.157344612240351,0,0,0,1
2023-12-19,672.38,41973024,734664689.03,12386.68,6.510823656892212,9.42437698068535,-1.3193758601503625,0.07422013676912087,0,0,0,1
2023-12-20,685.99,233985306,1055583519.26,12371.7,6.530863050360161,9.423166885208346,2.0039393467948585,-0.12100954770044581,0,0,0,1
2023-12-21,680.51,83342087,249545539648.76,12389.97,6.522842517060698,9.42464255331275,-0.8020533299462507,0.14756681044048037,0,0,0,1
2023-12-22,697.92,74739583,715649121.72,12369.84,6.548104483013264,9.423016530783885,2.5261965952566356,-0.16260225288657892,0,0,0,1
2023-12-25,696.69,58075356,2535122355.87,12357.11,6.546340548552841,9.421986884901585,-0.1763934460423222,-0.10296458822995902,0,0,0,1
2023-12-26,683.95,60351258,1011819330.44,12347.63,6.527884815535454,9.42121942080641,-1.8455733017387566,-0.07674640951744749,0,0,0,1
2023-12-27,684.0,9687282,579352302.83,12354.83,6.52795791762255,9.421802358716553,0.0073102087096543755,0.05829379101420784,0,0,0,1
2023-12-28,692.31,22774921,682923438.93,12350.16,6.540033832184597,9.421424297437788,1.207591456204682,-0.03780612787647186,0,0,0,1
2023-12-29,703.25,18594473,924019417.91,12338.77,6.555712447369967,9.42050161664052,1.5678615185369615,-0.0922680797268427,0,0,0,1
2024-01-03,709.84,27849503,889948997.95,12352.86,6.565039592527082,9.421642894193226,0.9327145157115524,0.11412775527066543,0,0,0,1
2024-01-04,686.89,90598224,765875337.08,12345.12,6.532174162954016,9.421016122266666,-3.286542957306615,-0.06267719265604654,0,0,0,1
2024-01-05,685.72,52370430,218030886.7,12341.54,6.53046938113928,9.420726087079638,-0.17047818147357674,-0.02900351870280815,0,0,0,1
2024-01-06,692.05,28427569,171000730.12,12355.16,6.539658207342711,9.421829068561438,0.9188826203430978,0.11029814818002137,0,0,0,1
2024-01-08,680.4,22469594,1131926763.83,12384.0,6.522680860521707,9.424160595829509,-1.6977346821004602,0.23315272680708432,0,0,0,1
2024-01-09,679.03,59649320,572693729.16,12390.08,6.520665309204175,9.42465143142236,-0.20155513175312834,0.04908355928510133,0,0,0,1
2024-01-10,681.71,24084407,173929012.54,12397.04,6.524604347470477,9.425213013420018,0.3939038266302042,0.05615819976583225,0,0,0,1
2024-01-11,690.11,22824975,112857173.84,12418.03,6.536851005175096,9.426904727769882,1.2246657704618968,0.16917143498638154,0,0,0,1
2024-01-12,678.88,146865711,124536644.35,12416.0,6.5204443814540145,9.426741242423,-1.6406623721081814,-0.016348534688148675,0,0,0,1
2024-01-15,670.98,111676812,139248775.79,12401.88,6.508739330268152,9.425603353004279,-1.1705051185862736,-0.1137889418721727,0,0,0,1
2024-01-16,690.82,16412427,317852521.04,12409.01,6.5378792977932045,9.426178100641005,2.913996752505277,0.057474763672615836,0,0,0,1
2024-01-17,672.26,46205283,164535470.87,12415.05,6.510645170456708,9.426664725320384,-2.7234127336496883,0.048662467937887754,0,0,0,1
2024-01-18,672.46,68065381,518731943.93,12427.0,6.510942630153112,9.427626803805994,0.02974596964042675,0.09620784856103626,0,0,0,1
2024-01-19,675.66,14899048,378602118.06,12420.15,6.515689990936989,9.427075432709225,0.47473607838774967,-0.05513710967690599,0,0,0,1
2024-01-22,687.75,17535340,226994989.72,12407.0,6.533425399804684,9.426016108442871,1.7735408867694424,-0.10593242663539115,0,0,0,1
2024-01-23,672.08,7091378,262376175.32,12418.01,6.510377381056592,9.426903117207168,-2.3048018748092147,0.08870087642964819,0,0,0,1
2024-01-24,656.4,30123648,98942824.34,12435.0,6.486770359215936,9.428270356237505,-2.360702184065566,0.13672390303369752,0,0,0,1
2024-01-25,655.04,17355446,214849397.4,12421.76,6.4846963024729245,9.427205052372308,-0.2074056743011532,-0.1065303865196654,0,0,0,1
2024-01-26,662.68,9718351,104856330.42,12412.0,6.4962922190703365,9.42641902556827,1.1595916597411993,-0.07860268040378315,0,0,0,1
2024-01-29,673.25,11494704,612917491.27,12400.0,6.512116731691708,9.425451751593128,1.5824512621371412,-0.0967273975142291,0,0,0,1
2024-01-30,663.94,12007844,218583860.12,12424.0,6.498191783947809,9.427385364828522,-1.3924947743898741,0.19336132353942048,0,0,0,1
2024-01-31,669.8,85911534,321002736.23,12430.05,6.506979160360104,9.427872207022812,0.8787376412294989,0.04868421942898493,0,0,0,1
2024-02-01,672.67,21287732,250511975.4,12420.24,6.511254867634554,9.427082678972267,0.42757072744494806,-0.07895280505447744,0,0,0,1
2024-02-02,675.16,5707212,64675380.26,12433.0,6.514949699820727,9.428109506952937,0.36948321861736133,0.10268279806702196,0,0,0,1
2024-02-05,667.41,11054900,145258407.5,12448.01,6.503404549723152,9.429316049759752,-1.1545150097575174,0.12065428068144257,0,0,0,1
2024-02-06,672.27,9052292,881306407.05,12469.89,6.510660045543169,9.431072217464365,0.7255495820016833,0.17561677046131763,0,0,0,1
2024-02-07,672.78,16756699,394253125.58,12484.0,6.511418381700844,9.43220310339067,0.07583361576752878,0.11308859263046145,0,0,0,1
2024-02-08,661.84,9308381,168974389.37,12458.02,6.495023834881928,9.430119871206927,-1.639454681891639,-0.20832321837431778,0,0,0,1
2024-02-09,669.79,62866631,2590807089.62,12464.91,6.506964230418853,9.430672775714985,1.1940395536925053,0.05529045080585604,0,0,0,1
2024-02-12,675.99,4787638,106623410.27,12460.0,6.51617828303414,9.430278792341444,0.9214052615287294,-0.03939833735415732,0,0,0,1
2024-02-13,684.51,9337869,162907048.96,12469.65,6.528703253825588,9.431052970918518,1.2524970791448098,0.07741785770747356,0,0,0,1
2024-02-14,677.81,16442417,161565570.45,12480.04,6.518867012678753,9.431885847046487,-0.9836241146834901,0.08328761279692287,0,0,0,1
2024-02-15,657.87,17610258,166315764.49,12486.06,6.489007343417055,9.432368100992171,-2.9859669261698585,0.04822539456839081,0,0,0,1
2024-02-16,662.15,6672316,109874094.77,12497.01,6.495492116372973,9.43324469467751,0.6484772955918316,0.08765936853389888,0,0,0,1
2024-02-19,658.74,14454373,344963877.01,12489.92,6.490328919474696,9.43267719797501,-0.5163196898276823,-0.056749670249978124,0,0,0,1
2024-02-20,652.84,6023598,272251767.53,12480.14,6.481332076282495,9.431893859809216,-0.8996843192201176,-0.0783338165794234,0,0,0,1
2024-02-21,651.76,15386896,225752168.22,12475.51,6.479676396002386,9.43152280154761,-0.16556802801090953,-0.03710582616065494,0,0,0,1
2024-02-22,649.87,21564339,191461800.4,12495.03,6.476772342887016,9.433086244226555,-0.2904053115369898,0.15634426789450373,0,0,0,1
2024-02-23,652.64,5084612,252049458.62,12508.0,6.481025675569248,9.434123718577732,0.4253332682232269,0.10374743511771811,0,0,0,1
2024-02-26,657.37,14555237,286930064.27,12490.0,6.488247025871836,9.432683603119623,0.7221350302587304,-0.14401154581094033,0,0,0,1
2024-02-27,659.59,11289571,262887927.45,12480.9,6.491618429867063,9.431954754707844,0.33714039952270625,-0.07288484117786709,0,0,0,1
2024-02-28,663.12,17690587,163039284.96,12500.01,6.496955969283271,9.433484723290073,0.5337539416208514,0.1529968582229202,0,0,0,1
2024-02-29,673.46,53056963,3244764106.49,12484.94,6.512428602846897,9.432278396935406,1.5472633563625493,-0.12063263546675529,0,0,0,1
2024-03-01,665.3,33738721,163473312.93,12496.8,6.500238066747841,9.433227890516799,-1.2190536099055294,0.09494935813929573,0,0,0,1
2024-03-04,663.4,20395448,164611953.3,12514.45,6.497378126512952,9.434639255636881,-0.28599402348890024,0.14113651200826638,0,0,0,1
2024-03-05,659.91,7285254,178555589.27,12525.01,6.492103462085741,9.435482724355941,-0.5274664427211029,0.08434687190597145,0,0,0,1
2024-03-07,654.54,18487584,109532025.6,12510.86,6.48393269883772,9.434352346102123,-0.8170763248021018,-0.11303782538174545,0,0,0,1
2024-03-11,664.23,24746965,405701705.75,12503.11,6.498628475040981,9.433732692344805,1.4695776203260458,-0.06196537573188721,0,0,0,1
2024-03-12,655.49,5170130,322520515.43,12513.01,6.485383047557258,9.4345241820336,-1.3245427483722594,0.07914896887957212,0,0,0,1
2024-03-13,650.23,12036681,126691123.37,12534.01,6.477326146454743,9.436201028614205,-0.8056901102515113,0.16768465806045185,0,0,0,1
2024-03-14,650.65,31144885,51035750892.44,12546.02,6.477971863222766,9.437158762789007,0.06457167680231635,0.09577341748023827,0,0,0,1
2024-03-15,652.91,10326256,305824041.72,12567.01,6.481439294356502,9.43883040534969,0.3467431133735488,0.1671642560681974,0,0,0,1
2024-03-18,662.26,40655992,120910333.83,12570.0,6.495658228075925,9.439068301584292,1.4218933719423177,0.023789623460324094,0,0,0,1
2024-03-19,666.13,9139119,104232686.19,12559.86,6.501484846687481,9.438261293463253,0.5826618611555645,-0.08070081210398428,0,0,0,1
2024-03-20,659.05,5932561,71276162.74,12561.87,6.490799404158475,9.438421314290185,-1.068544252900594,0.016002082693233888,0,0,0,1
2024-03-25,660.72,65631794,366306136.71,12575.0,6.493330149502461,9.43946599496794,0.25307453439866734,0.10446806777544282,0,0,0,1
2024-03-26,664.65,5017732,251459892.02,12597.07,6.499260586313608,9.441219526215486,0.5930436811146578,0.17535312475462916,0,0,0,1
2024-03-27,663.52,9812222,158027764.76,12590.0,6.497558996498071,9.440658127038393,-0.1701589815536586,-0.05613991770925253,0,0,0,1
2024-03-28,665.12,14658097,565627540.79,12600.14,6.499967475504327,9.441463203988953,0.2408479006255959,0.08050769505594246,0,0,0,1
2024-03-29,661.47,24607554,3114749334.6,12620.09,6.494464631052678,9.443045267607017,-0.5502844451648947,0.15820636180645664,0,0,0,1
2024-04-01,660.43,24707706,503825171.83,12628.05,6.492891138028129,9.443675809125223,-0.1573493024549677,0.06305415182055185,0,0,0,1
2024-04-02,663.0,45958008,90115218.71,12645.0,6.4967749901858625,9.445017159104065,0.38838521577337914,0.13413499788423877,0,0,0,1
2024-04-03,658.22,9420938,477540646.46,12633.52,6.489539221948539,9.444108878018842,-0.7235768237323192,-0.09082810852234502,0,0,0,1
2024-04-04,661.01,20207146,377657594.6,12668.0,6.493768968330291,9.44683440765853,0.42297463817515535,0.27255296396884177,0,0,0,1
2024-04-05,660.64,15631144,435281408.92,12680.07,6.4932090621377805,9.447786748480711,-0.05599061925103399,0.09523408221809859,0,0,0,1
2024-04-08,659.54,125916522,275772486.45,12685.08,6.491542622327208,9.448181778674906,-0.1666439810572129,0.03950301941948453,0,0,0,1
2024-04-09,657.41,25312956,205437874.66,12675.88,6.4883078725534284,9.447456254057261,-0.323474977377991,-0.0725524617644524,0,0,0,1
2024-04-13,660.56,23375223,70647961.33,12664.23,6.493087960109173,9.446536763114182,0.4780087555744217,-0.09194909430796372,0,0,0,1
2024-04-15,650.51,12117689,210632417.62,12667.0,6.4777566706245615,9.446755465483632,-1.5331289484611155,0.021870236944998567,0,0,0,1
2024-04-16,650.71,11335705,88541722.0,12654.57,6.478064074448011,9.445773693737378,0.03074038234496257,-0.09817717462539122,0,0,0,1
2024-04-17,644.29,15724639,797106150.6,12671.84,6.468148935303987,9.447137487711869,-0.9915139144023755,0.13637939744910454,0,0,0,1
2024-04-18,651.35,18277210,512624725.17,12694.96,6.479047132143573,9.448960343287025,1.0898196839585594,0.1822855575156268,0,0,0,1
2024-04-19,652.16,105811583,137591288.69,12697.0,6.480289930594306,9.449121024069791,0.12427984507326073,0.016068078276632036,0,0,0,1
2024-04-22,651.05,15897617,138834439.76,12690.0,6.478586444174737,9.448569560708433,-0.1703486419568634,-0.055146336135791785,0,0,0,1
2024-04-23,653.93,729895906,4011315526.25,12711.0,6.483000312089546,9.450223039294668,0.4413867914808911,0.1653478586234769,0,0,0,1
2024-04-24,659.85,3824331,136770374.09,12705.0,6.4920125364628385,9.449750895754265,0.9012224373292632,-0.047214354040292505,0,0,0,1
2024-04-25,659.12,3176772,755355074.66,12689.97,6.490905612007334,9.448567196639445,-0.1106924455504199,-0.11836991148204135,0,0,0,1
2024-04-26,654.24,11884377,476072501.83,12640.21,6.483474256616332,9.44463828148689,-0.743135539100237,-0.39289151525547794,0,0,0,1
2024-04-29,655.1,4858848,142618779.4,12662.01,6.48478789573783,9.44636145086841,0.1313639121498511,0.17231693815205062,0,0,0,1
2024-04-30,670.85,41017494,282805244.69,12620.01,6.5085455650364805,9.443038928487917,2.3757669298650086,-0.33225223804933535,0,0,0,1
2024-05-01,663.74,6407789,213222493.51,12610.17,6.497890506529286,9.44225891023209,-1.0655058507194504,-0.07800182558277413,0,0,0,1
2024-05-02,659.4,16205631,111441674.56,12632.22,6.491330330637631,9.44400597186995,-0.6560175891655362,0.17470616378609805,0,0,0,1
2024-05-03,668.93,8752264,185403775.65,12670.05,6.505679420871968,9.446996219637311,1.4349090234337503,0.29902477673608985,0,0,0,1
2024-05-06,667.9,32487188,58096389.38,12675.0,6.50413846173159,9.447386828459384,-0.15409591403781064,0.03906088220730908,0,0,0,1
2024-05-07,674.16,21154389,178518901.48,12648.12,6.513467471464097,9.445263866510334,0.9329009732507387,-0.21229619490501506,0,0,0,1
2024-05-08,681.93,14949059,63114678.8,12683.99,6.524927013279501,9.4480958472631,1.145954181540354,0.28319807527648067,0,0,0,1
2024-05-10,682.0,2263817,947946609.94,12695.0,6.525029657843462,9.448963494138779,0.010264456396136268,0.08676468756796396,0,0,0,1
2024-05-13,680.49,18875029,125581011.43,12718.08,6.522813126906398,9.450779882104786,-0.22165309370647535,0.1816387966007582,0,0,0,1
2024-05-14,675.97,16118972,128800859.04,12699.85,6.516148696359975,9.44934546135331,-0.6664430546422295,-0.143442075147604,0,0,0,1
2024-05-15,676.16,23405702,99646171.31,12710.95,6.516429734427692,9.450219105686115,0.028103806771628825,0.08736443328043464,0,0,0,1
2024-05-16,673.75,19899488,729901783.58,12727.96,6.512859122223207,9.451556427335124,-0.35706122044842914,0.13373216490091266,0,0,0,1
2024-05-17,671.96,5264421,72530753.4,12720.0,6.510198814942013,9.450930836894113,-0.266030728119393,-0.06255904410110702,0,0,0,1
2024-05-20,674.69,647,1009941.41,12694.87,6.5142533261214375,9.44895325383428,0.4054511179424125,-0.1977583059833421,0,0,0,1
2024-05-21,672.19,5699767,63705640.96,12687.7,6.510541038655505,9.448388299206698,-0.3712287465932107,-0.05649546275812156,0,0,0,1
2024-05-22,674.4,6387597,297557115.03,12708.86,6.513823406687646,9.450054667005832,0.3282368032140326,0.1666367799133539,0,0,0,1
2024-05-23,680.1,615276,39857356.79,12724.72,6.522239846181593,9.45130183724736,0.8416439493947436,0.12471702415286501,0,0,0,1
2024-05-24,675.35,40931892,380341207.99,12712.88,6.515231075006773,9.450370931748804,-0.7008771174819906,-0.09309054985564558,0,0,0,1
2024-05-27,674.38,3489612,68179498.51,12704.68,6.513793750257388,9.44972570850279,-0.14373247493848496,-0.0645223246014126,0,0,0,1
2024-05-28,676.74,53905159,102365386.51,12679.99,6.517287151879881,9.447780439347373,0.34934016224923425,-0.19452691554171508,0,0,0,1
2024-05-29,676.79,4605990,92926938.8,12650.09,6.517361032769144,9.445419608754863,0.0073880889263300276,-0.23608305925097994,0,0,0,1
2024-05-30,687.27,10479732,1054180753.62,12640.87,6.532727228113366,9.444690494446158,1.53661953442219,-0.07291143087044816,0,0,0,1
2024-05-31,701.57,49615104,351929466.86,12619.83,6.553320680736694,9.443024665323016,2.0593452623328012,-0.16658291231426148,0,0,0,1
2024-06-03,705.46,54946236,416696047.75,12599.85,6.558850072307766,9.441440188106803,0.5529391571071685,-0.15844772162125764,0,0,0,1
2024-06-04,689.31,11841075,242605049.24,12614.95,6.535691097257722,9.44263789753183,-2.315897505004383,0.11977094250266163,0,0,0,1
2024-06-05,678.32,2939797,206059094.24,12665.03,6.519619152995747,9.446599931165698,-1.6071944261974558,0.39620336338686,0,0,0,1
2024-06-06,675.41,23118189,1435363925.36,12676.03,6.515319913882724,9.447468087485197,-0.4299239113023212,0.08681563194983255,0,0,0,1
2024-06-07,664.93,31646749,248299461.63,12659.97,6.4996817719574045,9.446200326027114,-1.5638141925319538,-0.12677614580827168,0,0,0,1
2024-06-10,661.94,13362154,200227976.7,12646.87,6.495174917388372,9.44516503270957,-0.4506854569032548,-0.10352933175443724,0,0,0,1
2024-06-11,652.62,3795704,161466901.47,12634.92,6.480995030333814,9.444219688183729,-1.4179887054558193,-0.09453445258404969,0,0,0,1
2024-06-12,655.69,6372748,94737529.11,12598.05,6.485688116276353,9.441297319057949,0.46930859425389215,-0.29223691257804774,0,0,0,1
2024-06-13,667.13,87115149,130964766.49,12621.01,6.502984929473315,9.44311816458856,1.729681319696219,0.1820845530611237,0,0,0,1
2024-06-14,653.74,1702857,216149728.08,12614.8,6.48270971889503,9.442626006807584,-2.0275210578285296,-0.0492157780975333,0,0,0,1
2024-06-19,656.08,30237345,652610365.52,12627.02,6.486282732728156,9.443594241344925,0.35730138331260264,0.09682345373409618,0,0,0,1
2024-06-20,654.13,213679138,278242457.41,12643.91,6.483306108462126,9.444930955309543,-0.2976624266029404,0.13367139646174309,0,0,0,1
2024-06-21,659.37,2072892,173948820.88,12639.81,6.491284833697292,9.444606635942302,0.797872523516574,-0.03243193672410882,0,0,0,1
2024-06-24,653.9,14853751,136773526.16,12625.18,6.4829544345672305,9.443448511467667,-0.8330399130061394,-0.11581244746352581,0,0,0,1
2024-06-25,665.0,177199903,177183212135.03,12599.92,6.499787040655854,9.441445743713064,1.6832606088623692,-0.2002767754602175,0,0,0,1
2024-06-26,664.63,14239843,96354786.04,12586.41,6.499230494835513,9.440372939434257,-0.05565458203413698,-0.10728042788077374,0,0,0,1
2024-06-27,674.78,4545104,385632712.2,12580.27,6.5143867118212055,9.439884992663222,1.5156216985692694,-0.04879467710345864,0,0,0,1
2024-06-28,677.96,6243229,1237614068.47,12555.16,6.519088289149853,9.437887015437205,0.47015773286478435,-0.19979772260168005,0,0,0,1
2024-07-01,664.07,13120473,94407942.69,12557.67,6.498387565606706,9.438086913259024,-2.070072354314778,0.019989782181895066,0,0,0,1
2024-07-02,653.74,3732814,1169283480.86,12585.01,6.48270971889503,9.440261702165843,-1.5677846711676047,0.2174788906819103,0,0,0,1
2024-07-03,659.48,2921171,133343473.93,12571.9,6.491451645692978,9.439219443701923,0.8741926797948274,-0.10422584639204757,0,0,0,1
2024-07-04,658.92,3543305,230121223.69,12584.05,6.490602131078782,9.440185418029648,-0.08495146141962451,0.09659743277250499,0,0,0,1
2024-07-05,666.23,97004543,140581726.64,12600.05,6.501634956267756,9.441456061185663,1.1032825188974194,0.12706431560154385,0,0,0,1
2024-07-08,663.42,8268410,114645526.79,12603.72,6.497408273782366,9.441747287460617,-0.4226682485390043,0.029122627495326014,0,0,0,1
2024-07-09,665.34,7127130,83353223.62,12618.26,6.500298188193179,9.442900250202694,0.2889914410813432,0.11529627420774347,0,0,0,1
2024-07-10,662.66,79185019,205758088.67,12630.03,6.49626203813563,9.443832590638628,-0.40361500575487597,0.09323404359342646,0,0,0,1
2024-07-11,666.79,21505965,114106824.35,12632.88,6.502475153763583,9.444058217853552,0.6213115627952348,0.022562721492391802,0,0,0,1
2024-07-12,664.51,7476608,136105770.65,12655.02,6.49904992694902,9.445809253380979,-0.34252268145626985,0.17510355274268363,0,0,0,1
2024-07-15,666.28,13964913,123712043.13,12635.27,6.501710002608907,9.444247388806481,0.2660075659886907,-0.15618645744979176,0,0,0,1
2024-07-16,656.43,5618902,115808080.7,12607.62,6.48681606201067,9.442056672049546,-1.4893940598237343,-0.21907167569352737,0,0,0,1
2024-07-17,652.28,20547020,75522565.43,12586.03,6.480473917593076,9.440342747684864,-0.6342144417593509,-0.17139243646813185,0,0,0,1
2024-07-18,651.74,3176448,279879992.05,12587.94,6.479645709389419,9.440494491728705,-0.08282082036572547,0.015174404384055151,0,0,0,1
2024-07-19,643.92,10614136,226183540.42,12601.08,6.467574494785478,9.441537803552023,-1.207121460394056,0.10433118233184047,0,0,0,1
2024-07-22,654.07,11057042,171078203.1,12610.04,6.483214379368651,9.44224860103958,1.5639884583173114,0.0710797487556647,0,0,0,1
2024-07-23,653.1,22677620,102434704.13,12593.04,6.4817302569086115,9.440899559368626,-0.14841224600399272,-0.13490416709540654,0,0,0,1
2024-07-24,653.42,36630478,1108121054.39,12584.28,6.482220107820038,9.440203694967371,0.048985091142661474,-0.06958644012549087,0,0,0,1
2024-07-25,660.13,127964540,206674149.06,12625.04,6.492436785321457,9.443437422455373,1.0216677501419191,0.3233727488002103,0,0,0,1
2024-07-26,644.54,5738105,139595256.39,12634.0,6.468536884068581,9.444146871458646,-2.3899901252876,0.0709449003272411,0,0,0,1
2024-07-29,655.73,14921237,40302237607.92,12599.83,6.485749118853731,9.441438600785059,1.7212234785149327,-0.270827067358681,0,0,0,1
2024-07-30,658.38,11612322,454133667.83,12574.38,6.489782272230762,9.439416689577499,0.4033153377031695,-0.2021911207560123,0,0,0,1
2024-07-31,658.14,9596611,747435098.17,12541.04,6.489417674651298,9.436761745357277,-0.03645975794643874,-0.2654944220221722,0,0,0,1
2024-08-01,666.68,29604345,168008432.84,12544.11,6.502310170673975,9.437006511684393,1.2892496022677058,0.02447663271158973,0,0,0,1
2024-08-02,672.64,27528782,222981033.11,12574.88,6.511210268248532,9.439456452178868,0.8900097574557009,0.24499404944755554,0,0,0,1
2024-08-05,666.46,35234674,94525147.58,12581.86,6.50198012281404,9.440011373061234,-0.9230145434491632,0.05549208823651952,0,0,0,1
2024-08-06,666.16,4018095,144842378.66,12594.85,6.5015298819275635,9.4410432792279,-0.0450240886476827,0.10319061666663742,0,0,0,1
2024-08-07,667.48,86273700,151780599.8,12615.97,6.503509427278702,9.442718750707263,0.19795453511388672,0.16754714793627556,0,0,0,1
2024-08-08,668.71,3426427,39142354.81,12640.01,6.505350483337231,9.444622458839776,0.18410560585282454,0.190370813251306,0,0,0,1
2024-08-09,666.38,82362493,889736067.54,12651.98,6.501860078397462,9.445569003646547,-0.3490404939769043,0.09465448067711435,0,0,0,1
2024-08-12,662.59,27943503,193509955.12,12643.0,6.496156397690334,9.444858981311897,-0.5703680707127567,-0.07100223346494516,0,0,0,1
2024-08-13,652.64,10149516,645999488.28,12630.96,6.481025675569248,9.443906221957148,-1.5130722121085682,-0.09527593547495883,0,0,0,1
2024-08-14,645.35,3620385,617819458.6,12619.96,6.469792805281196,9.443034966518074,-1.1232870288051977,-0.08712554390744032,0,0,0,1
2024-08-15,649.97,82831251,595513855.27,12622.77,6.476926207978408,9.443257604878632,0.7133402697211189,0.022263836055813613,0,0,0,1
2024-08-16,645.84,1509442,276212699.81,12650.05,6.47055179508676,9.445416446717024,-0.6374412891647196,0.21588418383924335,0,0,0,1
2024-08-19,649.71,8065696,114773629.02,12658.0,6.476526109487289,9.44604470533525,0.5974314400528868,0.06282586182262406,0,0,0,1
2024-08-20,644.51,106792746,292173085.63,12640.93,6.468490338162673,9.444695240943638,-0.8035771324616192,-0.13494643916125426,0,0,0,1
2024-08-21,648.58,5092459,857679532.03,12625.21,6.474785357751783,9.44345088766859,0.6295019589109607,-0.12443532750481268,0,0,0,1
2024-08-22,647.5,15875995,154952280.42,12645.01,6.4731187935736925,9.445017949930167,-0.16665641780901908,0.15670622615768792,0,0,0,1
2024-08-23,657.31,4442580,229592178.26,12677.04,6.488155748907036,9.447547762254409,1.5036955333343371,0.2529812324242542,0,0,0,1
2024-08-26,653.43,28042189,61742033.51,12688.08,6.482235411795246,9.448418249024991,-0.5920337111789742,0.08704867705819908,0,0,0,1
2024-08-27,653.48,6035962,143216603.82,12669.65,6.482311928158308,9.446964648624235,0.007651636306160725,-0.1453600400756372,0,0,0,1
2024-08-28,654.4,1787731,55121624.79,12652.19,6.483718785288537,9.445585601701335,0.14068571302292554,-0.1379046922899363,0,0,0,1
2024-08-29,657.17,5347661,184670623.96,12673.94,6.487942736916698,9.447303195770946,0.42239516281608047,0.1717594069610584,0,0,0,1
2024-08-30,657.38,15261397,300207501.01,12625.01,6.488262237889329,9.443435046222454,0.0319500972631559,-0.3868149548491573,0,0,0,1
2024-09-04,649.16,10674291,121233729.43,12640.04,6.475679219447681,9.444624832252803,-1.2583018441648441,0.1189786030348472,0,0,0,1
2024-09-05,649.44,4549688,261321515.05,12650.26,6.4761104530905875,9.445433047304133,0.04312336429066477,0.0808215051330663,0,0,0,1
2024-09-06,648.05,6598654,131945429.94,12707.95,6.473967853869384,9.449983060852237,-0.21425992212034117,0.4550013548103138,0,0,0,1
2024-09-09,647.74,27978074,131655380.05,12700.1,6.473489381268246,9.44936514643143,-0.04784726011379803,-0.06179144208058318,0,0,0,1
2024-09-10,648.87,30649717,211973196.05,12681.79,6.47523238847332,9.447922385220496,0.1743007205074143,-0.14427612109351173,0,0,0,1
2024-09-11,653.91,22781137,188995100.16,12686.71,6.4829697273085305,9.448310267835682,0.7737338835210217,0.03878826151861858,0,0,0,1
2024-09-12,650.45,21678994,149073714.57,12715.07,6.477664431047568,9.450543183149756,-0.5305296260962322,0.2232915314074546,0,0,0,1
2024-09-13,648.96,15001782,132061959.62,12741.76,6.4753710815227095,9.452640067151377,-0.2293349524858712,0.2096884001620225,0,0,0,1
2024-09-16,649.1,1965390774,1837132953845.09,12749.75,6.475586788039423,9.453266942551199,0.0215706516713432,0.06268753998224241,0,0,0,1
2024-09-17,651.97,14924340,787458572.63,12729.48,6.479998548598117,9.451675842327504,0.4411760558694411,-0.1591100223695463,0,0,0,1
2024-09-18,648.58,54569243,256365375.99,12732.56,6.474785357751783,9.451917771097941,-0.5213190846334648,0.024192877043738292,0,0,0,1
2024-09-19,646.31,29721031,139704626.83,12739.95,6.47127926483985,9.452498004471671,-0.35060929119330453,0.058023337373036554,0,0,0,1
2024-09-20,649.1,12132786,12800380683.92,12724.84,6.475586788039423,9.451311267665805,0.4307523199573282,-0.11867368058666727,0,0,0,1
2024-09-23,647.29,5790995,283502431.66,12729.83,6.47279441664486,9.451703337181058,-0.2792371394562565,0.03920695152537235,0,0,0,1
2024-09-24,647.37,5533115,351459868.49,12747.29,6.4729180012154846,9.45307397897522,0.012358457062422445,0.13706417941623528,0,0,0,1
2024-09-25,653.07,256769,101118477.07,12754.83,6.481684321080954,9.453665302380466,0.8766319865469718,0.05913234052457028,0,0,0,1
2024-09-26,647.02,7627196,274335643.84,12757.65,6.47237720592422,9.45388637065854,-0.9307115156734547,0.022106827807277796,0,0,0,1
2024-09-27,652.29,29334651,598721757.07,12736.48,6.480489248315077,9.452225595816184,0.811204239085761,-0.16607748423549396,0,0,0,1
2024-09-30,652.46,20823568,527449394.23,12715.42,6.48074983463577,9.450570709162823,0.026058632069236864,-0.16548866533607764,0,0,0,1
2024-10-02,650.74,2009262,146418336.97,12739.99,6.478110176872239,9.45250114419649,-0.26396577635310337,0.1930435033665745,0,0,0,1
2024-10-03,641.46,5369714,95214481.73,12757.94,6.463746828253464,9.453909101859347,-1.4363348618775085,0.14079576628578394,0,0,0,1
2024-10-04,647.19,2898983,82172696.66,12741.02,6.472639914450622,9.452581988715648,0.889308619715834,-0.13271131436987105,0,0,0,1
2024-10-07,640.6,3491490,85443818.01,12775.02,6.462405237175058,9.45524698062841,-1.0234677275564152,0.2664991912761039,0,0,0,1
2024-10-08,642.49,101263243,478315830.62,12794.88,6.465351252445917,9.456800369886368,0.2946015270858915,0.15533892579586706,0,0,0,1
2024-10-09,640.79,9338747,71735929.24,12787.03,6.462701790139249,9.456186654941208,-0.2649462306667516,-0.06137149451603818,0,0,0,1
2024-10-10,637.45,7239637,62446833.02,12778.0,6.457475842584131,9.455480221162288,-0.5225947555118182,-0.07064337789195463,0,0,0,1
2024-10-11,639.6,5581044,12778623951.8,12768.3,6.460842980959799,9.45472081565416,0.3367138375668155,-0.07594055081288076,0,0,0,1
2024-10-14,636.51,6001206,67512433.26,12780.14,6.456000128793135,9.455647682488113,-0.48428521666643576,0.092686683395371,0,0,0,1
2024-10-15,639.38,5045427,24698304.97,12803.05,6.460498956812166,9.45743870277324,0.4498828019031009,0.17910202851272317,0,0,0,1
2024-10-16,634.33,1315625,83823393.66,12793.03,6.452569323753487,9.456655770346725,-0.7929633058679109,-0.07829324265156146,0,0,0,1
2024-10-17,645.13,3797768,2101638999.6,12777.06,6.469451846874819,9.455406654518312,1.6882523121331872,-0.12491158284131387,0,0,0,1
2024-10-18,647.51,14834091,72296482.04,12803.06,6.473134237469879,9.457439483836822,0.3682390595060703,0.2032829318510565,0,0,0,1
2024-10-21,641.04,4127497,2024433350.91,12815.13,6.463091857469815,9.458381783108793,-1.0042380000064632,0.0942299271970981,0,0,0,1
2024-10-22,638.73,1187822554,1232254747028.77,12805.09,6.459481829873111,9.457598027113416,-0.3610027596703702,-0.07837559953767226,0,0,0,1
2024-10-23,638.67,28131942,1710798005.81,12817.85,6.459387889055757,9.45859400970205,-0.009394081735436544,0.09959825886340923,0,0,0,1
2024-10-24,636.82,9968397,105849851.89,12827.9,6.456487041072158,9.459377765335201,-0.29008479835983536,0.07837556331509177,0,0,0,1
2024-10-25,635.18,24382073,25814511.47,12816.11,6.453908423291131,9.45845825229253,-0.25786177810269706,-0.09195130426711273,0,0,0,1
2024-10-28,634.55,4325743,82091221.42,12808.39,6.452916086256173,9.457855703931893,-0.09923370349582683,-0.06025483606375559,0,0,0,1
2024-10-29,634.61,11159511,292971510.33,12794.92,6.453010636982708,9.456803496131982,0.009455072653530294,-0.10522077999102208,0,0,0,1
2024-10-30,635.4,66248396,112183655.73,12784.97,6.454254721835416,9.45602554122273,0.12440848527077719,-0.07779549092532534,0,0,0,1
2024-10-31,634.61,19296850,66624435142.07,12774.34,6.453010636982708,9.455193750332217,-0.12440848527077719,-0.08317908905119964,0,0,0,1
2024-11-01,627.45,17839700,393037722.7,12780.09,6.441663986556317,9.45564377016025,-1.1346650426391491,0.04500198280332768,0,0,0,1
2024-11-04,624.97,5511840,266341195.65,12795.02,6.437703648584365,9.456811311703257,-0.3960337971951944,0.11675415430065783,0,0,0,1
2024-11-05,625.99,69219090,179964442.16,12790.12,6.439334396531612,9.45642827685882,0.16307479472468245,-0.03830348444378018,0,0,0,1
2024-11-06,628.99,5263503,19433536.35,12774.98,6.44411535832287,9.45524384951295,0.478096179125842,-0.118442734586921,0,0,0,1
2024-11-07,632.04,13057129,55820750.37,12786.98,6.448952683283299,9.456182744721417,0.4837324960428546,0.09388952084670166,0,0,0,1
2024-11-08,629.67,28583228,158464905.97,12809.05,6.445195872625634,9.457907231328866,-0.37568106576646443,0.17244866074488385,0,0,0,1
2024-11-11,631.15,2818395,68284220.6,12822.98,6.44754355219887,9.45899415276048,0.23476795732362277,0.10869214316144848,0,0,0,1
2024-11-12,633.38,32929398,41806924.73,12803.81,6.4510705579824,9.457498061866875,0.3527005783530157,-0.14960908936050288,0,0,0,1
2024-11-13,634.47,7095765,355159729.01,12793.38,6.452790004712768,9.456683128620123,0.1719446730367835,-0.0814933246752858,0,0,0,1
2024-11-14,634.35,13427571225,1600599707770.44,12808.03,6.452600852586607,9.457827596959879,-0.018915212616121835,0.11444683397563438,0,0,0,1
2024-11-15,632.88,124782238,102769335876.33,12800.13,6.450280830713141,9.457210606106134,-0.2320021873465805,-0.0616990853744781,0,0,0,1
2024-11-18,627.16,11072768,239996349.96,12812.3,6.44120169149225,9.458160926002833,-0.9079139220891541,0.09503198966989146,0,0,0,1
2024-11-19,629.88,322051586,12201478524313.51,12825.01,6.445529325052209,9.459152449765762,0.4327633559959132,0.09915237629289919,0,0,0,1
2024-11-20,634.41,137592399,60059927747.69,12844.0,6.452695433122003,9.460632055209405,0.7166108069794674,0.14796054436434503,0,0,0,1
2024-11-21,635.87,174947935,376282128.01,12855.93,6.454994139931357,9.461560462474086,0.22987068093538454,0.09284072646806862,0,0,0,1
2024-11-22,627.2,9658020,49483166.09,12844.21,6.441265469036198,9.460648405122459,-1.372867089515939,-0.0912057351627027,0,0,0,1
2024-11-25,622.12,149893861,479934999.6,12829.07,6.433133000176359,9.459468968622325,-0.813246885983876,-0.1179436500134301,0,0,0,1
2024-11-26,623.57,22013218,20327841145.4,12814.78,6.435461028265021,9.458354471268835,0.23280280886615046,-0.1114497353489341,0,0,0,1
2024-11-27,630.58,7163731,200315924271.81,12820.47,6.446640030781806,9.458798391269104,1.1179002516785275,0.0443920000268605,0,0,0,1
2024-11-28,631.06,7301643,494662375.44,12848.38,6.447400945183948,9.460973012336959,0.07609144021420988,0.21746210678550426,0,0,0,1
2024-11-29,642.19,1117243099,110475890426.78,12865.05,6.464884210061116,9.462269611222089,1.748326487716767,0.1296598885129896,0,0,0,1
2024-12-02,642.34,1200525026,119121100831.33,12852.0,6.46511775851959,9.461254720235749,0.023354845847389782,-0.10148909863403333,0,0,0,1
2024-12-03,633.36,23306875,214539731.53,12838.33,6.451038980863179,9.46019050647982,-1.4078777656410857,-0.10642137559280229,0,0,0,1
2024-12-04,642.17,5036452118,600142840960.15,12825.43,6.464853066145077,9.459185197742018,1.381408528189798,-0.10053087378025793,0,0,0,1
2024-12-05,644.2,101729169,90255103948.02,12813.04,6.468009236897099,9.458218681334095,0.3156170752022014,-0.09665164079226685,0,0,0,1
2024-12-06,635.12,5943997,6509906044.53,12837.1,6.453813957416858,9.460094695036668,-1.4195279480240686,0.1876013702572621,0,0,0,1
2024-12-10,633.28,19369123,122401522.47,12861.25,6.450912662414201,9.46197419369002,-0.2901295002657456,0.18794986533521296,0,0,0,1
2024-12-11,628.75,25264772,444769945.49,12874.02,6.443733721413949,9.462966606130074,-0.7178941000251626,0.09924124400537693,0,0,0,1
2024-12-12,631.22,10386206,195028927.5,12865.66,6.447654454707758,9.462317025382065,0.3920733293808709,-0.06495807480089155,0,0,0,1
2024-12-13,634.32,12507132,93824669.13,12860.09,6.452553558964143,9.461883996211911,0.48991042563857334,-0.04330291701535316,0,0,0,1
2024-12-14,634.05,64809196,4224484113.57,12880.0,6.4521278156809085,9.463430999658344,-0.042574328323485844,0.1547003446432882,0,0,0,1
2024-12-16,634.51,20422940,134064546.32,12892.97,6.452853047471541,9.464437480564106,0.07252317906321082,0.10064809057617197,0,0,0,1
2024-12-17,632.43,51483098,94162564.46,12874.86,6.449569542540326,9.46303185168641,-0.32835049312147646,-0.14056288776966852,0,0,0,1
2024-12-18,632.76,10892879,59695626.74,12869.9,6.450091203330379,9.462646530552215,0.052166079005289134,-0.03853211341944274,0,0,0,1
2024-12-19,636.32,51468864,137316884.4,12861.83,6.4557015814593806,9.462019289378413,0.5610378129001781,-0.06272411738024175,0,0,0,1
2024-12-20,641.6,47636529,167502601.76,12875.06,6.463965056552305,9.463047385715253,0.8263475092924466,0.10280963368405338,0,0,0,1
2024-12-23,642.53,44024405,67031296.91,12893.07,6.4654135082863124,9.464445236698822,0.14484517340074277,0.13978509835688158,0,0,0,1
2024-12-24,645.4,56212601,173618204.09,12902.0,6.4698702796178615,9.465137617092187,0.4456771331549092,0.06923803933656103,0,0,0,1
2024-12-25,647.5,1519065404,150081897450.84,12909.8,6.4731187935736925,9.465741991853918,0.3248513955830923,0.060437476173014204,0,0,0,1
2024-12-26,648.05,12480482,90542630.41,12928.27,6.473967853869384,9.46717166544378,0.08490602956916504,0.1429673589862901,0,0,0,1
2024-12-27,655.12,12243034,137343724.17,12920.48,6.484818424961933,9.466568928349272,1.0850571092548833,-0.0602737094508754,0,0,0,1
2025-01-03,640.26,37124976,54140401.92,12904.91,6.461874343856529,9.465363138087326,-2.2944081105404024,-0.12057902619453387,0,0,0,1
2025-01-04,641.75,45589041,750320777.3,12915.18,6.46419881975125,9.466158642715047,0.23244758947207345,0.07955046277210442,0,0,0,1
2025-01-06,639.18,33522782,102721786.49,12942.01,6.460186104851161,9.468233888295016,-0.40127149000888096,0.207524557996841,0,0,0,1
2025-01-07,646.41,34074891,182663867.03,12930.11,6.471433977384251,9.46731397907697,1.124787253309023,-0.09199092180462998,0,0,0,1
2025-01-08,652.57,41404390,108388764.4,12948.1,6.480918413136281,9.468704338216806,0.9484435752029619,0.1390359139836761,0,0,0,1
2025-01-09,643.04,12234786,41125385.71,12962.98,6.466206930700891,9.469852881746117,-1.4711482435389556,0.11485435293110413,0,0,0,1
2025-01-10,652.95,17442582,43137305.48,12940.44,6.481500556666417,9.468112570567989,1.5293625965525415,-0.17403111781284508,0,0,0,1
2025-01-13,648.15,20526507,91013491.66,12957.0,6.474122151046052,9.469391461628812,-0.7378405620364958,0.12788910608225734,0,0,0,1
2025-01-14,643.79,8922130,55323809.96,12972.08,6.46737258596992,9.470554634537393,-0.674956507613178,0.11631729085817,0,0,0,1
2025-01-15,644.75,6181806,53700514.36,12971.0,6.468862644761455,9.470471375340674,0.1490058791534743,-0.00832591967192542,0,0,0,1
2025-01-16,647.0,4027258,54876153.28,12962.01,6.472346294500901,9.469778050473245,0.34836497394463706,-0.06933248674290127,0,0,0,1
2025-01-17,637.17,5140420,137145390.8,12955.26,6.457036495948265,9.469257162266068,-1.5309798552635812,-0.05208882071769949,0,0,0,1
2025-01-20,635.91,10360828,104730498.55,12967.0,6.455057043892755,9.470162947548884,-0.1979452055509867,0.09057852828160406,0,0,0,1
2025-01-21,631.7,24788071,148363676.47,12975.09,6.448414597904655,9.470786644426218,-0.6642445988100043,0.06236968773336571,0,0,0,1
2025-01-22,630.29,29231101,205649988.85,12984.44,6.446180030932315,9.47150699648223,-0.22345669723398132,0.07203520560121746,0,0,0,1
2025-01-23,632.66,12261003,143637887.82,12990.0,6.4499331530384465,9.471935109664646,0.37531221061311015,0.04281131824157569,0,0,0,1
2025-01-24,630.84,6268740,113791946.75,12979.13,6.447052264619357,9.47109796181758,-0.2880888419089622,-0.08371478470650118,0,0,0,1
2025-01-27,629.62,115574746,346798480.89,12969.05,6.445116462799421,9.470321028675677,-0.19358018199362448,-0.07769331419034131,0,0,0,1
2025-01-28,631.87,86972890,2144719176.41,12963.27,6.4486836767859606,9.46987525289505,0.3567213986539919,-0.0445775780626434,0,0,0,1
2025-01-29,631.1,10635895,150003215.15,12974.98,6.447464328590194,9.470778166607083,-0.1219348195766301,0.09029137120322162,0,0,0,1
2025-01-30,637.08,7607726,1117955194.97,12968.34,6.4568952363835805,9.47026628145553,0.943090779338629,-0.051188515155331515,0,0,0,1
2025-01-31,640.87,10430839,209485483.95,12957.01,6.462826628239999,9.469392233412105,0.5931391856418777,-0.08740480434248354,0,0,0,1
2025-02-03,637.31,13150106,234516064.04,12975.05,6.4572561933943815,9.470783561591212,-0.5570434845617811,0.1391328179106921,0,0,0,1
2025-02-04,633.91,18853560,82894283.39,12985.01,6.4519069885245806,9.471550894215921,-0.534920486980095,0.07673326247097378,0,0,0,1
2025-02-05,633.43,6832767,60679053.12,12998.91,6.451149496418355,9.472620786774542,-0.07574921062252216,0.10698925586201113,0,0,0,1
2025-02-06,634.59,4819799,454878999.74,12985.32,6.452979121067169,9.471574767612987,0.18296246488134216,-0.10460191615546677,0,0,0,1
2025-02-07,630.7,56891779,1360357879.78,12969.84,6.446830313669605,9.470381941074029,-0.6148807397563516,-0.1192826538957803,0,0,0,1
2025-02-10,635.05,5900342,112307765.98,12957.0,6.453703735950328,9.469391461628812,0.6873422280722963,-0.09904794452175736,0,0,0,1
2025-02-11,634.93,8616807,65458119.62,12971.93,6.4535147565957605,9.470543071174598,-0.018897935456774206,0.1151609545786414,0,0,0,1
2025-02-12,635.9,11157717,105348131.68,12979.99,6.455041318273362,9.471164219841759,0.15265616776014568,0.06211486671610089,0,0,0,1
2025-02-13,643.08,25113182,149318778.15,12989.07,6.466269133294759,9.471863513568218,1.1227815021396914,0.06992937264591603,0,0,0,1
2025-02-14,653.74,20083953,208972971.84,13003.95,6.48270971889503,9.473008436445626,1.644058560027073,0.11449228774083053,0,0,0,1
2025-02-17,658.99,9884800,71250580.26,12993.15,6.490708359880545,9.472177574494001,0.799864098551506,-0.08308619516252946,0,0,0,1
2025-02-18,652.05,125380927,107479826.08,12981.25,6.480121246102911,9.471261287624422,-1.058711377763366,-0.09162868695788973,0,0,0,1
2025-02-19,646.44,4110581940,489074955962.17,12970.19,6.471480386480443,9.470408926393631,-0.8640859622468078,-0.08523612307911321,0,0,0,1
2025-02-20,650.25,3684550,132728148.87,12950.03,6.477356904328761,9.468853383727318,0.5876517848317775,-0.15555426663134142,0,0,0,1
2025-02-21,648.97,10855719,81563126.37,12929.92,6.475386490674205,9.467299284585122,-0.19704136545559692,-0.15540991421953976,0,0,0,1
2025-02-24,648.4,6513549,160057494.92,12916.18,6.474507789861521,9.466236067984216,-0.08787008126835971,-0.10632166009063582,0,0,0,1
2025-02-25,649.17,12763946,79606618.03,12899.91,6.4756946238518,9.46497561358124,0.11868339902791902,-0.12604544029759523,0,0,0,1
2025-02-26,647.51,53859123,352790320.54,12884.62,6.473134237469879,9.463789630994613,-0.25603863819210204,-0.11859825866267215,0,0,0,1
2025-02-27,647.71,711225856,700143321989.17,12879.95,6.4734430653162525,9.463427117663231,0.030882784637320526,-0.03625133313818196,0,0,0,1
2025-02-28,650.06,21325096,86212372.08,12877.37,6.477064666321898,9.463226786261625,0.36216010056451253,-0.020033140160613527,0,0,0,1
2025-03-03,649.06,1517290944,131322178.78,12890.07,6.475525162353818,9.464212526484818,-0.15395039680798916,0.09857402231929768,0,0,0,1
2025-03-04,645.6,21232179,666046371.08,12897.2,6.470180116955739,9.464765512526512,-0.5345045398078341,0.055298604169351506,0,0,0,1
2025-03-05,647.98,39707556,83954253.63,12903.33,6.473859831678435,9.465240696572371,0.36797147226952376,0.04751840458592227,0,0,0,1
2025-03-06,653.91,13009910,81485743.04,12900.37,6.4829697273085305,9.465011272108981,0.9109895630095899,-0.02294244633898046,0,0,0,1
2025-03-07,649.08,20194128,61637349.33,12918.36,6.475555975671336,9.466404834295146,-0.7413751637194821,0.13935621861644876,0,0,0,1
2025-03-11,648.43,23162723,124255838.2,12940.11,6.474554056527167,9.468087068791558,-0.10019191441683617,0.16822344964122493,0,0,0,1
2025-03-12,643.42,35394817,159494886.03,12931.94,6.466797699183474,9.467455499180987,-0.7756357343692954,-0.0631569610570537,0,0,0,1
2025-03-13,644.87,106224383,696193480.27,12920.0,6.469048746094167,9.466531777336593,0.22510469106924447,-0.09237218443942652,0,0,0,1
2025-03-14,649.62,23580264,53352457.69,12938.11,6.476387576550862,9.467932498654664,0.7338830456695256,0.14007213180704525,0,0,0,1
2025-03-17,646.84,59196968,221139432.52,12953.2,6.472098968709743,9.469098140849562,-0.4288607841118619,0.1165642194898453,0,0,0,1
2025-03-18,644.89,26453231,1016898186.87,12943.39,6.469079759616065,9.468340512106222,-0.30192090936784766,-0.07576287433401774,0,0,0,1
2025-03-19,647.11,69167379,979178183.45,12935.68,6.472516295505861,9.46774466378338,0.34365358897963105,-0.05958483228418743,0,0,0,1
2025-03-20,633.9,35097359,132858936.55,12926.51,6.4518912132901205,9.467035520405785,-2.0625082215740775,-0.07091433775947564,0,0,0,1
2025-03-24,649.14,22149418,70800409.3,12940.58,6.475648409927537,9.468123389306973,2.375719663741638,0.10878689011875053,0,0,0,1
2025-03-25,652.77,43871320,109188722.6,12947.07,6.48122484671154,9.468624786701945,0.5576436784003214,0.050139739497190305,0,0,0,1
2025-03-26,651.25,21056845,308918751.33,12929.37,6.478893593067577,9.467256746680944,-0.23312536439634712,-0.13680400210009935,0,0,0,1
2025-03-27,654.93,11877769,132322066.44,12909.19,6.484528359695214,9.465694739811905,0.5634766627637511,-0.15620068690385125,0,0,0,1
2025-03-28,652.93,18401241,594386990.64,12913.19,6.481469925980592,9.46600454859266,-0.30584337146217777,0.03098087807540395,0,0,0,1
2025-04-01,655.39,15598481,355813592.14,12937.16,6.485230478290515,9.467859069469158,0.3760552309922893,0.18545208764990662,0,0,0,1
2025-04-02,659.4,31991591,342207273.95,12925.2,6.491330330637631,9.466934173144725,0.6099852347115409,-0.09248963244328223,0,0,0,1
2025-04-03,656.24,92983210,190222902.73,12915.0,6.486526575694494,9.46614470552994,-0.480375494313634,-0.07894676147852664,0,0,0,1
2025-04-04,653.62,25418466,174317735.41,12920.44,6.482526142832832,9.466565832484264,-0.40004328616625173,0.042112695432372504,0,0,0,1
2025-04-07,648.35,25920804,287947189.4,12947.2,6.474430673994894,9.468634827533371,-0.8095468837938213,0.20689950491075138,0,0,0,1
2025-04-08,644.1,101771729,163631059.99,12966.38,6.467853993552845,9.470115132724892,-0.6576680442048399,0.14803051915208698,0,0,0,1
2025-04-09,645.1,9715442,206916314.17,12960.38,6.469405343538196,9.469652290464069,0.15513499853510027,-0.04628422608234928,0,0,0,1
2025-04-10,646.6,42247134,200310242.57,12973.31,6.471727865291332,9.470649449069063,0.23225217531361864,0.09971586049939418,0,0,0,1
2025-04-11,647.5,38074901,2187400148.94,12968.38,6.4731187935736925,9.470269365885635,0.13909282823600932,-0.038008318342797054,0,0,0,1
2025-04-14,644.81,12842678,300000020.09,12980.33,6.468955699757023,9.471190413663717,-0.4163093816669239,0.09210477780818849,0,0,0,1
2025-04-15,642.9,72837217,225570701.91,12969.56,6.465989191147641,9.470360352294025,-0.2966508609381968,-0.08300613696921033,0,0,0,1
2025-04-16,648.84,18103119,810953249.0,12980.89,6.475186153181914,9.471233554933663,0.9196962034272893,0.08732026396387482,0,0,0,1
2025-04-17,642.07,16189560,832664702.37,12994.59,6.464697332014071,9.472288395981478,-1.0488821167843554,0.10548410478143921,0,0,0,1
2025-04-18,637.54,8533528,158824804.25,12964.43,6.457617020162229,9.469964732486435,-0.7080311851841437,-0.23236634950425383,0,0,0,1
2025-04-21,641.83,10434803,174722549.25,12938.2,6.4643234711171225,9.467939454824226,0.6706450954893306,-0.20252776622093904,0,0,0,1
2025-04-22,641.16,76281258,88748769.21,12909.64,6.46327903575768,9.465729598091698,-0.10444353594420974,-0.2209856732527271,0,0,0,1
2025-04-23,648.78,13818946,401779470.24,12878.96,6.475093676185501,9.46335025105665,1.1814640427820322,-0.2379347035049051,0,0,0,1
2025-04-24,656.33,10086936,219117749.32,12890.43,6.486663711237957,9.464240454570001,1.1570035052455907,0.08902035133520059,0,0,0,1
2025-04-25,645.2,6373915,117412012.24,12927.17,6.469560346251054,9.467086576967183,-1.710336498690257,0.28461223971820715,0,0,0,1
2025-04-28,650.65,4540828,152682737.22,12957.14,6.477971863222766,9.469402266540724,0.8411516971712274,0.231568957354078,0,0,0,1
2025-04-29,656.61,14053490,277263960.91,12948.1,6.4870902349241035,9.468704338216806,0.9118371701337225,-0.06979283239179068,0,0,0,1
2025-04-30,652.37,5437071,315853778.58,12933.16,6.4806118856307,9.46754983479159,-0.6478349293403518,-0.1154503425215836,0,0,0,1
2025-05-01,654.42,6890727,396087697.29,12920.16,6.483749347168707,9.466544161160842,0.31374615380066473,-0.10056736307486602,0,0,0,1
2025-05-02,658.11,4904113,281054880.14,12900.0,6.4893720906057055,9.464982590349763,0.5622743436998867,-0.1561570811078994,0,0,0,1
2025-05-05,653.63,256337797,625513962718.41,12915.07,6.48254144212524,9.466150125569452,-0.6830648480465662,0.11675352196895972,0,0,0,1
2025-05-06,655.58,36355416,283658091.36,12938.01,6.485520339998,9.467924769520621,0.2978897872759845,0.1774643951168997,0,0,0,1
2025-05-07,653.97,11155275,148083192.72,12924.92,6.483061478845434,9.466912509802349,-0.24588611525659942,-0.1012259718272901,0,0,0,1
2025-05-08,653.62,2418472,1429769730.8,12910.15,6.482526142832832,9.465769102673267,-0.05353360126019169,-0.11434071290814529,0,0,0,1
2025-05-12,654.62,11233416,239086694.59,12880.35,6.484054914609818,9.463458173202184,0.1528771776985849,-0.2310929471082801,0,0,0,1
2025-05-13,656.2,9521047,111183919.36,12895.55,6.486465620527001,9.464637569596638,0.24107059171836198,0.11793963944537467,0,0,0,1
2025-05-14,657.56,4322872,191446885.07,12935.27,6.488536014641309,9.467712968001042,0.2070394114308094,0.30753984044036287,0,0,0,1
2025-05-15,657.16,3301647,137431261.78,12980.16,6.487927520038136,9.471177316838503,-0.060849460317324855,0.3464348837461273,0,0,0,1
2025-05-16,655.1,15845248,2977259026.26,12965.34,6.48478789573783,9.470034922079353,-0.3139624300305677,-0.11423947591495676,0,0,0,1
2025-05-19,663.91,4943260,299484914.99,12917.1,6.498146598121089,9.466307293937746,1.3358702383258425,-0.3727628141607653,0,0,0,1
2025-05-20,663.69,21748019,246083816.82,12858.15,6.497815172990005,9.461733130522527,-0.033142513108419536,-0.45741634152189903,0,0,0,1
2025-05-21,658.56,10031411,126483301.96,12892.91,6.49005563320563,9.464432826854402,-0.7759539784374603,0.2699696331875501,0,0,0,1
2025-05-22,662.91,5957667,228899276.18,12937.93,6.496639234365123,9.467918586170374,0.6583601159492858,0.3485759315971393,0,0,0,1
2025-05-23,667.45,11250113,248846173.99,12904.51,6.503464481101742,9.465332141652688,0.6825246736618773,-0.25864445176857487,0,0,0,1
2025-05-26,662.29,12886457,329156107.92,12915.9,6.495703526479164,9.466214389513105,-0.7760954622577643,0.08822478604173511,0,0,0,1
2025-05-27,663.57,11918392,372296723.83,12939.93,6.497634349337779,9.468073158457571,0.1930822858614789,0.1858768944465794,0,0,0,1
2025-05-28,659.66,11294544,299781737.66,12886.9,6.49172455076919,9.46396657050039,-0.5909798568588975,-0.4106587957181773,0,0,0,1
2025-05-29,661.71,18291020,78830695.16,12831.13,6.494827393492606,9.459629528555952,0.31028427234165434,-0.4337041944436848,0,0,0,1
2025-05-30,659.91,46042401,120125748.79,12768.26,6.492103462085741,9.454717682890779,-0.2723931406864999,-0.4911845665173331,0,0,0,1
2025-06-02,659.35,26023536,116202116.01,12790.43,6.491254501253708,9.456452514023386,-0.08489608320330078,0.17348311326070842,0,0,0,1
2025-06-03,664.05,3937672,188828185.15,12834.61,6.49835744784626,9.459900707179388,0.7102946592551618,0.34481931560019774,0,0,0,1
2025-06-04,662.51,1078957896,1250099581258.76,12857.35,6.496035652086081,9.461670911238418,-0.23217957601788797,0.1770204059029723,0,0,0,1
2025-06-05,650.83,10957999,210503413.92,12831.81,6.478248471393691,9.459682523263508,-1.7787180692390159,-0.19883879749098554,0,0,0,1
2025-06-09,653.14,1911492462,2027920382185.77,12777.52,6.481791501396627,9.455442655892629,0.35430300029357653,-0.42398673708792245,0,0,0,1
2025-06-10,652.52,15052080,140480897.83,12712.05,6.4808417900681015,9.450305641500195,-0.09497113285252823,-0.5137014392433414,0,0,0,1
2025-06-11,647.91,8681659,218253620.39,12674.37,6.473751797817431,9.44733712308208,-0.708999225067064,-0.29685184181147406,0,0,0,1
2025-06-12,647.69,8575006,155883815.53,12646.56,6.47341218682312,9.445140520415269,-0.03396109943105685,-0.21966026668120975,0,0,0,1
2025-06-13,658.33,5211992,60974885.95,12705.79,6.489706325363155,9.449813074065151,1.6294138540034808,0.4672553649882616,0,0,0,1
2025-06-16,662.15,24947882,378184510.6,12760.21,6.495492116372973,9.454087014443605,0.578579100981802,0.42739403784537444,0,0,0,1
2025-06-17,659.97,12146380,172458234.8,12715.13,6.492194379441927,9.450547901948665,-0.3297736931045847,-0.35391124949395447,0,0,0,1
2025-06-18,653.41,1864513,405785094.66,12668.14,6.482204803610616,9.44684545906573,-0.9989575831311548,-0.37024428829361966,0,0,0,1
2025-06-19,648.05,11730816,287321766.78,12618.63,6.473967853869384,9.442929572357684,-0.823694974123157,-0.391588670804488,0,0,0,1
2025-06-20,645.43,4782660,80171021.03,12559.26,6.469916761338933,9.43821352108905,-0.4051092530451328,-0.47160512686339473,0,0,0,1
2025-06-23,643.28,38999936,123942958.83,12496.94,6.466580088239893,9.433239093321982,-0.3336673099039622,-0.497442776706869,0,0,0,1
2025-06-24,644.34,17383315,71024099.99,12410.99,6.46822653709818,9.42633764939235,0.16464488582865755,-0.6901443929631768,0,0,0,1
2025-06-25,645.02,23374109,198631772.61,12456.25,6.46928132406698,9.429977783961105,0.10547869688002365,0.36401345687551157,0,0,0,1
2025-06-26,645.08,301004416,68473821.0,12531.78,6.469374340112315,9.436023096858941,0.009301604533540342,0.6045312897835942,0,0,0,1
2025-06-27,646.98,50585771,103430830.27,12586.41,6.472315382122036,9.440372939434257,0.29410420097208956,0.43498425753156766,0,0,0,1
2025-06-30,639.75,30099896,493992090.96,12654.13,6.4610774750398985,9.445738923085385,-1.1237907082137788,0.5365983651127948,0,0,0,1
2025-07-01,645.54,39463906,130093881.86,12694.97,6.470087175833873,9.448961131000894,0.9009700793974673,0.3222207915509756,0,0,0,1
2025-07-02,652.16,12860294,1743187836.18,12676.11,6.480289930594306,9.447474398589506,1.020275476043242,-0.1486732411388303,0,0,0,1
2025-07-03,652.15,3357832,79516690.71,12591.71,6.480274596816292,9.440793939896425,-0.0015333778013548738,-0.6680458693081093,0,0,0,1
2025-07-04,651.86,12975347,180716237.68,12557.56,6.479829814943789,9.438078153633889,-0.04447818725026309,-0.2715786262536213,0,0,0,1
2025-07-07,660.32,1231024927,1220229915543.2,12606.73,6.492724566004272,9.441986077328652,1.2894751060482434,0.3907923694763227,0,0,0,1
2025-07-08,667.95,12525795,170249643.65,12676.73,6.504213320435821,9.44752330829746,1.1488754431549175,0.5537230968808871,0,0,0,1
2025-07-09,669.5,30490875,257590651.36,12712.09,6.506531165131227,9.45030878811597,0.23178446954057463,0.27854798185096286,0,0,0,1
2025-07-10,669.31,4733024,268499094.61,12653.32,6.5062473309780975,9.44567491031442,-0.028383415312926985,-0.46338778015506676,0,0,0,1
2025-07-11,666.41,5823529,172744622.57,12634.34,6.501905096742445,9.444173782605166,-0.4342234235652498,-0.15011277092540354,0,0,0,1
2025-07-14,665.31,84265803,79561698.64,12615.07,6.500253097448047,9.442647410009426,-0.16519992943981876,-0.15263725957392893,0,0,0,1
2025-07-15,675.37,4461258,192758220.84,12699.14,6.51526068884236,9.449289553618382,1.5007591394312847,0.6642143608955209,0,0,0,1
2025-07-16,674.1,3637619,336595401.03,12778.12,6.513378467859393,9.455489612259216,-0.18822209829663095,0.6200058640834172,0,0,0,1
2025-07-17,674.51,30321026,136975638.99,12758.36,6.513986501334796,9.453942021992756,0.0608033475402614,-0.15475902664601193,0,0,0,1
2025-07-18,670.69,17773650,45748776.24,12658.19,6.508307033198804,9.446059715492783,-0.5679468135991961,-0.7882306499972458,0,0,0,1
2025-07-21,662.47,18701322,233347639.58,12578.21,6.495975273816202,9.43972123078217,-1.2331759382601781,-0.6338484710612491,0,0,0,1
2025-07-22,667.67,6570292,222778273.78,12603.52,6.503794039496479,9.441731419003776,0.781876568027684,0.2010188221605702,0,0,0,1
2025-07-23,660.91,23572936,170111347.28,12704.02,6.493617673244067,9.449673757792983,-1.0176366252411917,0.794233878920636,0,0,0,1
2025-07-24,655.97,14020210,117414959.92,12762.53,6.4861150561910454,9.45426881310679,-0.7502617053021687,0.4595055313806995,0,0,0,1
2025-07-25,664.15,5283311,143381194.45,12653.48,6.498508027578512,9.445687555137155,1.2392971387466645,-0.8581257969634493,0,0,0,1
2025-07-28,654.16,27381033,1008320193.42,12581.73,6.483351969853722,9.440001040672255,-1.515605772479045,-0.5686514464899872,0,0,0,1
2025-07-29,649.46,107012434428,46376060812.64,12514.34,6.476141248378911,9.434630465759303,-0.7210721474810278,-0.5370574912952009,0,0,0,1
2025-07-30,649.19,43095048,460593536.28,12500.01,6.475725431948171,9.433484723290073,-0.041581643074017904,-0.11457424692302709,0,0,0,1
2025-07-31,656.99,25060104,320897320.24,12591.57,6.487668797668622,9.440782821408286,1.194336572045085,0.7298098118212692,0,0,0,1
2025-08-01,659.57,5003748,164788329.97,12692.42,6.491588107540731,9.448760243866882,0.3919309872109089,0.797742245859645,0,0,0,1
2025-08-04,667.6,16314343,203977649.76,12725.16,6.5036891917876805,9.451336415013547,1.2101084246949334,0.2576171146664308,0,0,0,1
2025-08-05,662.27,2672287922,165442777.83,12621.29,6.495673327771666,9.443140349571705,-0.8015864016014618,-0.8196065441842038,0,0,0,1
2025-08-06,654.01,5422700293,13720269517.1,12524.89,6.483122641860177,9.43547314347937,-1.2550685911488557,-0.7667206092333956,0,0,0,1
2025-08-07,652.98,75604402,73894741.85,12502.99,6.481546500936025,9.433723094686634,-0.15761409241523694,-0.1750048792736436,0,0,0,1
2025-08-08,652.65,89162725,43321346.55,12593.77,6.481040997834799,9.440957526217163,-0.05055031012259903,0.7234431530529051,0,0,0,1
2025-08-11,650.0,44031422,465143942.45,12672.81,6.476972362889683,9.447214032465928,-0.4068634945116223,0.6256506248764282,0,0,0,1
2025-08-12,663.77,62871933,573853194.38,12589.35,6.4979357039289365,9.440606497429197,2.096334103925379,-0.6607535036730283,0,0,0,1
2025-08-13,650.15,98483315,122924793.51,12509.83,6.4772031054973285,9.434270014239926,-2.073259843160802,-0.6336483189270936,0,0,0,1
2025-08-14,652.44,22359738,259594246.01,12497.75,6.4807191809458295,9.433303907088447,0.3516075448501077,-0.09661071514788233,0,0,0,1
2025-08-15,647.8,53973170,1010947933.58,12581.97,6.473582006737229,9.440020115768524,-0.7137174208600605,0.6716208680076718,0,0,0,1
2025-08-18,650.66,84465805,69030633.81,12547.38,6.477987232350799,9.437267157825257,0.44052256135698187,-0.27529579432670204,0,0,0,1
2025-08-19,654.85,297060866,223067932.05,12497.19,6.484406201775412,9.433259098019086,0.6418969424613508,-0.400805980617136,0,0,0,1
2025-08-20,662.42,139489059,247209520.19,12524.92,6.495899795851958,9.435475538707118,1.1493594076545932,0.2216440688032506,0,0,0,1
2025-08-21,671.69,70623169,207485102.13,12466.44,6.509796924563367,9.430795512751041,1.389712871140869,-0.4680025956076861,0,0,0,1
2025-08-22,662.83,158233011,47615952.7,12413.79,6.496518547050722,9.426563230445787,-1.3278377512644823,-0.4232282305254742,0,0,0,1
2025-08-25,667.42,123363459,127044325.62,12357.09,6.503419532904531,9.421985266398861,0.6900985853809161,-0.45779640469252314,0,0,0,1
2025-08-26,675.38,94979015,249943117.29,12305.8,6.5152754954312915,9.417825974933685,1.1855962526760244,-0.41592914651769064,0,0,0,1
2025-08-27,685.53,108384486,607283692.29,12354.65,6.5301922617209165,9.42178778940955,1.4916766289625016,0.39618144758648555,0,0,0,1
2025-08-28,674.6,27846129,173051197.4,12412.98,6.5141199226275495,9.4264979783006,-1.6072339093367027,0.4710188891051459,0,0,0,1
2025-08-29,682.95,34843715,553165316.12,12482.38,6.526421650448901,9.432073328869713,1.2301727821351527,0.5575350569111848,0,0,0,1
2025-09-02,685.13,139752703,195304041.58,12460.7,6.5296086012779835,9.4303349705387,0.3186950829082491,-0.1738358331012435,0,0,0,1
2025-09-03,678.27,46497697,126435249.65,12422.9,6.519545438756334,9.427296822595833,-1.0063162521649183,-0.3038147942866942,0,0,0,1
2025-09-04,697.18,32983331,359509018.79,12374.55,6.547043627061145,9.423397223139354,2.7498188304810434,-0.3899599456479663,0,0,0,1
2025-09-05,701.85,55179657,91486883.93,12437.15,6.553719705980335,9.428443240367374,0.6676078919189976,0.5046017228020006,0,0,0,1
2025-09-08,708.69,68766618,188641943.2,12520.78,6.563418195373777,9.435144943032993,0.9698489393442422,0.6701702665619536,0,0,0,1
2025-09-09,701.98,232916194,99131350.3,12439.41,6.553904913591473,9.42862493751571,-0.9513281782304261,-0.6520005517282712,0,0,0,1
2025-09-10,701.22,15013944,62211159.8,12355.14,6.552821675173121,9.421827449803269,-0.10832384183521171,-0.6797487712441708,0,0,0,1
2025-09-11,704.97,13745851,81738590.51,12360.86,6.558155248715367,9.422290307879182,0.5333573542245951,0.04628580759131751,0,0,0,1
2025-09-12,702.07,21495633,47781902.16,12447.35,6.554033114154306,9.429263027831157,-0.41221345610606974,0.6972719951974682,0,0,0,1
2025-09-15,701.81,42811652,110431141.13,12426.83,6.553662712121408,9.427613123821864,-0.0370402032897843,-0.16499040092927686,0,0,0,1
2025-09-16,708.97,23796490,275956104.63,12344.61,6.563813212519836,9.420974809542704,1.0150500398427909,-0.6638314279159729,0,0,0,1
2025-09-17,705.22,22964084,109649323.74,12285.16,6.55850981087028,9.416147308883492,-0.5303401649555894,-0.4827500659212447,0,0,0,1
2025-09-18,703.94,8593296,218917974.67,12254.27,6.556693125253265,9.413629726664539,-0.18166856170154233,-0.25175822189531516,0,0,0,1
2025-09-19,710.01,16230316,96346729.98,12314.71,6.565279054443217,9.4185497617593,0.8585929189952601,0.49200350947611327,0,0,0,1
2025-09-22,710.96,29142973,419336577.67,12349.87,6.56661616943022,9.421400815684931,0.13371149870025079,0.28510539256316747,0,0,0,1
2025-09-23,717.2,65305743,539077106.71,12257.13,6.575354741730978,9.41386308746914,0.873857230075803,-0.7537728215790906,0,0,0,1
2025-09-24,713.98,21370782,255655134.27,12171.03,6.570854950742781,9.406813816747043,-0.449979098819675,-0.7049270722097489,0,0,0,1
2025-09-25,700.44,46467023,590213426.27,12219.08,6.5517087090037,9.41075394347571,-1.9146241739081304,0.39401267286667263,0,0,0,1
2025-09-26,699.63,85837698,61690685640.94,12199.71,6.55055162387171,9.409167459947023,-0.11570851319895326,-0.1586483528686955,0,0,0,1
2025-09-29,698.48,96362564,177135278.07,12138.67,6.548906545502552,9.404151503422424,-0.16450783691581705,-0.5015956524598408,0,0,0,1
2025-09-30,701.05,28874499,603171877.76,12067.76,6.55257921116714,9.398292712775927,0.3672665664588237,-0.5858790646497525,0,0,0,1
2025-10-02,697.42,42814896,370636488.72,12084.1,6.547387811777005,9.399645817877817,-0.5191399390135132,0.13531051018897955,0,0,0,1
2025-10-03,703.03,38110424,244772280.23,12099.72,6.555399565153345,9.400937590821218,0.8011753376339747,0.1291772943401881,0,0,0,1
2025-10-06,707.4,26642825,423740280.25,12060.48,6.56159627677138,9.397689270484163,0.6196711618034811,-0.3248320337055688,0,0,0,1
2025-10-07,714.68,16695423,98165340.2,12022.9,6.571834890064967,9.394568443548653,1.0238613293586774,-0.3120826935509413,0,0,0,1
2025-10-08,709.45,23780398,394959013.57,12038.68,6.564490021953322,9.39588007830101,-0.7344868111644587,0.13116347523567384,0,0,0,1
2025-10-09,707.01,132169466,103703169.63,12072.03,6.561044810068114,9.39864648553406,-0.3445211885208188,0.27664072330502165,0,0,0,1
2025-10-10,701.78,13772285,179236097.68,12123.38,6.5536199645954145,9.402891098631883,-0.7424845472699282,0.4244613097823091,0,0,0,1
2025-10-13,690.18,36816285,239241699.71,12140.91,6.536952433135974,9.404336020618056,-1.6667531459440887,0.14449219861720763,0,0,0,1
2025-10-14,682.91,27685793,167173593.11,12149.55,6.52636307929225,9.40504741104577,-1.0589353843723615,0.07113904277140648,0,0,0,1
2025-10-15,677.12,11912088,1354649501.99,12185.11,6.517848509789825,9.407969993511378,-0.8514569502424685,0.2922582465608059,0,0,0,1
2025-10-16,688.89,636291607,736865963722.97,12233.67,6.535081606598888,9.41194726543184,1.7233096809063042,0.39772719204620444,0,0,0,1
2025-10-17,688.35,17974764,795489461.25,12160.99,6.534297429508952,9.405988566679865,-0.07841770899359446,-0.5958698751975078,0,0,0,1
2025-10-20,696.63,23175747,152718852.74,12108.24,6.546254423326709,9.401641491550714,1.1956993817756612,-0.4347075129150113,0,0,0,1
2025-10-21,708.12,236464122,7591565874.91,12060.15,6.562613570857078,9.397661908014772,1.6359147530368823,-0.39795835359424103,0,0,0,1
2025-10-22,708.06,30189332,497940795.07,12011.02,6.562528835865712,9.393579840693391,-0.008473499136574247,-0.40820673213808334,0,0,0,1
2025-10-23,708.02,59886581,324609796.21,12101.29,6.562472341882306,9.40106733747247,-0.005649398340601408,0.748749677907945,0,0,0,1
2025-10-24,705.46,44527663,150075172.74,12129.33,6.558850072307766,9.403381765457931,-0.3622269574540482,0.23144279854605543,0,0,0,1
2025-10-27,701.52,41107056,1314795141.77,12117.35,6.5532494094711,9.402393588851908,-0.5600662836665826,-0.0988176606023572,0,0,0,1
2025-10-28,703.38,15534308,92871633.15,12053.46,6.555897286311792,9.397107034632343,0.26478768406921205,-0.5286554219564366,0,0,0,1
2025-10-29,703.76,10887865,491481969.67,12004.47,6.556437388944419,9.393034359409237,0.054010263262682656,-0.40726752231066143,0,0,0,1
2025-10-30,701.14,51874759,305553677.37,11990.53,6.552707581787561,9.391872450547533,-0.37298071568576674,-0.11619088617038642,0,0,0,1
2025-10-31,707.76,42341263,137584315.61,12025.22,6.562105053175131,9.394761390024902,0.9397471387569745,0.28889394773692345,0,0,0,1
2025-11-03,675.86,87824817,468816306.32,12005.09,6.515985954002959,9.393086005503553,-4.611909917217183,-0.1675384521348633,0,0,0,1
2025-11-04,676.42,22523877,99820028.85,11972.34,6.516814184890071,9.390354268168393,0.08282308871123689,-0.27317373351607444,0,0,0,1
2025-11-05,681.38,29264393,186323817.73,11950.63,6.524120153460622,9.388539275635296,0.7305968570550547,-0.18149925330970262,0,0,0,1
2025-11-06,681.09,17666826,73998105.02,11970.67,6.523694456007644,9.390214770252074,-0.04256974529779356,0.16754946167782947,0,0,0,1
2025-11-07,677.46,21039692,81049550.45,12022.92,6.518350510420486,9.394570107039439,-0.5343945587157783,0.435533678736455,0,0,0,1
2025-11-10,683.09,18026580,234610062.42,12060.27,6.526626622485576,9.39767185809027,0.8276112065090047,0.3101751050831325,0,0,0,1
2025-11-11,678.22,65167595,474444246.9,12014.94,6.519471719082732,9.393906154400298,-0.7154903402843971,-0.37657036899716445,0,0,0,1
2025-11-12,684.03,20959410,1131601380.05,11990.0,6.528001776309867,9.39182824802156,0.8530057227134513,-0.20779063787390584,0,0,0,1
2025-11-13,680.55,74796921,140251705.75,11972.35,6.522901294778083,9.390355103426648,-0.5100481531783885,-0.14731445949109911,0,0,0,1
2025-11-14,681.99,74386930,87540677.4,11985.1,6.525014994979364,9.391419490596713,0.2113700201281432,0.1064387170064407,0,0,0,1
2025-11-17,678.31,85467245,674962366.07,12039.61,6.519604410582562,9.395957326311601,-0.541058439680242,0.45378357148884163,0,0,0,1
2025-11-18,680.67,63577070,330331831.21,12009.92,6.523077607204158,9.393488253936107,0.3473196621595953,-0.24690723754936528,0,0,0,1
2025-11-19,695.35,37175333,287904333.53,11940.7,6.54441531592462,9.38770801169379,2.133770872046181,-0.5780242242316547,0,0,0,1
2025-11-20,694.44,38518798,895383677.81,11910.93,6.543105765373748,9.385211744943138,-0.13095505508715632,-0.24962667506525094,0,0,0,1
2025-11-21,697.39,25901818,207740751.55,11914.67,6.547344795165417,9.385525692968011,0.42390297916687913,0.03139480248730564,0,0,0,1
2025-11-24,695.02,51135869,486870543.5,11971.4,6.54394062212916,9.390275750777167,-0.3404173036257063,0.47500578091561607,0,0,0,1
2025-11-25,712.65,19802119,205009549.79,11988.32,6.56899041630104,9.39168812144032,2.5049794171880357,0.14123706631519184,0,0,0,1
2025-11-26,723.65,25443263,4540308512.43,11936.89,6.584307850083613,9.387388884006922,1.5317433782572998,-0.4299237433396996,0,0,0,1
2025-11-27,720.73,54453977,713053140.2,11881.6,6.580264587260802,9.38274626398276,-0.4043262822810867,-0.46426200241622695,0,0,0,1
2025-11-28,719.87,21980219,1104897472.19,11902.3,6.579070640152429,9.384486937734891,-0.11939471083737274,0.1740673752131272,0,0,0,1
2025-12-01,722.71,431223240,14809273249.74,11940.95,6.583008035193344,9.387728948270619,0.39373950409151703,0.32420105357271467,0,0,0,1
2025-12-02,720.36,32425382,144421862.62,11895.57,6.579751087051752,9.383921340882786,-0.3256948141591387,-0.380760738783259,0,0,0,1
2025-12-03,720.25,25948830,359878658.06,11880.93,6.579598373964638,9.382689872680977,-0.015271308711461984,-0.12314682018086387,0,0,0,1
2025-12-04,729.92,114704638,161034334.07,11912.38,6.592934939096023,9.385333474459465,1.3336565131385036,0.26436017784874366,0,0,0,1
2025-12-05,696.01,5595202,97584631.84,11963.23,6.545364028047295,9.389593057932757,-4.757091104872746,0.4259583473292139,0,0,0,1
2025-12-09,698.51,32899986,609945281.11,11990.09,6.5489494949868075,9.3918357542486,0.35854669395121164,0.22426963158430624,0,0,0,1
2025-12-10,701.24,12207019,156751617.1,12003.18,6.552850196485673,9.392926893663839,0.39007014988658995,0.10911394152390841,0,0,0,1
2025-12-11,710.67,23234435,556281786.04,12020.9,6.5662081870381455,9.394402080494176,1.335799055247211,0.1475186830337094,0,0,0,1
2025-12-12,712.1,31831761,249141749.2,12047.45,6.568218350988079,9.396608298267237,0.20101639499339186,0.220621777306107,0,0,0,1
2025-12-15,712.0,36720565,407760909.34,12097.93,6.568077911411976,9.400789642569777,-0.014043957610354596,0.4181344302539358,0,0,0,1
2025-12-16,710.34,18134119,176021533.43,12130.01,6.5657437286516,9.403437826340065,-0.23341827603760024,0.2648183770288526,0,0,0,1
2025-12-17,711.37,26563093,446604376.43,12105.56,6.567192688256872,9.40142013017737,0.14489596052724707,-0.201769616269587,0,0,0,1
2025-12-18,713.4,44201231,942701895.34,12059.78,6.570042272924791,9.397631227992067,0.28495846679188475,-0.37889021853025895,0,0,0,1
2025-12-19,704.9,54124583,1192048245.92,12021.61,6.55805594877983,9.394461142547199,-1.1986324144960925,-0.3170085444867965,0,0,0,1
2025-12-22,704.14,44192325,787129688.27,11996.14,6.556977200023654,9.392340210357652,-0.10787487561758624,-0.2120932189546565,0,0,0,1
2025-12-23,717.99,36951406,806053956.51,12010.43,6.576455641374633,9.393530717930185,1.9478441350978315,0.11905075725326952,0,0,0,1
2025-12-24,737.97,73139392,1102777270.23,12052.33,6.603903173367718,9.397013281222824,2.7447531993085583,0.3482563292639185,0,0,0,1
2025-12-25,742.79,27326533,141847613.73,12067.6,6.610413366813885,9.398279454220845,0.6510193446167101,0.1266172998020565,0,0,0,1
2025-12-26,721.73,48145624,349840975.92,12078.47,6.581651107733056,9.399179807838165,-2.876225908082919,0.09003536173199933,0,0,0,1
2025-12-29,738.1,22254283,1412380034.47,12057.32,6.604079316776007,9.397427223363938,2.242820904295062,-0.17525844742269925,0,0,0,1
2025-12-30,744.07,31330762,153953356.6,12025.33,6.612135116428785,9.394770537424858,0.8055799652778362,-0.26566859390797504,0,0,0,1
2026-01-05,747.78,539335762,237447869.82,11937.6,6.617108817066341,9.387448361717249,0.4973700637555645,-0.7322175707608736,0,0,0,1
2026-01-06,730.38,107803190,227048128.84,11952.24,6.59356494664956,9.388673987492277,-2.354387041678052,0.12256257750280497,0,0,0,1
2026-01-07,722.14,832502525,201623427.84,11968.59,6.582219025912698,9.390040997127487,-1.1345920736862247,0.13670096352100813,0,0,0,1
2026-01-08,736.45,351711461,469476831.85,12033.28,6.601841344935552,9.395431423510077,1.9622319022854384,0.5390426382589908,0,0,0,1
2026-01-09,751.17,254744467,673708033.89,12109.02,6.6216319909943495,9.401705908417053,1.9790646058797101,0.6274484906976241,0,0,0,1
2026-01-12,752.2,219209733,486290154.76,12131.55,6.623002246036236,9.403564776132416,0.13702550418868142,0.18588677153630329,0,0,0,1
2026-01-13,758.64,212434529,361435804.1,12099.18,6.6315273565754715,9.400892960693396,0.8525110539235214,-0.26718154390206195,0,0,0,1
2026-01-14,742.85,192452855,497663648.12,12048.04,6.610494140083362,9.396657270087285,-2.103321649210965,-0.42356906061105093,0,0,0,1
2026-01-15,764.97,166386113,649922753.21,12001.71,6.639836617371306,9.392804418617978,2.9342477287944035,-0.38528514693076943,0,0,0,1
2026-01-16,776.91,161782546,908879961.11,11969.66,6.6553245135429915,9.390130393804414,1.5487896171685556,-0.26740248135634914,0,0,0,1
2026-01-19,786.66,297921239,1145694119.81,11962.78,6.6677961347393655,9.389555441965861,1.2471621196374016,-0.057495183855316156,0,0,0,1
2026-01-20,783.19,141247923,1003438499.73,12051.71,6.663375323004042,9.396961837564405,-0.44208117353239373,0.7406395598543725,0,0,0,1
2026-01-21,777.83,161650243,2385103831.88,12073.29,6.656507991304393,9.398750853585604,-0.6867331699648815,0.17890160211990747,0,0,0,1
2026-01-22,784.22,95050040,990036973.21,12122.07,6.664689593231054,9.402783037119207,0.8181601926660953,0.40321835336030176,0,0,0,1
2026-01-23,784.77,62167114,366621767.02,12136.92,6.665390681220815,9.404007325669955,0.07010879897615396,0.12242885507482981,0,0,0,1
2026-01-26,766.51,154809187,411512765.66,12084.95,6.641847744541183,9.39971615576866,-2.3542936679632476,-0.42911699012950777,0,0,0,1
2026-01-27,768.97,61848521,234597914.24,12098.12,6.645051957041157,9.400805347612541,0.3204212499974268,0.10891918438815651,0,0,0,1
2026-01-28,779.16,86140011,404228980.13,12128.02,6.658216416308395,9.40327375695731,1.3164459267238193,0.24684093447682187,0,0,0,1
2026-01-29,772.93,70875369,934980314.51,12168.98,6.650188488212699,9.40664536981503,-0.8027928095696524,0.3371612857719697,0,0,0,1
2026-01-30,781.64,53803472,678061841.58,12199.1,6.661394276491743,9.409117457508367,1.120578827904417,0.24720876933379543,0,0,0,1
2026-02-02,772.17,61944281,569145801.9,12225.16,6.649204733036604,9.411251402191986,-1.2189543455138896,0.2133944683619049,0,0,0,1
2026-02-03,770.89,6665987,1225844212.68,12242.17,6.647545691529998,9.412641827934431,-0.16590415066062292,0.13904257424446342,0,0,0,1
2026-02-04,765.39,46739706,273118890.87,12258.38,6.640385507842234,9.413965063728341,-0.71601836877635,0.1323235793909916,0,0,0,1
2026-02-05,774.26,121333026,846642799.57,12265.77,6.6519077344948,9.41456773499105,1.1522226652565415,0.06026712627082986,0,0,0,1
2026-02-06,767.41,54017980,900667603.22,12279.48,6.643021208741762,9.415684855527674,-0.8886525753037944,0.11171205366249382,0,0,0,1
2026-02-09,751.48,39176986,699237777.69,12303.16,6.622044595399098,9.417611418933745,-2.0976613342663875,0.19265634060712244,0,0,0,1
2026-02-10,779.88,39278648,404481656.15,12320.34,6.6591400616942575,9.419006834109307,3.7095466295159696,0.13954151755619648,0,0,0,1
2026-02-11,785.82,22655532,586790931.37,12309.99,6.666727758569366,9.418166406830485,0.758769687510874,-0.08404272788222755,0,0,0,1
2026-02-12,776.37,165494509,320030037.31,12287.31,6.654629210671963,9.416322301467101,-1.2098547897402945,-0.18441053633839743,0,0,0,1
2026-02-13,786.48,57677202,4584660528.35,12275.58,6.667567293058669,9.415367202055617,1.2938082386705574,-0.0955099411484639,0,0,0,1
2026-02-16,798.96,69249747,721022426.16,12220.98,6.683310881934879,9.410909425909372,1.5743588876210524,-0.4457776146244541,0,0,0,1
2026-02-17,811.78,290105112,2604223664.28,12191.3,6.699229367491308,9.408477861579978,1.591848555642894,-0.24315643293935096,0,0,0,1
2026-02-18,804.75,43163314,2381467591.81,12137.86,6.690531670178918,9.404084772303909,-0.8697697312390673,-0.4393089276069517,0,0,0,1
2026-02-19,797.19,72112071,449124291.29,12132.48,6.6810930443563015,9.403641432813146,-0.9438625822616231,-0.04433394907632504,0,0,0,1
2026-02-20,804.79,321094247,279702930.04,12169.41,6.6905813738209625,9.406680704937857,0.9488329464661049,0.3039272124711445,0,0,0,1
2026-02-23,806.15,630422080,476570196.77,12212.79,6.6922698294097485,9.410239042230822,0.1688455588785942,0.35583372929650636,0,0,0,1
2026-02-24,807.69,77425201,1015351646.03,12236.13,6.694178321537139,9.41214832960141,0.19084921273906374,0.19092873705872648,0,0,0,1
2026-02-25,805.96,254259885,291152651.69,12187.68,6.692034113483565,9.408180884427807,-0.21442080535738484,-0.39674451736022576,0,0,0,1
2026-02-26,836.13,336934596,6134622811.55,12137.1,6.728784103387802,9.404022156340773,3.674998990423717,-0.41587280870345467,0,0,0,1
2026-02-27,843.52,120361802,369374053.6,12136.57,6.737583612434033,9.403978487624826,0.8799509046230725,-0.0043668715946409975,0,0,0,1
2026-03-02,838.37,165313957,180869518.96,12172.18,6.731459530483823,9.40690829894564,-0.612408195020997,0.2929811320813158,0,0,0,1
2026-03-03,865.61,240098910,380424727.58,12190.57,6.7634344607057075,9.408417981021168,3.1974930221884357,0.15096820755289286,0,0,0,1
2026-03-04,898.58,278293524,5674387304.9,12209.86,6.800815739544393,9.40999910102755,3.738127883868536,0.15811200063815534,0,0,0,1
2026-03-05,878.11,40966156,362924460.88,12179.81,6.77777187052568,9.407534941799032,-2.304386901871247,-0.24641592285181702,0,0,0,1
2026-03-06,876.26,141505259,155644211.37,12175.53,6.775662850551869,9.407183478830824,-0.21090199738118542,-0.035146296820798284,0,0,0,1
2026-03-10,875.1,256137907,1620097696.05,12191.25,6.774338165541786,9.408473760286224,-0.132468501008276,0.12902814554003328,0,0,0,1
2026-03-11,869.44,197486500,7892832189.52,12158.13,6.767849326237983,9.405753360799618,-0.6488839303802507,-0.2720399486605629,0,0,0,1
2026-03-12,917.61,269872530,545961490.22,12135.76,6.8217724637505475,9.40391174495939,5.392313751256417,-0.18416158402292382,0,0,0,1
2026-03-13,924.43,546328246,1372659707.17,12102.39,6.829177331356964,9.401158232741352,0.7404867606416232,-0.2753512218037102,0,0,0,1
2026-03-16,878.31,304835320,401290492.27,12081.63,6.777999606489589,9.399441396160897,-5.117772486737504,-0.17168365804547392,0,0,0,1
2026-03-17,926.82,259344140,327535479.4,12091.22,6.831759371954215,9.400234848360627,5.375976546462624,0.07934521997299271,0,0,0,1
2026-03-18,916.04,260752334,372801455.66,12129.01,6.820060031842976,9.403355382778818,-1.1699340111238854,0.31205344181906014,0,0,0,1
2026-03-19,914.61,99117128,930420390.43,12178.85,6.8184977449057085,9.40745611972914,-0.15622869372675652,0.41007369503223146,0,0,0,1
2026-03-24,874.25,127030063,1397714967.12,12192.06,6.7733663759434855,9.40854019917416,-4.513136896222303,0.10840794450199809,0,0,0,1
2026-03-25,875.47,42709860,342953701.26,12196.0,6.774760885005171,9.408863308108145,0.13945090616855893,0.03231089339852389,0,0,0,1
2026-03-26,876.67,76428533,331398044.91,12171.61,6.776130638777841,9.406861469754284,0.13697537726695685,-0.20018383538609186,0,0,0,1
2026-03-27,876.86,118803895,911036729.28,12179.87,6.776347344509415,9.407539867972117,0.02167057315745069,0.06783982178326653,0,0,0,1
2026-03-30,879.2,127098806,341900375.9,12195.5,6.779012403089411,9.40882231021953,0.26650585799963267,0.12824422474135844,0,0,0,1
2026-03-31,891.4,166979360,364685649.34,12210.71,6.792793260512456,9.410068714472308,1.3780857423044246,0.12464042527771113,0,0,0,1
2026-04-01,890.47,783232347,554689290.18,12194.21,6.791749413223433,9.408716527903858,-0.10438472890230699,-0.13521865684502643,0,0,0,1
2026-04-02,889.51,390363676,529422423.0,12142.1,6.790670749313635,9.404434031531938,-0.10786639097979389,-0.4282496371919464,0,0,0,1
2026-04-03,914.5,214866814,863494902.33,12149.84,6.818377467830921,9.405071279957706,2.77067185172859,0.06372484257681776,0,0,0,1
2026-04-06,914.18,223301588,371425360.75,12170.67,6.818027488607364,9.406784237876215,-0.03499792235563959,0.1712957918508451,0,0,0,1
2026-04-07,925.84,152711825,319241281.02,12175.34,6.830701433539822,9.407167873638894,1.2673944932457992,0.038363576267919086,0,0,0,1
2026-04-08,922.69,171576452,299452413.51,12208.08,6.8272933167670296,9.409853306582715,-0.3408116772792624,0.26854329438208424,0,0,0,1
2026-04-09,943.08,131812432,189701398.57,12228.58,6.849151114666084,9.411531114008854,2.1857797899054177,0.16778074261392106,0,0,0,1
2026-04-10,938.88,248619954,2341232274.39,12198.28,6.844687675514562,9.409050237175668,-0.44634391515216976,-0.24808768331858744,0,0,0,1
2026-04-13,937.57,2946485146,744415699.16,12158.59,6.843291421723816,9.405791194849611,-0.13962537907463712,-0.32590423260572265,0,0,0,1
2026-04-14,934.12,175090496,912894608.16,12126.1,6.839604909633426,9.403115433340208,-0.36865120903897264,-0.2675761509403074,0,0,0,1
2026-04-15,955.53,140192432,1094917452.71,12141.38,6.862266160361701,9.404374731958713,2.266125072827485,0.12592986185051558,0,0,0,1
2026-04-16,957.93,479097105,1245924478.1,12190.43,6.864774706407671,9.408406496668597,0.25085460459699505,0.40317647098842,0,0,0,1
2026-04-17,957.09,380948270,946394716.03,12165.24,6.863897430918253,9.406337983752977,-0.08772754894179613,-0.20685129156206017,0,0,0,1
2026-04-20,909.73,638014267,1128663937.18,12128.46,6.8131478521890605,9.40331003592277,-5.074957872919228,-0.30279478302066565,0,0,0,1
2026-04-21,944.46,21771083,1431707736.73,12097.33,6.850613335594785,9.400740046078553,3.746548340572442,-0.2569989844216636,0,0,0,1
2026-04-22,905.74,20073452,553128268.12,12060.55,6.808752289140129,9.397695074548086,-4.186104645465605,-0.3044971530467677,0,0,0,1
2026-04-23,946.87,39242745,1219722835.69,12042.49,6.853161808155739,9.39619650811167,4.440951901560997,-0.14985664364157714,0,0,0,1
2026-04-24,947.18,26209365,841021455.74,12015.96,6.8534891490419545,9.393991045103569,0.03273408862156657,-0.2205463008101205,0,0,0,1
2026-04-27,951.41,32247126,2691811883.26,12020.48,6.857945094769094,9.39436714073614,0.44559457271393654,0.03760956325713494,0,0,0,1
2026-04-28,905.2,27375514,918732364.01,12072.96,6.808155913759382,9.398723520148733,-4.978918100971175,0.43563794125933697,0,0,0,1
2026-04-29,907.39,172466001,132299198310.71,12029.2,6.810572346671011,9.395092306341846,0.24164329116285188,-0.36312138068872457,0,0,0,1
2026-04-30,890.53,72746990,434392171.14,11974.79,6.791816791101056,9.390558885590902,-1.8755555569955007,-0.4533420750943762,0,0,0,1
